Timestamp,Node ID,Suhu (C),Kelembapan (%RH),Tekanan (hPa),Kecepatan Angin (m/s),Arah Angin (derajat),Cahaya (lux),Radiasi (W/m2),PM2.5 (ug/m3),PM10 (ug/m3),Ion Negatif (pcs/cm3)
"30/7/2026, 00.00.00","E32_WS (Sector A)","28.43","66.91","101.08","0.49","326","50.12","2","0","0","1","138"
"30/7/2026, 00.00.05","E32_WS (Sector A)","28.42","67.02","101.08","0.49","324","50.12","2","0","0","1","138"
"30/7/2026, 00.00.10","E32_WS (Sector A)","28.43","67.09","101.09","0.5","328","50.12","2","0","0","1","138"
"30/7/2026, 00.00.15","E32_WS (Sector A)","28.43","67.12","101.09","0.45","329","50.12","2","0","0","1","138"
"30/7/2026, 00.00.20","E32_WS (Sector A)","28.43","67.1","101.09","0.49","340","50.12","2","0","0","1","138"
"30/7/2026, 00.00.25","E32_WS (Sector A)","28.43","67.08","101.09","0.53","340","50.12","2","0","0","1","138"
"30/7/2026, 00.00.30","E32_WS (Sector A)","28.43","67.04","101.08","0.49","341","50.12","2","0","0","1","138"
"30/7/2026, 00.00.35","E32_WS (Sector A)","28.43","67.01","101.09","0.4","343","50.12","2","0","0","1","138"
"30/7/2026, 00.00.40","E32_WS (Sector A)","28.43","66.97","101.09","0.38","342","50.12","2","0","0","1","138"
"30/7/2026, 00.00.45","E32_WS (Sector A)","28.43","66.92","101.09","0.45","330","50.12","2","0","0","1","138"
"30/7/2026, 00.00.50","E32_WS (Sector A)","28.43","66.98","101.09","0.5","322","50.12","2","0","0","1","138"
"30/7/2026, 00.00.55","E32_WS (Sector A)","28.43","67.02","101.09","0.45","327","50.12","2","0","0","1","138"
"30/7/2026, 00.01.00","E32_WS (Sector A)","28.42","67.05","101.08","0.44","326","50.12","2","0","0","1","138"
"30/7/2026, 00.01.05","E32_WS (Sector A)","28.43","67.07","101.09","0.44","327","50.12","2","0","0","1","138"
"30/7/2026, 00.01.10","E32_WS (Sector A)","28.42","67.09","101.09","0.39","345","50.12","2","0","0","1","138"
"30/7/2026, 00.01.15","E32_WS (Sector A)","28.43","67.04","101.09","0.38","352","50.12","2","0","0","1","138"
"30/7/2026, 00.01.20","E32_WS (Sector A)","28.43","66.98","101.09","0.49","345","50.12","2","0","0","1","138"
"30/7/2026, 00.01.25","E32_WS (Sector A)","28.43","66.96","101.09","0.48","342","50.12","2","0","0","1","138"
"30/7/2026, 00.01.30","E32_WS (Sector A)","28.43","67","101.09","0.45","326","50.12","2","0","0","1","138"
"30/7/2026, 00.01.35","E32_WS (Sector A)","28.43","67.08","101.09","0.45","328","50.12","2","0","0","1","138"
"30/7/2026, 00.01.40","E32_WS (Sector A)","28.43","67.1","101.08","0.42","332","50.12","2","0","0","1","138"
"30/7/2026, 00.01.45","E32_WS (Sector A)","28.43","67.12","101.09","0.43","326","50.12","2","0","0","1","138"
"30/7/2026, 00.01.50","E32_WS (Sector A)","28.43","67.12","101.08","0.42","337","50.12","2","0","0","1","138"
"30/7/2026, 00.01.55","E32_WS (Sector A)","28.42","67.09","101.08","0.46","331","50.12","2","0","0","1","138"
"30/7/2026, 00.02.00","E32_WS (Sector A)","28.42","67.09","101.08","0.46","334","50.12","2","0","0","1","138"
"30/7/2026, 00.02.05","E32_WS (Sector A)","28.42","67.08","101.09","0.45","336","50.12","2","0","0","1","138"
"30/7/2026, 00.02.10","E32_WS (Sector A)","28.43","67.07","101.09","0.48","339","50.12","2","0","0","1","138"
"30/7/2026, 00.02.15","E32_WS (Sector A)","28.43","67.08","101.09","0.48","342","50.12","2","0","0","1","138"
"30/7/2026, 00.02.20","E32_WS (Sector A)","28.43","67.07","101.09","0.47","332","50.12","2","0","0","1","138"
"30/7/2026, 00.02.25","E32_WS (Sector A)","28.43","67.07","101.09","0.41","320","50.12","2","0","0","1","138"
"30/7/2026, 00.02.30","E32_WS (Sector A)","28.42","67.12","101.09","0.49","331","50.12","2","0","0","1","138"
"30/7/2026, 00.02.35","E32_WS (Sector A)","28.42","67.12","101.09","0.46","327","50.12","2","0","0","1","138"
"30/7/2026, 00.02.40","E32_WS (Sector A)","28.42","67.11","101.09","0.46","336","50.12","2","0","0","1","138"
"30/7/2026, 00.02.45","E32_WS (Sector A)","28.42","67.1","101.09","0.49","342","50.12","2","0","0","1","138"
"30/7/2026, 00.02.50","E32_WS (Sector A)","28.42","67.06","101.09","0.5","346","50.12","2","0","0","1","138"
"30/7/2026, 00.02.55","E32_WS (Sector A)","28.42","67.02","101.09","0.52","348","50.12","2","0","0","1","138"
"30/7/2026, 00.03.00","E32_WS (Sector A)","28.42","67.01","101.09","0.44","7","50.12","2","0","0","1","138"
"30/7/2026, 00.03.05","E32_WS (Sector A)","28.42","66.97","101.09","0.43","355","50.12","2","0","0","1","138"
"30/7/2026, 00.03.10","E32_WS (Sector A)","28.42","66.91","101.09","0.32","346","50.12","2","0","0","1","138"
"30/7/2026, 00.03.15","E32_WS (Sector A)","28.43","66.89","101.09","0.44","346","50.12","2","0","0","1","138"
"30/7/2026, 00.03.20","E32_WS (Sector A)","28.43","66.89","101.09","0.4","356","50.12","2","0","0","1","138"
"30/7/2026, 00.03.25","E32_WS (Sector A)","28.43","66.86","101.09","0.47","341","50.12","2","0","0","1","138"
"30/7/2026, 00.03.30","E32_WS (Sector A)","28.43","66.96","101.09","0.37","323","50.12","2","0","0","1","138"
"30/7/2026, 00.03.35","E32_WS (Sector A)","28.42","67.07","101.09","0.4","326","50.12","2","0","0","1","138"
"30/7/2026, 00.03.40","E32_WS (Sector A)","28.42","67.12","101.08","0.39","332","50.12","2","0","0","1","138"
"30/7/2026, 00.03.45","E32_WS (Sector A)","28.42","67.1","101.09","0.37","340","50.12","2","0","0","1","138"
"30/7/2026, 00.03.50","E32_WS (Sector A)","28.42","67.06","101.09","0.37","348","50.12","2","0","0","1","138"
"30/7/2026, 00.03.55","E32_WS (Sector A)","28.42","67.02","101.09","0.41","346","50.12","2","0","0","1","138"
"30/7/2026, 00.04.00","E32_WS (Sector A)","28.42","66.99","101.08","0.41","344","50.12","2","0","0","1","138"
"30/7/2026, 00.04.05","E32_WS (Sector A)","28.43","66.95","101.09","0.42","337","50.12","2","0","0","1","138"
"30/7/2026, 00.04.10","E32_WS (Sector A)","28.43","66.99","101.09","0.44","336","50.12","2","0","0","1","138"
"30/7/2026, 00.04.15","E32_WS (Sector A)","28.43","66.99","101.09","0.55","345","50.12","2","0","0","1","138"
"30/7/2026, 00.04.20","E32_WS (Sector A)","28.42","66.94","101.09","0.44","345","50.12","2","0","0","1","138"
"30/7/2026, 00.04.25","E32_WS (Sector A)","28.43","66.92","101.09","0.4","344","50.12","2","0","0","1","138"
"30/7/2026, 00.04.30","E32_WS (Sector A)","28.43","66.92","101.09","0.4","347","50.12","2","0","0","1","138"
"30/7/2026, 00.04.35","E32_WS (Sector A)","28.43","66.89","101.09","0.36","343","50.12","2","0","0","1","138"
"30/7/2026, 00.04.40","E32_WS (Sector A)","28.43","66.86","101.09","0.39","335","50.12","2","0","0","1","138"
"30/7/2026, 00.04.45","E32_WS (Sector A)","28.42","66.93","101.09","0.43","317","50.12","2","0","0","1","138"
"30/7/2026, 00.04.50","E32_WS (Sector A)","28.43","67.06","101.09","0.4","329","50.12","2","0","0","1","138"
"30/7/2026, 00.04.55","E32_WS (Sector A)","28.43","67.09","101.09","0.41","335","50.12","2","0","0","1","138"
"30/7/2026, 00.05.00","E32_WS (Sector A)","28.43","67.1","101.09","0.44","332","50.12","2","0","0","1","138"
"30/7/2026, 00.05.05","E32_WS (Sector A)","28.42","67.09","101.09","0.47","332","50.12","2","0","0","1","138"
"30/7/2026, 00.05.10","E32_WS (Sector A)","28.43","67.12","101.09","0.54","337","50.12","2","0","0","1","138"
"30/7/2026, 00.05.15","E32_WS (Sector A)","28.43","67.09","101.09","0.47","353","50.12","2","0","0","1","138"
"30/7/2026, 00.05.20","E32_WS (Sector A)","28.43","67.09","101.09","0.46","336","50.12","2","0","0","1","138"
"30/7/2026, 00.05.25","E32_WS (Sector A)","28.42","67.08","101.09","0.45","341","50.12","2","0","0","1","138"
"30/7/2026, 00.05.30","E32_WS (Sector A)","28.42","67.08","101.09","0.49","343","50.12","2","0","0","1","138"
"30/7/2026, 00.05.35","E32_WS (Sector A)","28.43","67.07","101.09","0.54","344","50.12","2","0","0","1","138"
"30/7/2026, 00.05.40","E32_WS (Sector A)","28.42","67.02","101.09","0.43","350","50.12","2","0","0","1","138"
"30/7/2026, 00.05.45","E32_WS (Sector A)","28.43","66.98","101.09","0.45","356","50.12","2","0","0","1","138"
"30/7/2026, 00.05.50","E32_WS (Sector A)","28.43","66.97","101.09","0.51","345","50.12","2","0","0","1","138"
"30/7/2026, 00.05.55","E32_WS (Sector A)","28.43","66.98","101.09","0.41","332","50.12","2","0","0","1","138"
"30/7/2026, 00.06.00","E32_WS (Sector A)","28.43","67.04","101.09","0.39","328","50.12","2","0","0","1","138"
"30/7/2026, 00.06.05","E32_WS (Sector A)","28.43","67.09","101.09","0.4","326","50.12","2","0","0","1","138"
"30/7/2026, 00.06.10","E32_WS (Sector A)","28.43","67.14","101.09","0.39","335","50.12","2","0","0","1","138"
"30/7/2026, 00.06.15","E32_WS (Sector A)","28.42","67.14","101.09","0.42","329","50.12","2","0","0","1","138"
"30/7/2026, 00.06.20","E32_WS (Sector A)","28.43","67.15","101.09","0.39","337","50.12","2","0","0","1","138"
"30/7/2026, 00.06.25","E32_WS (Sector A)","28.42","67.14","101.09","0.44","333","50.12","2","0","0","1","138"
"30/7/2026, 00.06.30","E32_WS (Sector A)","28.43","67.12","101.09","0.44","339","50.12","2","0","0","1","138"
"30/7/2026, 00.06.35","E32_WS (Sector A)","28.43","67.08","101.09","0.41","338","50.12","2","0","0","1","138"
"30/7/2026, 00.06.40","E32_WS (Sector A)","28.42","67.04","101.09","0.42","347","50.12","2","0","0","1","138"
"30/7/2026, 00.06.45","E32_WS (Sector A)","28.42","67.01","101.09","0.4","336","50.12","2","0","0","1","138"
"30/7/2026, 00.06.50","E32_WS (Sector A)","28.42","67","101.09","0.38","332","50.12","2","0","0","1","138"
"30/7/2026, 00.06.55","E32_WS (Sector A)","28.43","67.03","101.09","0.43","331","50.12","2","0","0","1","138"
"30/7/2026, 00.07.00","E32_WS (Sector A)","28.43","67.09","101.09","0.44","329","50.12","2","0","0","1","138"
"30/7/2026, 00.07.05","E32_WS (Sector A)","28.42","67.12","101.09","0.46","328","50.12","2","0","0","1","138"
"30/7/2026, 00.07.10","E32_WS (Sector A)","28.42","67.14","101.09","0.53","331","50.12","2","0","0","1","138"
"30/7/2026, 00.07.15","E32_WS (Sector A)","28.42","67.18","101.09","0.53","336","50.12","2","0","0","1","138"
"30/7/2026, 00.07.20","E32_WS (Sector A)","28.42","67.16","101.09","0.55","339","50.12","2","0","0","1","138"
"30/7/2026, 00.07.25","E32_WS (Sector A)","28.42","67.14","101.09","0.51","346","50.12","2","0","0","1","138"
"30/7/2026, 00.07.30","E32_WS (Sector A)","28.42","67.09","101.09","0.43","345","50.12","2","0","0","1","138"
"30/7/2026, 00.07.35","E32_WS (Sector A)","28.42","67.09","101.09","0.49","335","50.12","2","0","0","1","138"
"30/7/2026, 00.07.40","E32_WS (Sector A)","28.42","67.13","101.09","0.51","326","50.12","2","0","0","1","138"
"30/7/2026, 00.07.45","E32_WS (Sector A)","28.41","67.19","101.09","0.44","322","50.12","2","0","0","1","138"
"30/7/2026, 00.07.50","E32_WS (Sector A)","28.42","67.2","101.09","0.41","347","50.12","2","0","0","1","138"
"30/7/2026, 00.07.55","E32_WS (Sector A)","28.42","67.18","101.09","0.39","330","50.12","2","0","0","1","138"
"30/7/2026, 00.08.00","E32_WS (Sector A)","28.42","67.18","101.09","0.37","350","50.12","2","0","0","1","138"
"30/7/2026, 00.08.05","E32_WS (Sector A)","28.42","67.14","101.09","0.4","340","50.12","2","0","0","1","138"
"30/7/2026, 00.08.10","E32_WS (Sector A)","28.42","67.14","101.09","0.48","324","50.12","2","0","0","1","138"
"30/7/2026, 00.08.15","E32_WS (Sector A)","28.41","67.18","101.09","0.51","325","50.12","2","0","0","1","138"
"30/7/2026, 00.08.20","E32_WS (Sector A)","28.41","67.18","101.09","0.43","331","50.12","2","0","0","1","138"
"30/7/2026, 00.08.25","E32_WS (Sector A)","28.41","67.19","101.09","0.44","333","50.12","2","0","0","1","138"
"30/7/2026, 00.08.30","E32_WS (Sector A)","28.41","67.19","101.09","0.45","343","50.12","2","0","0","1","138"
"30/7/2026, 00.08.35","E32_WS (Sector A)","28.41","67.18","101.09","0.48","342","50.12","2","0","0","1","138"
"30/7/2026, 00.08.40","E32_WS (Sector A)","28.41","67.15","101.09","0.5","341","50.12","2","0","0","1","138"
"30/7/2026, 00.08.45","E32_WS (Sector A)","28.41","67.18","101.09","0.49","329","50.12","2","0","0","1","138"
"30/7/2026, 00.08.50","E32_WS (Sector A)","28.41","67.21","101.09","0.51","330","50.12","2","0","0","1","138"
"30/7/2026, 00.08.55","E32_WS (Sector A)","28.41","67.23","101.09","0.46","335","50.12","2","0","0","1","138"
"30/7/2026, 00.09.00","E32_WS (Sector A)","28.41","67.22","101.09","0.5","346","50.12","2","0","0","1","138"
"30/7/2026, 00.09.05","E32_WS (Sector A)","28.4","67.19","101.09","0.48","345","50.12","2","0","0","1","138"
"30/7/2026, 00.09.10","E32_WS (Sector A)","28.4","67.19","101.09","0.56","336","50.12","2","0","0","1","138"
"30/7/2026, 00.09.15","E32_WS (Sector A)","28.41","67.18","101.09","0.53","340","50.12","2","0","0","1","138"
"30/7/2026, 00.09.20","E32_WS (Sector A)","28.4","67.15","101.09","0.54","331","50.12","2","0","0","1","138"
"30/7/2026, 00.09.25","E32_WS (Sector A)","28.41","67.2","101.09","0.56","333","50.12","2","0","0","1","138"
"30/7/2026, 00.09.30","E32_WS (Sector A)","28.4","67.22","101.09","0.46","333","50.12","2","0","0","1","138"
"30/7/2026, 00.09.35","E32_WS (Sector A)","28.41","67.21","101.09","0.35","340","50.12","2","0","0","1","138"
"30/7/2026, 00.09.40","E32_WS (Sector A)","28.4","67.13","101.09","0.35","355","50.12","2","0","0","1","138"
"30/7/2026, 00.09.45","E32_WS (Sector A)","28.41","67.07","101.09","0.4","355","50.12","2","0","0","1","138"
"30/7/2026, 00.09.50","E32_WS (Sector A)","28.41","67.02","101.09","0.36","350","50.12","2","0","0","1","138"
"30/7/2026, 00.09.55","E32_WS (Sector A)","28.41","67","101.09","0.33","355","50.12","2","0","0","1","138"
"30/7/2026, 00.10.00","E32_WS (Sector A)","28.4","67","101.09","0.33","345","50.12","2","0","0","1","138"
"30/7/2026, 00.10.05","E32_WS (Sector A)","28.41","67.03","101.09","0.41","341","50.12","2","0","0","1","138"
"30/7/2026, 00.10.10","E32_WS (Sector A)","28.41","67.02","101.09","0.4","338","50.12","2","0","0","1","138"
"30/7/2026, 00.10.15","E32_WS (Sector A)","28.4","67.01","101.09","0.44","334","50.12","2","0","0","1","138"
"30/7/2026, 00.10.20","E32_WS (Sector A)","28.41","67.04","101.09","0.39","340","50.12","2","0","0","1","138"
"30/7/2026, 00.10.25","E32_WS (Sector A)","28.41","67.04","101.09","0.44","328","50.12","2","0","0","1","138"
"30/7/2026, 00.10.30","E32_WS (Sector A)","28.41","67.14","101.09","0.43","328","50.12","2","0","0","1","138"
"30/7/2026, 00.10.35","E32_WS (Sector A)","28.4","67.19","101.09","0.42","327","50.12","2","0","0","1","138"
"30/7/2026, 00.10.40","E32_WS (Sector A)","28.4","67.22","101.09","0.43","328","50.12","2","0","0","1","138"
"30/7/2026, 00.10.45","E32_WS (Sector A)","28.4","67.24","101.09","0.44","325","50.12","2","0","0","1","138"
"30/7/2026, 00.10.50","E32_WS (Sector A)","28.4","67.25","101.09","0.46","331","50.12","2","0","0","1","138"
"30/7/2026, 00.10.55","E32_WS (Sector A)","28.4","67.25","101.09","0.4","340","50.12","2","0","0","1","138"
"30/7/2026, 00.11.00","E32_WS (Sector A)","28.4","67.21","101.09","0.36","338","50.12","2","0","0","1","138"
"30/7/2026, 00.11.05","E32_WS (Sector A)","28.4","67.17","101.09","0.33","333","50.12","2","0","0","1","138"
"30/7/2026, 00.11.10","E32_WS (Sector A)","28.4","67.17","101.09","0.39","329","50.12","2","0","0","1","138"
"30/7/2026, 00.11.15","E32_WS (Sector A)","28.4","67.16","101.09","0.45","4","50.12","2","0","0","1","138"
"30/7/2026, 00.11.20","E32_WS (Sector A)","28.4","67.12","101.09","0.53","347","50.12","2","0","0","1","138"
"30/7/2026, 00.11.25","E32_WS (Sector A)","28.4","67.08","101.08","0.38","347","50.12","2","0","0","1","138"
"30/7/2026, 00.11.30","E32_WS (Sector A)","28.4","67.05","101.08","0.37","342","50.12","2","0","0","1","138"
"30/7/2026, 00.11.35","E32_WS (Sector A)","28.4","67.03","101.08","0.42","338","50.12","2","0","0","1","138"
"30/7/2026, 00.11.40","E32_WS (Sector A)","28.4","67.01","101.08","0.45","346","50.12","2","0","0","1","138"
"30/7/2026, 00.11.45","E32_WS (Sector A)","28.4","66.99","101.08","0.45","351","50.12","2","0","0","1","138"
"30/7/2026, 00.11.50","E32_WS (Sector A)","28.4","66.99","101.08","0.45","353","50.12","2","0","0","1","138"
"30/7/2026, 00.11.55","E32_WS (Sector A)","28.4","66.98","101.08","0.48","345","50.12","2","0","0","1","138"
"30/7/2026, 00.12.00","E32_WS (Sector A)","28.4","67.02","101.09","0.43","337","50.12","2","0","0","1","138"
"30/7/2026, 00.12.05","E32_WS (Sector A)","28.39","67.05","101.08","0.48","341","50.12","2","0","0","1","138"
"30/7/2026, 00.12.10","E32_WS (Sector A)","28.4","67.03","101.08","0.48","334","50.12","2","0","0","1","138"
"30/7/2026, 00.12.15","E32_WS (Sector A)","28.4","67.06","101.09","0.44","332","50.12","2","0","0","1","138"
"30/7/2026, 00.12.20","E32_WS (Sector A)","28.4","67.11","101.09","0.45","331","50.12","2","0","0","1","138"
"30/7/2026, 00.12.25","E32_WS (Sector A)","28.4","67.14","101.08","0.45","331","50.12","2","0","0","1","138"
"30/7/2026, 00.12.30","E32_WS (Sector A)","28.4","67.16","101.09","0.45","335","50.12","2","0","0","1","138"
"30/7/2026, 00.12.35","E32_WS (Sector A)","28.4","67.16","101.09","0.4","335","50.12","2","0","0","1","138"
"30/7/2026, 00.12.40","E32_WS (Sector A)","28.4","67.13","101.09","0.44","334","50.12","2","0","0","1","138"
"30/7/2026, 00.12.45","E32_WS (Sector A)","28.4","67.12","101.09","0.47","335","50.12","2","0","0","1","138"
"30/7/2026, 00.12.50","E32_WS (Sector A)","28.4","67.13","101.08","0.45","333","50.12","2","0","0","1","138"
"30/7/2026, 00.12.55","E32_WS (Sector A)","28.39","67.13","101.08","0.44","334","50.12","2","0","0","1","138"
"30/7/2026, 00.13.00","E32_WS (Sector A)","28.4","67.1","101.08","0.44","337","50.12","2","0","0","1","138"
"30/7/2026, 00.13.05","E32_WS (Sector A)","28.4","67.1","101.08","0.41","332","50.12","2","0","0","1","138"
"30/7/2026, 00.13.10","E32_WS (Sector A)","28.39","67.11","101.08","0.35","338","50.12","2","0","0","1","138"
"30/7/2026, 00.13.15","E32_WS (Sector A)","28.39","67.09","101.08","0.46","330","50.12","2","0","0","1","138"
"30/7/2026, 00.13.20","E32_WS (Sector A)","28.4","67.12","101.09","0.37","335","50.12","2","0","0","1","138"
"30/7/2026, 00.13.25","E32_WS (Sector A)","28.4","67.09","101.08","0.42","333","50.12","2","0","0","1","138"
"30/7/2026, 00.13.30","E32_WS (Sector A)","28.39","67.08","101.08","0.4","338","50.12","2","0","0","1","138"
"30/7/2026, 00.13.35","E32_WS (Sector A)","28.39","67.05","101.08","0.43","335","50.12","2","0","0","1","138"
"30/7/2026, 00.13.40","E32_WS (Sector A)","28.39","67.08","101.08","0.43","334","50.12","2","0","0","1","138"
"30/7/2026, 00.13.45","E32_WS (Sector A)","28.39","67.09","101.08","0.47","340","50.12","2","0","0","1","138"
"30/7/2026, 00.13.50","E32_WS (Sector A)","28.39","67.1","101.08","0.46","335","50.12","2","0","0","1","138"
"30/7/2026, 00.13.55","E32_WS (Sector A)","28.39","67.09","101.08","0.44","337","50.12","2","0","0","1","138"
"30/7/2026, 00.14.00","E32_WS (Sector A)","28.39","67.11","101.08","0.44","344","50.12","2","0","0","1","138"
"30/7/2026, 00.14.05","E32_WS (Sector A)","28.39","67.05","101.08","0.39","336","50.12","2","0","0","1","138"
"30/7/2026, 00.14.10","E32_WS (Sector A)","28.39","67.03","101.08","0.33","332","50.12","2","0","0","1","138"
"30/7/2026, 00.14.15","E32_WS (Sector A)","28.39","67","101.08","0.41","340","50.12","2","0","0","1","138"
"30/7/2026, 00.14.20","E32_WS (Sector A)","28.39","67.05","101.08","0.5","343","50.12","2","0","0","1","138"
"30/7/2026, 00.14.25","E32_WS (Sector A)","28.39","67.04","101.09","0.51","341","50.12","2","0","0","1","138"
"30/7/2026, 00.14.30","E32_WS (Sector A)","28.39","67.01","101.08","0.51","335","50.12","2","0","0","1","138"
"30/7/2026, 00.14.35","E32_WS (Sector A)","28.38","67.03","101.09","0.52","335","50.12","2","0","0","1","138"
"30/7/2026, 00.14.40","E32_WS (Sector A)","28.39","67.07","101.08","0.51","334","50.12","2","0","0","1","138"
"30/7/2026, 00.14.45","E32_WS (Sector A)","28.39","67.1","101.09","0.53","338","50.12","2","0","0","1","138"
"30/7/2026, 00.14.50","E32_WS (Sector A)","28.38","67.09","101.08","0.5","332","50.12","2","0","0","1","138"
"30/7/2026, 00.14.55","E32_WS (Sector A)","28.39","67.14","101.09","0.51","333","50.12","2","0","0","1","138"
"30/7/2026, 00.15.00","E32_WS (Sector A)","28.39","67.14","101.08","0.47","338","50.12","2","0","0","1","138"
"30/7/2026, 00.15.05","E32_WS (Sector A)","28.39","67.15","101.08","0.48","328","50.12","2","0","0","1","138"
"30/7/2026, 00.15.10","E32_WS (Sector A)","28.39","67.17","101.08","0.49","340","50.12","2","0","0","1","138"
"30/7/2026, 00.15.15","E32_WS (Sector A)","28.39","67.17","101.08","0.53","331","50.12","2","0","0","1","138"
"30/7/2026, 00.15.20","E32_WS (Sector A)","28.38","67.21","101.08","0.47","323","50.12","2","0","0","1","138"
"30/7/2026, 00.15.25","E32_WS (Sector A)","28.38","67.25","101.08","0.46","327","50.12","2","0","0","1","138"
"30/7/2026, 00.15.30","E32_WS (Sector A)","28.38","67.26","101.08","0.44","332","50.12","2","0","0","1","138"
"30/7/2026, 00.15.35","E32_WS (Sector A)","28.38","67.23","101.08","0.43","330","50.12","2","0","0","1","138"
"30/7/2026, 00.15.40","E32_WS (Sector A)","28.38","67.22","101.08","0.42","336","50.12","2","0","0","1","138"
"30/7/2026, 00.15.45","E32_WS (Sector A)","28.38","67.21","101.08","0.43","336","50.12","2","0","0","1","138"
"30/7/2026, 00.15.50","E32_WS (Sector A)","28.38","67.17","101.08","0.46","335","50.12","2","0","0","1","138"
"30/7/2026, 00.15.55","E32_WS (Sector A)","28.38","67.17","101.09","0.47","335","50.12","2","0","0","1","138"
"30/7/2026, 00.16.00","E32_WS (Sector A)","28.38","67.17","101.08","0.45","345","50.12","2","0","0","1","138"
"30/7/2026, 00.16.05","E32_WS (Sector A)","28.38","67.15","101.09","0.45","343","50.12","2","0","0","1","138"
"30/7/2026, 00.16.10","E32_WS (Sector A)","28.38","67.09","101.08","0.46","338","50.12","2","0","0","1","138"
"30/7/2026, 00.16.15","E32_WS (Sector A)","28.38","67.09","101.08","0.45","339","50.12","2","0","0","1","138"
"30/7/2026, 00.16.20","E32_WS (Sector A)","28.38","67.06","101.08","0.46","343","50.12","2","0","0","1","138"
"30/7/2026, 00.16.25","E32_WS (Sector A)","28.38","67.05","101.09","0.45","347","50.12","2","0","0","1","138"
"30/7/2026, 00.16.30","E32_WS (Sector A)","28.38","67.04","101.08","0.43","337","50.12","2","0","0","1","138"
"30/7/2026, 00.16.35","E32_WS (Sector A)","28.38","67.04","101.08","0.43","333","50.12","2","0","0","1","138"
"30/7/2026, 00.16.40","E32_WS (Sector A)","28.38","67.11","101.08","0.45","331","50.12","2","0","0","1","138"
"30/7/2026, 00.16.45","E32_WS (Sector A)","28.38","67.15","101.09","0.48","329","50.12","2","0","0","1","138"
"30/7/2026, 00.16.50","E32_WS (Sector A)","28.38","67.17","101.09","0.49","339","50.12","2","0","0","1","138"
"30/7/2026, 00.16.55","E32_WS (Sector A)","28.38","67.13","101.09","0.42","337","50.12","2","0","0","1","138"
"30/7/2026, 00.17.00","E32_WS (Sector A)","28.37","67.09","101.09","0.38","333","50.12","2","0","0","1","138"
"30/7/2026, 00.17.05","E32_WS (Sector A)","28.38","67.07","101.09","0.41","340","50.12","2","0","0","1","138"
"30/7/2026, 00.17.10","E32_WS (Sector A)","28.38","67.06","101.08","0.46","339","50.12","2","0","0","1","138"
"30/7/2026, 00.17.15","E32_WS (Sector A)","28.38","67.01","101.08","0.42","347","50.12","2","0","0","1","138"
"30/7/2026, 00.17.20","E32_WS (Sector A)","28.38","67.04","101.08","0.57","339","50.12","2","0","0","1","138"
"30/7/2026, 00.17.25","E32_WS (Sector A)","28.37","67.05","101.08","0.36","327","50.12","2","0","0","1","138"
"30/7/2026, 00.17.30","E32_WS (Sector A)","28.37","67.11","101.09","0.37","310","50.12","2","0","0","1","138"
"30/7/2026, 00.17.35","E32_WS (Sector A)","28.37","67.16","101.08","0.37","332","50.12","2","0","0","1","138"
"30/7/2026, 00.17.40","E32_WS (Sector A)","28.37","67.16","101.08","0.45","310","50.12","2","0","0","1","138"
"30/7/2026, 00.17.45","E32_WS (Sector A)","28.36","67.19","101.09","0.41","319","50.12","2","0","0","1","138"
"30/7/2026, 00.17.50","E32_WS (Sector A)","28.36","67.21","101.08","0.42","316","50.12","2","0","0","1","138"
"30/7/2026, 00.17.55","E32_WS (Sector A)","28.36","67.23","101.08","0.44","311","50.12","2","0","0","1","138"
"30/7/2026, 00.18.00","E32_WS (Sector A)","28.36","67.25","101.08","0.5","325","50.12","2","0","0","1","138"
"30/7/2026, 00.18.05","E32_WS (Sector A)","28.36","67.29","101.08","0.5","337","50.12","2","0","0","1","138"
"30/7/2026, 00.18.10","E32_WS (Sector A)","28.36","67.28","101.08","0.55","334","50.12","2","0","0","1","138"
"30/7/2026, 00.18.15","E32_WS (Sector A)","28.36","67.3","101.08","0.59","346","50.12","2","0","0","1","138"
"30/7/2026, 00.18.20","E32_WS (Sector A)","28.36","67.2","101.08","0.55","348","50.12","2","0","0","1","138"
"30/7/2026, 00.18.25","E32_WS (Sector A)","28.36","67.16","101.08","0.49","342","50.12","2","0","0","1","138"
"30/7/2026, 00.18.30","E32_WS (Sector A)","28.36","67.14","101.08","0.47","339","50.12","2","0","0","1","138"
"30/7/2026, 00.18.35","E32_WS (Sector A)","28.36","67.13","101.08","0.47","342","50.12","2","0","0","1","138"
"30/7/2026, 00.18.40","E32_WS (Sector A)","28.36","67.1","101.08","0.44","342","50.12","2","0","0","1","138"
"30/7/2026, 00.18.45","E32_WS (Sector A)","28.36","67.1","101.08","0.34","4","50.12","2","0","0","1","138"
"30/7/2026, 00.18.50","E32_WS (Sector A)","28.36","67.08","101.08","0.4","323","50.12","2","0","0","1","138"
"30/7/2026, 00.18.55","E32_WS (Sector A)","28.36","67.17","101.08","0.41","321","50.12","2","0","0","1","138"
"30/7/2026, 00.19.00","E32_WS (Sector A)","28.36","67.23","101.08","0.43","326","50.12","2","0","0","1","138"
"30/7/2026, 00.19.05","E32_WS (Sector A)","28.36","67.26","101.08","0.48","332","50.12","2","0","0","1","138"
"30/7/2026, 00.19.10","E32_WS (Sector A)","28.36","67.27","101.08","0.45","331","50.12","2","0","0","1","138"
"30/7/2026, 00.19.15","E32_WS (Sector A)","28.36","67.29","101.08","0.46","343","50.12","2","0","0","1","138"
"30/7/2026, 00.19.20","E32_WS (Sector A)","28.36","67.28","101.08","0.37","337","50.12","2","0","0","1","138"
"30/7/2026, 00.19.25","E32_WS (Sector A)","28.36","67.25","101.08","0.37","336","50.12","2","0","0","1","138"
"30/7/2026, 00.19.30","E32_WS (Sector A)","28.36","67.19","101.08","0.38","339","50.12","2","0","0","1","138"
"30/7/2026, 00.19.35","E32_WS (Sector A)","28.36","67.16","101.08","0.44","336","50.12","2","0","0","1","138"
"30/7/2026, 00.19.40","E32_WS (Sector A)","28.36","67.17","101.08","0.47","347","50.12","2","0","0","1","138"
"30/7/2026, 00.19.45","E32_WS (Sector A)","28.36","67.13","101.08","0.46","340","50.12","2","0","0","1","138"
"30/7/2026, 00.19.50","E32_WS (Sector A)","28.36","67.12","101.07","0.52","338","50.12","2","0","0","1","138"
"30/7/2026, 00.19.55","E32_WS (Sector A)","28.36","67.15","101.07","0.51","337","50.12","2","0","0","1","138"
"30/7/2026, 00.20.00","E32_WS (Sector A)","28.36","67.21","101.08","0.44","325","50.12","2","0","0","1","138"
"30/7/2026, 00.20.05","E32_WS (Sector A)","28.36","67.27","101.08","0.46","323","50.12","2","0","0","1","138"
"30/7/2026, 00.20.10","E32_WS (Sector A)","28.35","67.33","101.08","0.46","323","50.12","2","0","0","1","138"
"30/7/2026, 00.20.15","E32_WS (Sector A)","28.35","67.36","101.08","0.45","326","50.12","2","0","0","1","138"
"30/7/2026, 00.20.20","E32_WS (Sector A)","28.35","67.36","101.08","0.45","327","50.12","2","0","0","1","138"
"30/7/2026, 00.20.25","E32_WS (Sector A)","28.35","67.36","101.08","0.45","330","50.12","2","0","0","1","138"
"30/7/2026, 00.20.30","E32_WS (Sector A)","28.35","67.38","101.08","0.42","316","50.12","2","0","0","1","138"
"30/7/2026, 00.20.35","E32_WS (Sector A)","28.35","67.39","101.08","0.39","328","50.12","2","0","0","1","138"
"30/7/2026, 00.20.40","E32_WS (Sector A)","28.35","67.36","101.08","0.4","333","50.12","2","0","0","1","138"
"30/7/2026, 00.20.45","E32_WS (Sector A)","28.35","67.35","101.08","0.46","338","50.12","2","0","0","1","138"
"30/7/2026, 00.20.50","E32_WS (Sector A)","28.35","67.3","101.08","0.41","330","50.12","2","0","0","1","138"
"30/7/2026, 00.20.55","E32_WS (Sector A)","28.35","67.3","101.08","0.48","330","50.12","2","0","0","1","138"
"30/7/2026, 00.21.00","E32_WS (Sector A)","28.35","67.34","101.08","0.43","333","50.12","2","0","0","1","138"
"30/7/2026, 00.21.05","E32_WS (Sector A)","28.35","67.33","101.08","0.39","327","50.12","2","0","0","1","138"
"30/7/2026, 00.21.10","E32_WS (Sector A)","28.35","67.31","101.08","0.44","338","50.12","2","0","0","1","138"
"30/7/2026, 00.21.15","E32_WS (Sector A)","28.35","67.31","101.08","0.42","331","50.12","2","0","0","1","138"
"30/7/2026, 00.21.20","E32_WS (Sector A)","28.35","67.33","101.07","0.31","341","50.12","2","0","0","1","138"
"30/7/2026, 00.21.25","E32_WS (Sector A)","28.35","67.27","101.08","0.44","318","50.12","2","0","0","1","138"
"30/7/2026, 00.21.30","E32_WS (Sector A)","28.35","67.31","101.08","0.37","321","50.12","2","0","0","1","138"
"30/7/2026, 00.21.35","E32_WS (Sector A)","28.35","67.34","101.08","0.4","331","50.12","2","0","0","1","138"
"30/7/2026, 00.21.40","E32_WS (Sector A)","28.35","67.33","101.08","0.48","327","50.12","2","0","0","1","138"
"30/7/2026, 00.21.45","E32_WS (Sector A)","28.35","67.35","101.08","0.44","337","50.12","2","0","0","1","138"
"30/7/2026, 00.21.50","E32_WS (Sector A)","28.35","67.34","101.08","0.5","337","50.12","2","0","0","1","138"
"30/7/2026, 00.21.55","E32_WS (Sector A)","28.35","67.36","101.08","0.53","340","50.12","2","0","0","1","138"
"30/7/2026, 00.22.00","E32_WS (Sector A)","28.35","67.31","101.08","0.55","335","50.12","2","0","0","1","138"
"30/7/2026, 00.22.05","E32_WS (Sector A)","28.34","67.34","101.08","0.47","333","50.12","2","0","0","1","138"
"30/7/2026, 00.22.10","E32_WS (Sector A)","28.34","67.33","101.08","0.47","341","50.12","2","0","0","1","138"
"30/7/2026, 00.22.15","E32_WS (Sector A)","28.35","67.3","101.08","0.46","335","50.12","2","0","0","1","138"
"30/7/2026, 00.22.20","E32_WS (Sector A)","28.35","67.28","101.08","0.49","332","50.12","2","0","0","1","138"
"30/7/2026, 00.22.25","E32_WS (Sector A)","28.34","67.28","101.08","0.47","327","50.12","2","0","0","1","138"
"30/7/2026, 00.22.30","E32_WS (Sector A)","28.35","67.34","101.08","0.44","332","50.12","2","0","0","1","138"
"30/7/2026, 00.22.35","E32_WS (Sector A)","28.34","67.34","101.08","0.4","328","50.12","2","0","0","1","138"
"30/7/2026, 00.22.40","E32_WS (Sector A)","28.34","67.34","101.08","0.44","336","50.12","2","0","0","1","138"
"30/7/2026, 00.22.45","E32_WS (Sector A)","28.34","67.3","101.08","0.49","339","50.12","2","0","0","1","138"
"30/7/2026, 00.22.50","E32_WS (Sector A)","28.34","67.26","101.08","0.42","344","50.12","2","0","0","1","138"
"30/7/2026, 00.22.55","E32_WS (Sector A)","28.34","67.23","101.08","0.5","339","50.12","2","0","0","1","138"
"30/7/2026, 00.23.00","E32_WS (Sector A)","28.34","67.21","101.08","0.54","350","50.12","2","0","0","1","138"
"30/7/2026, 00.23.05","E32_WS (Sector A)","28.34","67.16","101.08","0.42","348","50.12","2","0","0","1","138"
"30/7/2026, 00.23.10","E32_WS (Sector A)","28.34","67.11","101.08","0.43","348","50.12","2","0","0","1","138"
"30/7/2026, 00.23.15","E32_WS (Sector A)","28.34","67.15","101.08","0.43","334","50.12","2","0","0","1","138"
"30/7/2026, 00.23.20","E32_WS (Sector A)","28.34","67.2","101.08","0.4","334","50.12","2","0","0","1","138"
"30/7/2026, 00.23.25","E32_WS (Sector A)","28.35","67.28","101.08","0.41","326","50.12","2","0","0","1","138"
"30/7/2026, 00.23.30","E32_WS (Sector A)","28.34","67.32","101.08","0.43","326","50.12","2","0","0","1","138"
"30/7/2026, 00.23.35","E32_WS (Sector A)","28.34","67.34","101.08","0.42","329","50.12","2","0","0","1","138"
"30/7/2026, 00.23.40","E32_WS (Sector A)","28.35","67.35","101.08","0.41","325","50.12","2","0","0","1","138"
"30/7/2026, 00.23.45","E32_WS (Sector A)","28.34","67.36","101.08","0.37","334","50.12","2","0","0","1","138"
"30/7/2026, 00.23.50","E32_WS (Sector A)","28.34","67.32","101.08","0.37","338","50.12","2","0","0","1","138"
"30/7/2026, 00.23.55","E32_WS (Sector A)","28.34","67.26","101.08","0.45","333","50.12","2","0","0","1","138"
"30/7/2026, 00.24.00","E32_WS (Sector A)","28.34","67.25","101.08","0.54","341","50.12","2","0","0","1","138"
"30/7/2026, 00.24.05","E32_WS (Sector A)","28.34","67.23","101.08","0.48","334","50.12","2","0","0","1","138"
"30/7/2026, 00.24.10","E32_WS (Sector A)","28.34","67.23","101.08","0.46","357","50.12","2","0","0","1","138"
"30/7/2026, 00.24.15","E32_WS (Sector A)","28.34","67.23","101.08","0.37","359","50.12","2","0","0","1","138"
"30/7/2026, 00.24.20","E32_WS (Sector A)","28.34","67.17","101.08","0.38","1","50.12","2","0","0","1","138"
"30/7/2026, 00.24.25","E32_WS (Sector A)","28.35","67.12","101.08","0.44","355","50.12","2","0","0","1","138"
"30/7/2026, 00.24.30","E32_WS (Sector A)","28.34","67.12","101.08","0.45","334","50.12","2","0","0","1","138"
"30/7/2026, 00.24.35","E32_WS (Sector A)","28.34","67.18","101.08","0.45","352","50.12","2","0","0","1","138"
"30/7/2026, 00.24.40","E32_WS (Sector A)","28.35","67.19","101.08","0.36","336","50.12","2","0","0","1","138"
"30/7/2026, 00.24.45","E32_WS (Sector A)","28.34","67.19","101.08","0.39","335","50.12","2","0","0","1","138"
"30/7/2026, 00.24.50","E32_WS (Sector A)","28.34","67.22","101.08","0.44","332","50.12","2","0","0","1","138"
"30/7/2026, 00.24.55","E32_WS (Sector A)","28.34","67.25","101.08","0.37","342","50.12","2","0","0","1","138"
"30/7/2026, 00.25.00","E32_WS (Sector A)","28.34","67.18","101.08","0.38","331","50.12","2","0","0","1","138"
"30/7/2026, 00.25.05","E32_WS (Sector A)","28.34","67.21","101.08","0.36","327","50.12","2","0","0","1","138"
"30/7/2026, 00.25.10","E32_WS (Sector A)","28.34","67.23","101.08","0.37","331","50.12","2","0","0","1","138"
"30/7/2026, 00.25.15","E32_WS (Sector A)","28.34","67.24","101.08","0.42","327","50.12","2","0","0","1","138"
"30/7/2026, 00.25.20","E32_WS (Sector A)","28.34","67.31","101.08","0.46","330","50.12","2","0","0","1","138"
"30/7/2026, 00.25.25","E32_WS (Sector A)","28.34","67.34","101.08","0.43","327","50.12","2","0","0","1","138"
"30/7/2026, 00.25.30","E32_WS (Sector A)","28.34","67.35","101.08","0.45","335","50.12","2","0","0","1","138"
"30/7/2026, 00.25.35","E32_WS (Sector A)","28.34","67.36","101.08","0.42","330","50.12","2","0","0","1","138"
"30/7/2026, 00.25.40","E32_WS (Sector A)","28.34","67.36","101.08","0.35","336","50.12","2","0","0","1","138"
"30/7/2026, 00.25.45","E32_WS (Sector A)","28.34","67.36","101.08","0.38","331","50.12","2","0","0","1","138"
"30/7/2026, 00.25.50","E32_WS (Sector A)","28.34","67.35","101.08","0.57","309","50.12","2","0","0","1","138"
"30/7/2026, 00.25.55","E32_WS (Sector A)","28.33","67.38","101.08","0.5","315","50.12","2","0","0","1","138"
"30/7/2026, 00.26.00","E32_WS (Sector A)","28.34","67.42","101.08","0.42","331","50.12","2","0","0","1","138"
"30/7/2026, 00.26.05","E32_WS (Sector A)","28.33","67.4","101.08","0.46","332","50.12","2","0","0","1","138"
"30/7/2026, 00.26.10","E32_WS (Sector A)","28.33","67.38","101.08","0.46","338","50.12","2","0","0","1","138"
"30/7/2026, 00.26.15","E32_WS (Sector A)","28.33","67.37","101.08","0.44","341","50.12","2","0","0","1","138"
"30/7/2026, 00.26.20","E32_WS (Sector A)","28.33","67.34","101.08","0.48","326","50.12","2","0","0","1","138"
"30/7/2026, 00.26.25","E32_WS (Sector A)","28.33","67.36","101.08","0.42","335","50.12","2","0","0","1","138"
"30/7/2026, 00.26.30","E32_WS (Sector A)","28.33","67.35","101.08","0.41","342","50.12","2","0","0","1","138"
"30/7/2026, 00.26.35","E32_WS (Sector A)","28.33","67.35","101.08","0.45","323","50.12","2","0","0","1","138"
"30/7/2026, 00.26.40","E32_WS (Sector A)","28.33","67.37","101.08","0.49","329","50.12","2","0","0","1","138"
"30/7/2026, 00.26.45","E32_WS (Sector A)","28.32","67.37","101.08","0.55","343","50.12","2","0","0","1","138"
"30/7/2026, 00.26.50","E32_WS (Sector A)","28.32","67.32","101.08","0.6","342","50.12","2","0","0","1","138"
"30/7/2026, 00.26.55","E32_WS (Sector A)","28.33","67.25","101.08","0.55","348","50.12","2","0","0","1","138"
"30/7/2026, 00.27.00","E32_WS (Sector A)","28.33","67.22","101.08","0.56","344","50.12","2","0","0","1","138"
"30/7/2026, 00.27.05","E32_WS (Sector A)","28.32","67.18","101.08","0.57","348","50.12","2","0","0","1","138"
"30/7/2026, 00.27.10","E32_WS (Sector A)","28.33","67.16","101.08","0.48","347","50.12","2","0","0","1","138"
"30/7/2026, 00.27.15","E32_WS (Sector A)","28.32","67.17","101.08","0.45","335","50.12","2","0","0","1","138"
"30/7/2026, 00.27.20","E32_WS (Sector A)","28.32","67.19","101.08","0.43","335","50.12","2","0","0","1","138"
"30/7/2026, 00.27.25","E32_WS (Sector A)","28.32","67.24","101.08","0.48","326","50.12","2","0","0","1","138"
"30/7/2026, 00.27.30","E32_WS (Sector A)","28.32","67.32","101.08","0.5","331","50.12","2","0","0","1","138"
"30/7/2026, 00.27.35","E32_WS (Sector A)","28.32","67.34","101.08","0.46","344","50.12","2","0","0","1","138"
"30/7/2026, 00.27.40","E32_WS (Sector A)","28.33","67.3","101.08","0.39","338","50.12","2","0","0","1","138"
"30/7/2026, 00.27.45","E32_WS (Sector A)","28.33","67.27","101.08","0.38","338","50.12","2","0","0","1","138"
"30/7/2026, 00.27.50","E32_WS (Sector A)","28.32","67.24","101.08","0.41","342","50.12","2","0","0","1","138"
"30/7/2026, 00.27.55","E32_WS (Sector A)","28.33","67.22","101.08","0.42","327","50.12","2","0","0","1","138"
"30/7/2026, 00.28.00","E32_WS (Sector A)","28.32","67.3","101.08","0.43","336","50.12","2","0","0","1","138"
"30/7/2026, 00.28.05","E32_WS (Sector A)","28.33","67.31","101.08","0.47","333","50.12","2","0","0","1","138"
"30/7/2026, 00.28.10","E32_WS (Sector A)","28.32","67.32","101.08","0.48","328","50.12","2","0","0","1","138"
"30/7/2026, 00.28.15","E32_WS (Sector A)","28.33","67.38","101.08","0.39","329","50.12","2","0","0","1","138"
"30/7/2026, 00.28.20","E32_WS (Sector A)","28.32","67.38","101.08","0.42","337","50.12","2","0","0","1","138"
"30/7/2026, 00.28.25","E32_WS (Sector A)","28.33","67.35","101.08","0.41","338","50.12","2","0","0","1","138"
"30/7/2026, 00.28.30","E32_WS (Sector A)","28.33","67.34","101.08","0.43","337","50.12","2","0","0","1","138"
"30/7/2026, 00.28.35","E32_WS (Sector A)","28.33","67.35","101.08","0.41","341","50.12","2","0","0","1","138"
"30/7/2026, 00.28.40","E32_WS (Sector A)","28.33","67.29","101.08","0.5","339","50.12","2","0","0","1","138"
"30/7/2026, 00.28.45","E32_WS (Sector A)","28.33","67.32","101.08","0.53","336","50.12","2","0","0","1","138"
"30/7/2026, 00.28.50","E32_WS (Sector A)","28.32","67.35","101.08","0.53","335","50.12","2","0","0","1","138"
"30/7/2026, 00.28.55","E32_WS (Sector A)","28.32","67.41","101.08","0.53","338","50.12","2","0","0","1","138"
"30/7/2026, 00.29.00","E32_WS (Sector A)","28.33","67.4","101.08","0.6","342","50.12","2","0","0","1","138"
"30/7/2026, 00.29.05","E32_WS (Sector A)","28.33","67.35","101.08","0.57","343","50.12","2","0","0","1","138"
"30/7/2026, 00.29.10","E32_WS (Sector A)","28.32","67.32","101.08","0.48","338","50.12","2","0","0","1","138"
"30/7/2026, 00.29.15","E32_WS (Sector A)","28.32","67.37","101.08","0.53","337","50.12","2","0","0","1","138"
"30/7/2026, 00.29.20","E32_WS (Sector A)","28.33","67.37","101.08","0.52","336","50.12","2","0","0","1","138"
"30/7/2026, 00.29.25","E32_WS (Sector A)","28.32","67.37","101.08","0.5","334","50.12","2","0","0","1","138"
"30/7/2026, 00.29.30","E32_WS (Sector A)","28.32","67.39","101.08","0.51","336","50.12","2","0","0","1","138"
"30/7/2026, 00.29.35","E32_WS (Sector A)","28.32","67.37","101.08","0.46","335","50.12","2","0","0","1","138"
"30/7/2026, 00.29.40","E32_WS (Sector A)","28.32","67.39","101.08","0.44","332","50.12","2","0","0","1","138"
"30/7/2026, 00.29.45","E32_WS (Sector A)","28.32","67.4","101.08","0.45","334","50.12","2","0","0","1","138"
"30/7/2026, 00.29.50","E32_WS (Sector A)","28.32","67.39","101.08","0.47","332","50.12","2","0","0","1","138"
"30/7/2026, 00.29.55","E32_WS (Sector A)","28.32","67.41","101.08","0.51","332","50.12","2","0","0","1","138"
"30/7/2026, 00.30.00","E32_WS (Sector A)","28.32","67.43","101.08","0.54","342","50.12","2","0","0","1","138"
"30/7/2026, 00.30.05","E32_WS (Sector A)","28.32","67.41","101.08","0.52","340","50.12","2","0","0","1","138"
"30/7/2026, 00.30.10","E32_WS (Sector A)","28.32","67.41","101.08","0.42","348","50.12","2","0","0","1","138"
"30/7/2026, 00.30.15","E32_WS (Sector A)","28.32","67.37","101.08","0.42","341","50.12","2","0","0","1","138"
"30/7/2026, 00.30.20","E32_WS (Sector A)","28.32","67.31","101.08","0.38","338","50.12","2","0","0","1","138"
"30/7/2026, 00.30.25","E32_WS (Sector A)","28.32","67.27","101.08","0.4","334","50.12","2","0","0","1","138"
"30/7/2026, 00.30.30","E32_WS (Sector A)","28.32","67.3","101.08","0.42","330","50.12","2","0","0","1","138"
"30/7/2026, 00.30.35","E32_WS (Sector A)","28.32","67.39","101.08","0.4","334","50.12","2","0","0","1","138"
"30/7/2026, 00.30.40","E32_WS (Sector A)","28.32","67.44","101.08","0.39","320","50.12","2","0","0","1","138"
"30/7/2026, 00.30.45","E32_WS (Sector A)","28.32","67.5","101.08","0.45","330","50.12","2","0","0","1","138"
"30/7/2026, 00.30.50","E32_WS (Sector A)","28.32","67.49","101.08","0.41","348","50.12","2","0","0","1","138"
"30/7/2026, 00.30.55","E32_WS (Sector A)","28.32","67.44","101.08","0.41","353","50.12","2","0","0","1","138"
"30/7/2026, 00.31.00","E32_WS (Sector A)","28.32","67.37","101.08","0.38","348","50.12","2","0","0","1","138"
"30/7/2026, 00.31.05","E32_WS (Sector A)","28.32","67.41","101.08","0.42","334","50.12","2","0","0","1","138"
"30/7/2026, 00.31.10","E32_WS (Sector A)","28.32","67.38","101.08","0.34","357","50.12","2","0","0","1","138"
"30/7/2026, 00.31.15","E32_WS (Sector A)","28.32","67.28","101.08","0.34","349","50.12","2","0","0","1","138"
"30/7/2026, 00.31.20","E32_WS (Sector A)","28.32","67.26","101.08","0.52","333","50.12","2","0","0","1","138"
"30/7/2026, 00.31.25","E32_WS (Sector A)","28.32","67.31","101.08","0.43","334","50.12","2","0","0","1","138"
"30/7/2026, 00.31.30","E32_WS (Sector A)","28.32","67.39","101.08","0.51","322","50.12","2","0","0","1","138"
"30/7/2026, 00.31.35","E32_WS (Sector A)","28.31","67.45","101.08","0.44","328","50.12","2","0","0","1","138"
"30/7/2026, 00.31.40","E32_WS (Sector A)","28.31","67.47","101.08","0.44","328","50.12","2","0","0","1","138"
"30/7/2026, 00.31.45","E32_WS (Sector A)","28.31","67.53","101.08","0.42","331","50.12","2","0","0","1","138"
"30/7/2026, 00.31.50","E32_WS (Sector A)","28.31","67.52","101.08","0.39","337","50.12","2","0","0","1","138"
"30/7/2026, 00.31.55","E32_WS (Sector A)","28.31","67.49","101.08","0.44","335","50.12","2","0","0","1","138"
"30/7/2026, 00.32.00","E32_WS (Sector A)","28.31","67.48","101.08","0.44","332","50.12","2","0","0","1","138"
"30/7/2026, 00.32.05","E32_WS (Sector A)","28.31","67.48","101.08","0.41","332","50.12","2","0","0","1","138"
"30/7/2026, 00.32.10","E32_WS (Sector A)","28.31","67.48","101.08","0.4","334","50.12","2","0","0","1","138"
"30/7/2026, 00.32.15","E32_WS (Sector A)","28.31","67.5","101.08","0.41","332","50.12","2","0","0","1","138"
"30/7/2026, 00.32.20","E32_WS (Sector A)","28.31","67.51","101.08","0.45","342","50.12","2","0","0","1","138"
"30/7/2026, 00.32.25","E32_WS (Sector A)","28.31","67.47","101.08","0.5","346","50.12","2","0","0","1","138"
"30/7/2026, 00.32.30","E32_WS (Sector A)","28.31","67.45","101.08","0.42","346","50.12","2","0","0","1","138"
"30/7/2026, 00.32.35","E32_WS (Sector A)","28.31","67.49","101.08","0.43","345","50.12","2","0","0","1","138"
"30/7/2026, 00.32.40","E32_WS (Sector A)","28.31","67.45","101.08","0.47","349","50.12","2","0","0","1","138"
"30/7/2026, 00.32.45","E32_WS (Sector A)","28.31","67.45","101.08","0.49","341","50.12","2","0","0","1","138"
"30/7/2026, 00.32.50","E32_WS (Sector A)","28.31","67.43","101.08","0.47","347","50.12","2","0","0","1","138"
"30/7/2026, 00.32.55","E32_WS (Sector A)","28.3","67.42","101.08","0.46","337","50.12","2","0","0","1","138"
"30/7/2026, 00.33.00","E32_WS (Sector A)","28.3","67.45","101.08","0.5","330","50.12","2","0","0","1","138"
"30/7/2026, 00.33.05","E32_WS (Sector A)","28.3","67.49","101.08","0.5","334","50.12","2","0","0","1","138"
"30/7/2026, 00.33.10","E32_WS (Sector A)","28.31","67.48","101.08","0.49","339","50.12","2","0","0","1","138"
"30/7/2026, 00.33.15","E32_WS (Sector A)","28.31","67.46","101.08","0.44","340","50.12","2","0","0","1","138"
"30/7/2026, 00.33.20","E32_WS (Sector A)","28.3","67.44","101.08","0.38","342","50.12","2","0","0","1","138"
"30/7/2026, 00.33.25","E32_WS (Sector A)","28.31","67.4","101.08","0.39","335","50.12","2","0","0","1","138"
"30/7/2026, 00.33.30","E32_WS (Sector A)","28.31","67.39","101.08","0.42","339","50.12","2","0","0","1","138"
"30/7/2026, 00.33.35","E32_WS (Sector A)","28.31","67.37","101.08","0.38","345","50.12","2","0","0","1","138"
"30/7/2026, 00.33.40","E32_WS (Sector A)","28.3","67.32","101.08","0.38","344","50.12","2","0","0","1","138"
"30/7/2026, 00.33.45","E32_WS (Sector A)","28.31","67.28","101.08","0.41","339","50.12","2","0","0","1","138"
"30/7/2026, 00.33.50","E32_WS (Sector A)","28.3","67.27","101.08","0.44","337","50.12","2","0","0","1","138"
"30/7/2026, 00.33.55","E32_WS (Sector A)","28.3","67.29","101.08","0.48","332","50.12","2","0","0","1","138"
"30/7/2026, 00.34.00","E32_WS (Sector A)","28.3","67.34","101.08","0.52","332","50.12","2","0","0","1","138"
"30/7/2026, 00.34.05","E32_WS (Sector A)","28.3","67.42","101.08","0.53","335","50.12","2","0","0","1","138"
"30/7/2026, 00.34.10","E32_WS (Sector A)","28.3","67.44","101.08","0.5","336","50.12","2","0","0","1","138"
"30/7/2026, 00.34.15","E32_WS (Sector A)","28.3","67.44","101.08","0.53","339","50.12","2","0","0","1","138"
"30/7/2026, 00.34.20","E32_WS (Sector A)","28.3","67.43","101.08","0.48","334","50.12","2","0","0","1","138"
"30/7/2026, 00.34.25","E32_WS (Sector A)","28.3","67.46","101.08","0.47","334","50.12","2","0","0","1","138"
"30/7/2026, 00.34.30","E32_WS (Sector A)","28.3","67.44","101.08","0.44","339","50.12","2","0","0","1","138"
"30/7/2026, 00.34.35","E32_WS (Sector A)","28.3","67.44","101.08","0.47","341","50.12","2","0","0","1","138"
"30/7/2026, 00.34.40","E32_WS (Sector A)","28.3","67.41","101.08","0.47","338","50.12","2","0","0","1","138"
"30/7/2026, 00.34.45","E32_WS (Sector A)","28.3","67.4","101.08","0.5","334","50.12","2","0","0","1","138"
"30/7/2026, 00.34.50","E32_WS (Sector A)","28.3","67.43","101.08","0.48","340","50.12","2","0","0","1","138"
"30/7/2026, 00.34.55","E32_WS (Sector A)","28.3","67.42","101.08","0.47","329","50.12","2","0","0","1","138"
"30/7/2026, 00.35.00","E32_WS (Sector A)","28.3","67.44","101.08","0.49","323","50.12","2","0","0","1","138"
"30/7/2026, 00.35.05","E32_WS (Sector A)","28.29","67.49","101.08","0.43","342","50.12","2","0","0","1","138"
"30/7/2026, 00.35.10","E32_WS (Sector A)","28.3","67.44","101.08","0.42","336","50.12","2","0","0","1","138"
"30/7/2026, 00.35.15","E32_WS (Sector A)","28.3","67.43","101.08","0.4","341","50.12","2","0","0","1","138"
"30/7/2026, 00.35.20","E32_WS (Sector A)","28.3","67.38","101.08","0.42","345","50.12","2","0","0","1","138"
"30/7/2026, 00.35.25","E32_WS (Sector A)","28.3","67.37","101.08","0.46","338","50.12","2","0","0","1","138"
"30/7/2026, 00.35.30","E32_WS (Sector A)","28.3","67.37","101.08","0.53","340","50.12","2","0","0","1","138"
"30/7/2026, 00.35.35","E32_WS (Sector A)","28.3","67.33","101.08","0.52","355","50.12","2","0","0","1","138"
"30/7/2026, 00.35.40","E32_WS (Sector A)","28.3","67.25","101.08","0.59","356","50.12","2","0","0","1","138"
"30/7/2026, 00.35.45","E32_WS (Sector A)","28.29","67.19","101.08","0.53","340","50.12","2","0","0","1","138"
"30/7/2026, 00.35.50","E32_WS (Sector A)","28.3","67.27","101.08","0.42","328","50.12","2","0","0","1","138"
"30/7/2026, 00.35.55","E32_WS (Sector A)","28.29","67.37","101.08","0.4","335","50.12","2","0","0","1","138"
"30/7/2026, 00.36.00","E32_WS (Sector A)","28.3","67.4","101.07","0.41","334","50.12","2","0","0","1","138"
"30/7/2026, 00.36.05","E32_WS (Sector A)","28.3","67.42","101.07","0.44","327","50.12","2","0","0","1","138"
"30/7/2026, 00.36.10","E32_WS (Sector A)","28.29","67.45","101.07","0.44","323","50.12","2","0","0","1","138"
"30/7/2026, 00.36.15","E32_WS (Sector A)","28.29","67.49","101.08","0.39","332","50.12","2","0","0","1","138"
"30/7/2026, 00.36.20","E32_WS (Sector A)","28.29","67.49","101.07","0.41","327","50.12","2","0","0","1","138"
"30/7/2026, 00.36.25","E32_WS (Sector A)","28.29","67.51","101.07","0.46","325","50.12","2","0","0","1","138"
"30/7/2026, 00.36.30","E32_WS (Sector A)","28.29","67.54","101.08","0.43","331","50.12","2","0","0","1","138"
"30/7/2026, 00.36.35","E32_WS (Sector A)","28.29","67.55","101.07","0.43","336","50.12","2","0","0","1","138"
"30/7/2026, 00.36.40","E32_WS (Sector A)","28.29","67.54","101.07","0.48","344","50.12","2","0","0","1","138"
"30/7/2026, 00.36.45","E32_WS (Sector A)","28.29","67.51","101.07","0.5","347","50.12","2","0","0","1","138"
"30/7/2026, 00.36.50","E32_WS (Sector A)","28.29","67.47","101.07","0.51","343","50.12","2","0","0","1","138"
"30/7/2026, 00.36.55","E32_WS (Sector A)","28.29","67.45","101.07","0.52","346","50.12","2","0","0","1","138"
"30/7/2026, 00.37.00","E32_WS (Sector A)","28.29","67.41","101.07","0.51","341","50.12","2","0","0","1","138"
"30/7/2026, 00.37.05","E32_WS (Sector A)","28.29","67.39","101.07","0.46","329","50.12","2","0","0","1","138"
"30/7/2026, 00.37.10","E32_WS (Sector A)","28.29","67.44","101.07","0.5","329","50.12","2","0","0","1","138"
"30/7/2026, 00.37.15","E32_WS (Sector A)","28.28","67.47","101.07","0.51","342","50.12","2","0","0","1","138"
"30/7/2026, 00.37.20","E32_WS (Sector A)","28.29","67.44","101.07","0.5","344","50.12","2","0","0","1","138"
"30/7/2026, 00.37.25","E32_WS (Sector A)","28.28","67.42","101.07","0.5","1","50.12","2","0","0","1","138"
"30/7/2026, 00.37.30","E32_WS (Sector A)","28.29","67.35","101.07","0.61","331","50.12","2","0","0","1","138"
"30/7/2026, 00.37.35","E32_WS (Sector A)","28.28","67.35","101.07","0.41","307","50.12","2","0","0","1","138"
"30/7/2026, 00.37.40","E32_WS (Sector A)","28.28","67.44","101.07","0.52","321","50.12","2","0","0","1","138"
"30/7/2026, 00.37.45","E32_WS (Sector A)","28.28","67.49","101.07","0.53","329","50.12","2","0","0","1","138"
"30/7/2026, 00.37.50","E32_WS (Sector A)","28.28","67.5","101.07","0.5","340","50.12","2","0","0","1","138"
"30/7/2026, 00.37.55","E32_WS (Sector A)","28.28","67.49","101.07","0.5","344","50.12","2","0","0","1","138"
"30/7/2026, 00.38.00","E32_WS (Sector A)","28.28","67.45","101.07","0.5","341","50.12","2","0","0","1","138"
"30/7/2026, 00.38.05","E32_WS (Sector A)","28.28","67.43","101.07","0.43","335","50.12","2","0","0","1","138"
"30/7/2026, 00.38.10","E32_WS (Sector A)","28.28","67.45","101.07","0.4","330","50.12","2","0","0","1","138"
"30/7/2026, 00.38.15","E32_WS (Sector A)","28.28","67.45","101.07","0.41","328","50.12","2","0","0","1","138"
"30/7/2026, 00.38.20","E32_WS (Sector A)","28.27","67.47","101.06","0.38","330","50.12","2","0","0","1","138"
"30/7/2026, 00.38.25","E32_WS (Sector A)","28.28","67.47","101.07","0.36","348","50.12","2","0","0","1","138"
"30/7/2026, 00.38.30","E32_WS (Sector A)","28.28","67.42","101.07","0.58","346","50.12","2","0","0","1","138"
"30/7/2026, 00.38.35","E32_WS (Sector A)","28.28","67.35","101.07","0.57","336","50.12","2","0","0","1","138"
"30/7/2026, 00.38.40","E32_WS (Sector A)","28.28","67.39","101.07","0.54","335","50.12","2","0","0","1","138"
"30/7/2026, 00.38.45","E32_WS (Sector A)","28.28","67.42","101.07","0.49","339","50.12","2","0","0","1","138"
"30/7/2026, 00.38.50","E32_WS (Sector A)","28.27","67.44","101.07","0.47","343","50.12","2","0","0","1","138"
"30/7/2026, 00.38.55","E32_WS (Sector A)","28.28","67.42","101.07","0.45","331","50.12","2","0","0","1","138"
"30/7/2026, 00.39.00","E32_WS (Sector A)","28.28","67.41","101.07","0.43","322","50.12","2","0","0","1","138"
"30/7/2026, 00.39.05","E32_WS (Sector A)","28.27","67.44","101.07","0.54","329","50.12","2","0","0","1","138"
"30/7/2026, 00.39.10","E32_WS (Sector A)","28.27","67.49","101.07","0.59","332","50.12","2","0","0","1","138"
"30/7/2026, 00.39.15","E32_WS (Sector A)","28.27","67.52","101.07","0.57","335","50.12","2","0","0","1","138"
"30/7/2026, 00.39.20","E32_WS (Sector A)","28.27","67.49","101.07","0.53","340","50.12","2","0","0","1","138"
"30/7/2026, 00.39.25","E32_WS (Sector A)","28.27","67.44","101.07","0.52","342","50.12","2","0","0","1","138"
"30/7/2026, 00.39.30","E32_WS (Sector A)","28.27","67.43","101.07","0.48","348","50.12","2","0","0","1","138"
"30/7/2026, 00.39.35","E32_WS (Sector A)","28.27","67.37","101.07","0.48","352","50.12","2","0","0","1","138"
"30/7/2026, 00.39.40","E32_WS (Sector A)","28.27","67.34","101.07","0.36","345","50.12","2","0","0","1","138"
"30/7/2026, 00.39.45","E32_WS (Sector A)","28.27","67.31","101.07","0.39","339","50.12","2","0","0","1","138"
"30/7/2026, 00.39.50","E32_WS (Sector A)","28.27","67.3","101.07","0.38","340","50.12","2","0","0","1","138"
"30/7/2026, 00.39.55","E32_WS (Sector A)","28.27","67.31","101.07","0.28","345","50.12","2","0","0","1","138"
"30/7/2026, 00.40.00","E32_WS (Sector A)","28.27","67.28","101.07","0.36","344","50.12","2","0","0","1","138"
"30/7/2026, 00.40.05","E32_WS (Sector A)","28.27","67.31","101.07","0.36","3","50.12","2","0","0","1","138"
"30/7/2026, 00.40.10","E32_WS (Sector A)","28.27","67.33","101.07","0.31","2","50.12","2","0","0","1","138"
"30/7/2026, 00.40.15","E32_WS (Sector A)","28.27","67.36","101.07","0.27","343","50.12","2","0","0","1","138"
"30/7/2026, 00.40.20","E32_WS (Sector A)","28.27","67.38","101.07","0.27","350","50.12","2","0","0","1","138"
"30/7/2026, 00.40.25","E32_WS (Sector A)","28.27","67.41","101.07","0.28","349","50.12","2","0","0","1","138"
"30/7/2026, 00.40.30","E32_WS (Sector A)","28.26","67.44","101.07","0.27","343","50.12","2","0","0","1","138"
"30/7/2026, 00.40.35","E32_WS (Sector A)","28.26","67.45","101.07","0.29","349","50.12","2","0","0","1","138"
"30/7/2026, 00.40.40","E32_WS (Sector A)","28.26","67.46","101.07","0.35","348","50.12","2","0","0","1","138"
"30/7/2026, 00.40.45","E32_WS (Sector A)","28.27","67.44","101.07","0.36","348","50.12","2","0","0","1","138"
"30/7/2026, 00.40.50","E32_WS (Sector A)","28.26","67.44","101.07","0.36","340","50.12","2","0","0","1","138"
"30/7/2026, 00.40.55","E32_WS (Sector A)","28.27","67.43","101.07","0.43","338","50.12","2","0","0","1","138"
"30/7/2026, 00.41.00","E32_WS (Sector A)","28.27","67.45","101.07","0.4","336","50.12","2","0","0","1","138"
"30/7/2026, 00.41.05","E32_WS (Sector A)","28.26","67.44","101.07","0.41","334","50.12","2","0","0","1","138"
"30/7/2026, 00.41.10","E32_WS (Sector A)","28.26","67.48","101.07","0.42","332","50.12","2","0","0","1","138"
"30/7/2026, 00.41.15","E32_WS (Sector A)","28.27","67.51","101.07","0.43","332","50.12","2","0","0","1","138"
"30/7/2026, 00.41.20","E32_WS (Sector A)","28.27","67.56","101.07","0.46","327","50.12","2","0","0","1","138"
"30/7/2026, 00.41.25","E32_WS (Sector A)","28.26","67.59","101.07","0.48","329","50.12","2","0","0","1","138"
"30/7/2026, 00.41.30","E32_WS (Sector A)","28.26","67.6","101.07","0.52","332","50.12","2","0","0","1","138"
"30/7/2026, 00.41.35","E32_WS (Sector A)","28.26","67.6","101.07","0.49","328","50.12","2","0","0","1","138"
"30/7/2026, 00.41.40","E32_WS (Sector A)","28.26","67.63","101.07","0.49","332","50.12","2","0","0","1","138"
"30/7/2026, 00.41.45","E32_WS (Sector A)","28.26","67.62","101.07","0.46","342","50.12","2","0","0","1","138"
"30/7/2026, 00.41.50","E32_WS (Sector A)","28.26","67.58","101.07","0.48","341","50.12","2","0","0","1","138"
"30/7/2026, 00.41.55","E32_WS (Sector A)","28.26","67.56","101.07","0.5","337","50.12","2","0","0","1","138"
"30/7/2026, 00.42.00","E32_WS (Sector A)","28.26","67.56","101.07","0.49","342","50.12","2","0","0","1","138"
"30/7/2026, 00.42.05","E32_WS (Sector A)","28.26","67.54","101.07","0.49","342","50.12","2","0","0","1","138"
"30/7/2026, 00.42.10","E32_WS (Sector A)","28.26","67.51","101.07","0.47","341","50.12","2","0","0","1","138"
"30/7/2026, 00.42.15","E32_WS (Sector A)","28.26","67.48","101.07","0.46","338","50.12","2","0","0","1","138"
"30/7/2026, 00.42.20","E32_WS (Sector A)","28.26","67.47","101.07","0.41","339","50.12","2","0","0","1","138"
"30/7/2026, 00.42.25","E32_WS (Sector A)","28.26","67.45","101.07","0.43","345","50.12","2","0","0","1","138"
"30/7/2026, 00.42.30","E32_WS (Sector A)","28.26","67.45","101.07","0.45","339","50.12","2","0","0","1","138"
"30/7/2026, 00.42.35","E32_WS (Sector A)","28.26","67.45","101.07","0.46","343","50.12","2","0","0","1","138"
"30/7/2026, 00.42.40","E32_WS (Sector A)","28.26","67.45","101.07","0.46","331","50.12","2","0","0","1","138"
"30/7/2026, 00.42.45","E32_WS (Sector A)","28.26","67.53","101.07","0.45","323","50.12","2","0","0","1","138"
"30/7/2026, 00.42.50","E32_WS (Sector A)","28.25","67.6","101.07","0.53","330","50.12","2","0","0","1","138"
"30/7/2026, 00.42.55","E32_WS (Sector A)","28.25","67.65","101.07","0.51","330","50.12","2","0","0","1","138"
"30/7/2026, 00.43.00","E32_WS (Sector A)","28.25","67.64","101.07","0.53","335","50.12","2","0","0","1","138"
"30/7/2026, 00.43.05","E32_WS (Sector A)","28.25","67.64","101.07","0.5","325","50.12","2","0","0","1","138"
"30/7/2026, 00.43.10","E32_WS (Sector A)","28.25","67.68","101.07","0.46","330","50.12","2","0","0","1","138"
"30/7/2026, 00.43.15","E32_WS (Sector A)","28.25","67.7","101.07","0.47","331","50.12","2","0","0","1","138"
"30/7/2026, 00.43.20","E32_WS (Sector A)","28.25","67.71","101.07","0.41","338","50.12","2","0","0","1","138"
"30/7/2026, 00.43.25","E32_WS (Sector A)","28.25","67.69","101.07","0.44","337","50.12","2","0","0","1","138"
"30/7/2026, 00.43.30","E32_WS (Sector A)","28.25","67.66","101.07","0.41","337","50.12","2","0","0","1","138"
"30/7/2026, 00.43.35","E32_WS (Sector A)","28.25","67.65","101.07","0.43","337","50.12","2","0","0","1","138"
"30/7/2026, 00.43.40","E32_WS (Sector A)","28.25","67.62","101.07","0.4","340","50.12","2","0","0","1","138"
"30/7/2026, 00.43.45","E32_WS (Sector A)","28.25","67.58","101.07","0.39","348","50.12","2","0","0","1","138"
"30/7/2026, 00.43.50","E32_WS (Sector A)","28.25","67.56","101.07","0.41","350","50.12","2","0","0","1","138"
"30/7/2026, 00.43.55","E32_WS (Sector A)","28.25","67.47","101.07","0.44","347","50.12","2","0","0","1","138"
"30/7/2026, 00.44.00","E32_WS (Sector A)","28.25","67.46","101.07","0.46","343","50.12","2","0","0","1","138"
"30/7/2026, 00.44.05","E32_WS (Sector A)","28.25","67.45","101.07","0.47","341","50.12","2","0","0","1","138"
"30/7/2026, 00.44.10","E32_WS (Sector A)","28.25","67.42","101.07","0.45","337","50.12","2","0","0","1","138"
"30/7/2026, 00.44.15","E32_WS (Sector A)","28.25","67.42","101.07","0.43","342","50.12","2","0","0","1","138"
"30/7/2026, 00.44.20","E32_WS (Sector A)","28.25","67.39","101.07","0.48","343","50.12","2","0","0","1","138"
"30/7/2026, 00.44.25","E32_WS (Sector A)","28.25","67.4","101.07","0.49","344","50.12","2","0","0","1","138"
"30/7/2026, 00.44.30","E32_WS (Sector A)","28.25","67.41","101.06","0.51","335","50.12","2","0","0","1","138"
"30/7/2026, 00.44.35","E32_WS (Sector A)","28.25","67.45","101.07","0.45","341","50.12","2","0","0","1","138"
"30/7/2026, 00.44.40","E32_WS (Sector A)","28.25","67.42","101.07","0.4","340","50.12","2","0","0","1","138"
"30/7/2026, 00.44.45","E32_WS (Sector A)","28.25","67.41","101.07","0.46","342","50.12","2","0","0","1","138"
"30/7/2026, 00.44.50","E32_WS (Sector A)","28.25","67.42","101.07","0.44","327","50.12","2","0","0","1","138"
"30/7/2026, 00.44.55","E32_WS (Sector A)","28.25","67.52","101.07","0.45","337","50.12","2","0","0","1","138"
"30/7/2026, 00.45.00","E32_WS (Sector A)","28.25","67.54","101.07","0.45","339","50.12","2","0","0","1","138"
"30/7/2026, 00.45.05","E32_WS (Sector A)","28.25","67.56","101.07","0.49","322","50.12","2","0","0","1","138"
"30/7/2026, 00.45.10","E32_WS (Sector A)","28.25","67.6","101.07","0.46","324","50.12","2","0","0","1","138"
"30/7/2026, 00.45.15","E32_WS (Sector A)","28.25","67.63","101.07","0.46","338","50.12","2","0","0","1","138"
"30/7/2026, 00.45.20","E32_WS (Sector A)","28.25","67.62","101.07","0.45","340","50.12","2","0","0","1","138"
"30/7/2026, 00.45.25","E32_WS (Sector A)","28.25","67.59","101.06","0.42","335","50.12","2","0","0","1","138"
"30/7/2026, 00.45.30","E32_WS (Sector A)","28.25","67.58","101.07","0.42","335","50.12","2","0","0","1","138"
"30/7/2026, 00.45.35","E32_WS (Sector A)","28.25","67.57","101.07","0.43","343","50.12","2","0","0","1","138"
"30/7/2026, 00.45.40","E32_WS (Sector A)","28.25","67.57","101.07","0.42","337","50.12","2","0","0","1","138"
"30/7/2026, 00.45.45","E32_WS (Sector A)","28.25","67.55","101.06","0.46","338","50.12","2","0","0","1","138"
"30/7/2026, 00.45.50","E32_WS (Sector A)","28.25","67.58","101.07","0.47","328","50.12","2","0","0","1","138"
"30/7/2026, 00.45.55","E32_WS (Sector A)","28.25","67.63","101.06","0.45","337","50.12","2","0","0","1","138"
"30/7/2026, 00.46.00","E32_WS (Sector A)","28.25","67.63","101.06","0.45","334","50.12","2","0","0","1","138"
"30/7/2026, 00.46.05","E32_WS (Sector A)","28.25","67.62","101.06","0.45","331","50.12","2","0","0","1","138"
"30/7/2026, 00.46.10","E32_WS (Sector A)","28.25","67.63","101.06","0.44","333","50.12","2","0","0","1","138"
"30/7/2026, 00.46.15","E32_WS (Sector A)","28.25","67.64","101.07","0.45","330","50.12","2","0","0","1","138"
"30/7/2026, 00.46.20","E32_WS (Sector A)","28.24","67.64","101.07","0.49","331","50.12","2","0","0","1","138"
"30/7/2026, 00.46.25","E32_WS (Sector A)","28.25","67.68","101.06","0.47","331","50.12","2","0","0","1","138"
"30/7/2026, 00.46.30","E32_WS (Sector A)","28.24","67.69","101.06","0.42","329","50.12","2","0","0","1","138"
"30/7/2026, 00.46.35","E32_WS (Sector A)","28.24","67.68","101.06","0.4","338","50.12","2","0","0","1","138"
"30/7/2026, 00.46.40","E32_WS (Sector A)","28.24","67.63","101.06","0.37","341","50.12","2","0","0","1","138"
"30/7/2026, 00.46.45","E32_WS (Sector A)","28.24","67.58","101.07","0.4","319","50.12","2","0","0","1","138"
"30/7/2026, 00.46.50","E32_WS (Sector A)","28.24","67.6","101.06","0.47","323","50.12","2","0","0","1","138"
"30/7/2026, 00.46.55","E32_WS (Sector A)","28.24","67.62","101.06","0.56","324","50.12","2","0","0","1","138"
"30/7/2026, 00.47.00","E32_WS (Sector A)","28.24","67.65","101.06","0.6","331","50.12","2","0","0","1","138"
"30/7/2026, 00.47.05","E32_WS (Sector A)","28.24","67.67","101.07","0.56","336","50.12","2","0","0","1","138"
"30/7/2026, 00.47.10","E32_WS (Sector A)","28.24","67.69","101.07","0.46","329","50.12","2","0","0","1","138"
"30/7/2026, 00.47.15","E32_WS (Sector A)","28.24","67.7","101.06","0.47","325","50.12","2","0","0","1","138"
"30/7/2026, 00.47.20","E32_WS (Sector A)","28.24","67.72","101.06","0.48","343","50.12","2","0","0","1","138"
"30/7/2026, 00.47.25","E32_WS (Sector A)","28.24","67.7","101.06","0.46","354","50.12","2","0","0","1","138"
"30/7/2026, 00.47.30","E32_WS (Sector A)","28.24","67.63","101.07","0.52","327","50.12","2","0","0","1","138"
"30/7/2026, 00.47.35","E32_WS (Sector A)","28.23","67.67","101.06","0.5","329","50.12","2","0","0","1","138"
"30/7/2026, 00.47.40","E32_WS (Sector A)","28.23","67.68","101.06","0.53","330","50.12","2","0","0","1","138"
"30/7/2026, 00.47.45","E32_WS (Sector A)","28.23","67.7","101.06","0.42","327","50.12","2","0","0","1","138"
"30/7/2026, 00.47.50","E32_WS (Sector A)","28.23","67.69","101.06","0.42","341","50.12","2","0","0","1","138"
"30/7/2026, 00.47.55","E32_WS (Sector A)","28.23","67.66","101.06","0.44","337","50.12","2","0","0","1","138"
"30/7/2026, 00.48.00","E32_WS (Sector A)","28.23","67.64","101.06","0.54","323","50.12","2","0","0","1","138"
"30/7/2026, 00.48.05","E32_WS (Sector A)","28.23","67.69","101.06","0.55","323","50.12","2","0","0","1","138"
"30/7/2026, 00.48.10","E32_WS (Sector A)","28.23","67.71","101.06","0.34","340","50.12","2","0","0","1","138"
"30/7/2026, 00.48.15","E32_WS (Sector A)","28.23","67.69","101.06","0.37","340","50.12","2","0","0","1","138"
"30/7/2026, 00.48.20","E32_WS (Sector A)","28.23","67.63","101.06","0.42","336","50.12","2","0","0","1","138"
"30/7/2026, 00.48.25","E32_WS (Sector A)","28.23","67.62","101.06","0.45","327","50.12","2","0","0","1","138"
"30/7/2026, 00.48.30","E32_WS (Sector A)","28.22","67.65","101.06","0.54","338","50.12","2","0","0","1","138"
"30/7/2026, 00.48.35","E32_WS (Sector A)","28.22","67.64","101.06","0.51","341","50.12","2","0","0","1","138"
"30/7/2026, 00.48.40","E32_WS (Sector A)","28.23","67.63","101.06","0.47","345","50.12","2","0","0","1","138"
"30/7/2026, 00.48.45","E32_WS (Sector A)","28.23","67.57","101.06","0.44","352","50.12","2","0","0","1","138"
"30/7/2026, 00.48.50","E32_WS (Sector A)","28.22","67.54","101.06","0.45","349","50.12","2","0","0","1","138"
"30/7/2026, 00.48.55","E32_WS (Sector A)","28.23","67.49","101.06","0.43","347","50.12","2","0","0","1","138"
"30/7/2026, 00.49.00","E32_WS (Sector A)","28.23","67.45","101.06","0.61","341","50.12","2","0","0","1","138"
"30/7/2026, 00.49.05","E32_WS (Sector A)","28.23","67.45","101.06","0.49","328","50.12","2","0","0","1","138"
"30/7/2026, 00.49.10","E32_WS (Sector A)","28.23","67.57","101.06","0.64","330","50.12","2","0","0","1","138"
"30/7/2026, 00.49.15","E32_WS (Sector A)","28.22","67.61","101.06","0.41","299","50.12","2","0","0","1","138"
"30/7/2026, 00.49.20","E32_WS (Sector A)","28.22","67.65","101.06","0.36","299","50.12","2","0","0","1","138"
"30/7/2026, 00.49.25","E32_WS (Sector A)","28.21","67.71","101.06","0.36","324","50.12","2","0","0","1","138"
"30/7/2026, 00.49.30","E32_WS (Sector A)","28.21","67.72","101.06","0.47","332","50.12","2","0","0","1","138"
"30/7/2026, 00.49.35","E32_WS (Sector A)","28.21","67.73","101.06","0.54","335","50.12","2","0","0","1","138"
"30/7/2026, 00.49.40","E32_WS (Sector A)","28.21","67.72","101.06","0.45","332","50.12","2","0","0","1","138"
"30/7/2026, 00.49.45","E32_WS (Sector A)","28.21","67.72","101.06","0.32","329","50.12","2","0","0","1","138"
"30/7/2026, 00.49.50","E32_WS (Sector A)","28.21","67.73","101.06","0.5","323","50.12","2","0","0","1","138"
"30/7/2026, 00.49.55","E32_WS (Sector A)","28.21","67.75","101.06","0.47","331","50.12","2","0","0","1","138"
"30/7/2026, 00.50.00","E32_WS (Sector A)","28.21","67.77","101.06","0.52","335","50.12","2","0","0","1","138"
"30/7/2026, 00.50.05","E32_WS (Sector A)","28.21","67.73","101.06","0.5","342","50.12","2","0","0","1","138"
"30/7/2026, 00.50.10","E32_WS (Sector A)","28.21","67.68","101.06","0.56","345","50.12","2","0","0","1","138"
"30/7/2026, 00.50.15","E32_WS (Sector A)","28.21","67.65","101.06","0.56","342","50.12","2","0","0","1","138"
"30/7/2026, 00.50.20","E32_WS (Sector A)","28.21","67.59","101.06","0.59","344","50.12","2","0","0","1","138"
"30/7/2026, 00.50.25","E32_WS (Sector A)","28.21","67.55","101.06","0.57","333","50.12","2","0","0","1","138"
"30/7/2026, 00.50.30","E32_WS (Sector A)","28.21","67.58","101.06","0.53","332","50.12","2","0","0","1","138"
"30/7/2026, 00.50.35","E32_WS (Sector A)","28.21","67.64","101.06","0.53","347","50.12","2","0","0","1","138"
"30/7/2026, 00.50.40","E32_WS (Sector A)","28.21","67.62","101.06","0.58","344","50.12","2","0","0","1","138"
"30/7/2026, 00.50.45","E32_WS (Sector A)","28.21","67.56","101.06","0.51","346","50.12","2","0","0","1","138"
"30/7/2026, 00.50.50","E32_WS (Sector A)","28.22","67.53","101.06","0.51","337","50.12","2","0","0","1","138"
"30/7/2026, 00.50.55","E32_WS (Sector A)","28.22","67.59","101.06","0.53","330","50.12","2","0","0","1","138"
"30/7/2026, 00.51.00","E32_WS (Sector A)","28.22","67.67","101.06","0.47","341","50.12","2","0","0","1","138"
"30/7/2026, 00.51.05","E32_WS (Sector A)","28.21","67.64","101.06","0.36","352","50.12","2","0","0","1","138"
"30/7/2026, 00.51.10","E32_WS (Sector A)","28.22","67.6","101.06","0.48","342","50.12","2","0","0","1","138"
"30/7/2026, 00.51.15","E32_WS (Sector A)","28.22","67.6","101.06","0.5","333","50.12","2","0","0","1","138"
"30/7/2026, 00.51.20","E32_WS (Sector A)","28.21","67.65","101.06","0.5","329","50.12","2","0","0","1","138"
"30/7/2026, 00.51.25","E32_WS (Sector A)","28.21","67.71","101.06","0.5","335","50.12","2","0","0","1","138"
"30/7/2026, 00.51.30","E32_WS (Sector A)","28.21","67.72","101.06","0.5","342","50.12","2","0","0","1","138"
"30/7/2026, 00.51.35","E32_WS (Sector A)","28.21","67.7","101.06","0.46","349","50.12","2","0","0","1","138"
"30/7/2026, 00.51.40","E32_WS (Sector A)","28.21","67.62","101.06","0.48","345","50.12","2","0","0","1","138"
"30/7/2026, 00.51.45","E32_WS (Sector A)","28.21","67.66","101.06","0.39","317","50.12","2","0","0","1","138"
"30/7/2026, 00.51.50","E32_WS (Sector A)","28.21","67.75","101.06","0.41","318","50.12","2","0","0","1","138"
"30/7/2026, 00.51.55","E32_WS (Sector A)","28.21","67.8","101.06","0.4","326","50.12","2","0","0","1","138"
"30/7/2026, 00.52.00","E32_WS (Sector A)","28.21","67.83","101.06","0.41","327","50.12","2","0","0","1","138"
"30/7/2026, 00.52.05","E32_WS (Sector A)","28.21","67.83","101.06","0.51","330","50.12","2","0","0","1","138"
"30/7/2026, 00.52.10","E32_WS (Sector A)","28.21","67.83","101.06","0.44","330","50.12","2","0","0","1","138"
"30/7/2026, 00.52.15","E32_WS (Sector A)","28.2","67.83","101.06","0.46","342","50.12","2","0","0","1","138"
"30/7/2026, 00.52.20","E32_WS (Sector A)","28.21","67.8","101.06","0.5","350","50.12","2","0","0","1","138"
"30/7/2026, 00.52.25","E32_WS (Sector A)","28.21","67.73","101.06","0.39","343","50.12","2","0","0","1","138"
"30/7/2026, 00.52.30","E32_WS (Sector A)","28.21","67.7","101.06","0.37","337","50.12","2","0","0","1","138"
"30/7/2026, 00.52.35","E32_WS (Sector A)","28.21","67.69","101.06","0.51","336","50.12","2","0","0","1","138"
"30/7/2026, 00.52.40","E32_WS (Sector A)","28.21","67.67","101.06","0.46","351","50.12","2","0","0","1","138"
"30/7/2026, 00.52.45","E32_WS (Sector A)","28.21","67.65","101.06","0.47","334","50.12","2","0","0","1","138"
"30/7/2026, 00.52.50","E32_WS (Sector A)","28.21","67.67","101.06","0.44","339","50.12","2","0","0","1","138"
"30/7/2026, 00.52.55","E32_WS (Sector A)","28.21","67.67","101.06","0.4","345","50.12","2","0","0","1","138"
"30/7/2026, 00.53.00","E32_WS (Sector A)","28.21","67.66","101.06","0.42","344","50.12","2","0","0","1","138"
"30/7/2026, 00.53.05","E32_WS (Sector A)","28.21","67.62","101.06","0.44","345","50.12","2","0","0","1","138"
"30/7/2026, 00.53.10","E32_WS (Sector A)","28.21","67.57","101.06","0.42","351","50.12","2","0","0","1","138"
"30/7/2026, 00.53.15","E32_WS (Sector A)","28.21","67.54","101.06","0.49","345","50.12","2","0","0","1","138"
"30/7/2026, 00.53.20","E32_WS (Sector A)","28.21","67.55","101.06","0.51","347","50.12","2","0","0","1","138"
"30/7/2026, 00.53.25","E32_WS (Sector A)","28.21","67.53","101.06","0.45","349","50.12","2","0","0","1","138"
"30/7/2026, 00.53.30","E32_WS (Sector A)","28.21","67.49","101.06","0.48","343","50.12","2","0","0","1","138"
"30/7/2026, 00.53.35","E32_WS (Sector A)","28.21","67.49","101.06","0.6","335","50.12","2","0","0","1","138"
"30/7/2026, 00.53.40","E32_WS (Sector A)","28.21","67.5","101.06","0.51","344","50.12","2","0","0","1","138"
"30/7/2026, 00.53.45","E32_WS (Sector A)","28.21","67.48","101.06","0.42","332","50.12","2","0","0","1","138"
"30/7/2026, 00.53.50","E32_WS (Sector A)","28.21","67.54","101.06","0.49","334","50.12","2","0","0","1","138"
"30/7/2026, 00.53.55","E32_WS (Sector A)","28.21","67.6","101.06","0.52","327","50.12","2","0","0","1","138"
"30/7/2026, 00.54.00","E32_WS (Sector A)","28.21","67.68","101.06","0.5","326","50.12","2","0","0","1","138"
"30/7/2026, 00.54.05","E32_WS (Sector A)","28.21","67.72","101.06","0.46","324","50.12","2","0","0","1","138"
"30/7/2026, 00.54.10","E32_WS (Sector A)","28.21","67.74","101.06","0.41","334","50.12","2","0","0","1","138"
"30/7/2026, 00.54.15","E32_WS (Sector A)","28.2","67.73","101.06","0.45","346","50.12","2","0","0","1","138"
"30/7/2026, 00.54.20","E32_WS (Sector A)","28.21","67.67","101.06","0.44","348","50.12","2","0","0","1","138"
"30/7/2026, 00.54.25","E32_WS (Sector A)","28.2","67.64","101.06","0.41","354","50.12","2","0","0","1","138"
"30/7/2026, 00.54.30","E32_WS (Sector A)","28.21","67.6","101.06","0.44","357","50.12","2","0","0","1","138"
"30/7/2026, 00.54.35","E32_WS (Sector A)","28.21","67.56","101.06","0.41","344","50.12","2","0","0","1","138"
"30/7/2026, 00.54.40","E32_WS (Sector A)","28.21","67.57","101.06","0.35","339","50.12","2","0","0","1","138"
"30/7/2026, 00.54.45","E32_WS (Sector A)","28.2","67.57","101.06","0.34","333","50.12","2","0","0","1","138"
"30/7/2026, 00.54.50","E32_WS (Sector A)","28.21","67.59","101.06","0.29","346","50.12","2","0","0","1","138"
"30/7/2026, 00.54.55","E32_WS (Sector A)","28.2","67.58","101.06","0.44","343","50.12","2","0","0","1","138"
"30/7/2026, 00.55.00","E32_WS (Sector A)","28.2","67.57","101.06","0.46","350","50.12","2","0","0","1","138"
"30/7/2026, 00.55.05","E32_WS (Sector A)","28.2","67.56","101.06","0.44","353","50.12","2","0","0","1","138"
"30/7/2026, 00.55.10","E32_WS (Sector A)","28.2","67.53","101.06","0.36","349","50.12","2","0","0","1","138"
"30/7/2026, 00.55.15","E32_WS (Sector A)","28.2","67.54","101.06","0.36","348","50.12","2","0","0","1","138"
"30/7/2026, 00.55.20","E32_WS (Sector A)","28.2","67.54","101.06","0.44","331","50.12","2","0","0","1","138"
"30/7/2026, 00.55.25","E32_WS (Sector A)","28.2","67.59","101.06","0.42","340","50.12","2","0","0","1","138"
"30/7/2026, 00.55.30","E32_WS (Sector A)","28.2","67.62","101.05","0.36","350","50.12","2","0","0","1","138"
"30/7/2026, 00.55.35","E32_WS (Sector A)","28.2","67.57","101.05","0.34","334","50.12","2","0","0","1","138"
"30/7/2026, 00.55.40","E32_WS (Sector A)","28.2","67.6","101.05","0.27","324","50.12","2","0","0","1","138"
"30/7/2026, 00.55.45","E32_WS (Sector A)","28.2","67.67","101.06","0.32","322","50.12","2","0","0","1","138"
"30/7/2026, 00.55.50","E32_WS (Sector A)","28.21","67.69","101.05","0.44","323","50.12","2","0","0","1","138"
"30/7/2026, 00.55.55","E32_WS (Sector A)","28.2","67.79","101.05","0.36","321","50.12","2","0","0","1","138"
"30/7/2026, 00.56.00","E32_WS (Sector A)","28.2","67.84","101.05","0.39","333","50.12","2","0","0","1","138"
"30/7/2026, 00.56.05","E32_WS (Sector A)","28.2","67.85","101.05","0.38","327","50.12","2","0","0","1","138"
"30/7/2026, 00.56.10","E32_WS (Sector A)","28.21","67.85","101.06","0.36","335","50.12","2","0","0","1","138"
"30/7/2026, 00.56.15","E32_WS (Sector A)","28.2","67.8","101.05","0.39","334","50.12","2","0","0","1","138"
"30/7/2026, 00.56.20","E32_WS (Sector A)","28.2","67.82","101.05","0.4","338","50.12","2","0","0","1","138"
"30/7/2026, 00.56.25","E32_WS (Sector A)","28.2","67.79","101.06","0.5","336","50.12","2","0","0","1","138"
"30/7/2026, 00.56.30","E32_WS (Sector A)","28.2","67.79","101.05","0.47","330","50.12","2","0","0","1","138"
"30/7/2026, 00.56.35","E32_WS (Sector A)","28.2","67.82","101.05","0.43","331","50.12","2","0","0","1","138"
"30/7/2026, 00.56.40","E32_WS (Sector A)","28.19","67.85","101.05","0.42","334","50.12","2","0","0","1","138"
"30/7/2026, 00.56.45","E32_WS (Sector A)","28.2","67.84","101.05","0.4","339","50.12","2","0","0","1","138"
"30/7/2026, 00.56.50","E32_WS (Sector A)","28.2","67.79","101.06","0.41","335","50.12","2","0","0","1","138"
"30/7/2026, 00.56.55","E32_WS (Sector A)","28.2","67.79","101.05","0.49","311","50.12","2","0","0","1","138"
"30/7/2026, 00.57.00","E32_WS (Sector A)","28.19","67.8","101.06","0.63","309","50.12","2","0","0","1","138"
"30/7/2026, 00.57.05","E32_WS (Sector A)","28.19","67.83","101.05","0.5","321","50.12","2","0","0","1","138"
"30/7/2026, 00.57.10","E32_WS (Sector A)","28.18","67.82","101.05","0.46","321","50.12","2","0","0","1","138"
"30/7/2026, 00.57.15","E32_WS (Sector A)","28.19","67.82","101.05","0.52","326","50.12","2","0","0","1","138"
"30/7/2026, 00.57.20","E32_WS (Sector A)","28.18","67.81","101.05","0.43","331","50.12","2","0","0","1","138"
"30/7/2026, 00.57.25","E32_WS (Sector A)","28.19","67.78","101.05","0.4","356","50.12","2","0","0","1","138"
"30/7/2026, 00.57.30","E32_WS (Sector A)","28.19","67.75","101.05","0.47","338","50.12","2","0","0","1","138"
"30/7/2026, 00.57.35","E32_WS (Sector A)","28.19","67.75","101.05","0.37","328","50.12","2","0","0","1","138"
"30/7/2026, 00.57.40","E32_WS (Sector A)","28.19","67.76","101.05","0.38","331","50.12","2","0","0","1","138"
"30/7/2026, 00.57.45","E32_WS (Sector A)","28.18","67.78","101.05","0.33","316","50.12","2","0","0","1","138"
"30/7/2026, 00.57.50","E32_WS (Sector A)","28.18","67.84","101.05","0.3","351","50.12","2","0","0","1","138"
"30/7/2026, 00.57.55","E32_WS (Sector A)","28.19","67.76","101.05","0.35","341","50.12","2","0","0","1","138"
"30/7/2026, 00.58.00","E32_WS (Sector A)","28.19","67.73","101.05","0.38","344","50.12","2","0","0","1","138"
"30/7/2026, 00.58.05","E32_WS (Sector A)","28.19","67.71","101.05","0.47","340","50.12","2","0","0","1","138"
"30/7/2026, 00.58.10","E32_WS (Sector A)","28.19","67.73","101.05","0.48","331","50.12","2","0","0","1","138"
"30/7/2026, 00.58.15","E32_WS (Sector A)","28.19","67.77","101.05","0.55","351","50.12","2","0","0","1","138"
"30/7/2026, 00.58.20","E32_WS (Sector A)","28.19","67.72","101.05","0.54","323","50.12","2","0","0","1","138"
"30/7/2026, 00.58.25","E32_WS (Sector A)","28.18","67.78","101.05","0.35","315","50.12","2","0","0","1","138"
"30/7/2026, 00.58.30","E32_WS (Sector A)","28.18","67.78","101.05","0.43","322","50.12","2","0","0","1","138"
"30/7/2026, 00.58.35","E32_WS (Sector A)","28.18","67.8","101.05","0.43","320","50.12","2","0","0","1","138"
"30/7/2026, 00.58.40","E32_WS (Sector A)","28.18","67.82","101.05","0.41","330","50.12","2","0","0","1","138"
"30/7/2026, 00.58.45","E32_WS (Sector A)","28.18","67.84","101.05","0.42","332","50.12","2","0","0","1","138"
"30/7/2026, 00.58.50","E32_WS (Sector A)","28.18","67.84","101.05","0.52","344","50.12","2","0","0","1","138"
"30/7/2026, 00.58.55","E32_WS (Sector A)","28.18","67.8","101.05","0.5","337","50.12","2","0","0","1","138"
"30/7/2026, 00.59.00","E32_WS (Sector A)","28.18","67.75","101.05","0.58","341","50.12","2","0","0","1","138"
"30/7/2026, 00.59.05","E32_WS (Sector A)","28.18","67.68","101.05","0.6","343","50.12","2","0","0","1","138"
"30/7/2026, 00.59.10","E32_WS (Sector A)","28.18","67.65","101.05","0.54","348","50.12","2","0","0","1","138"
"30/7/2026, 00.59.15","E32_WS (Sector A)","28.18","67.62","101.04","0.43","338","50.12","2","0","0","1","138"
"30/7/2026, 00.59.20","E32_WS (Sector A)","28.18","67.62","101.05","0.46","344","50.12","2","0","0","1","138"
"30/7/2026, 00.59.25","E32_WS (Sector A)","28.18","67.61","101.05","0.39","328","50.12","2","0","0","1","138"
"30/7/2026, 00.59.30","E32_WS (Sector A)","28.18","67.68","101.05","0.38","307","50.12","2","0","0","1","138"
"30/7/2026, 00.59.35","E32_WS (Sector A)","28.18","67.73","101.04","0.5","316","50.12","2","0","0","1","138"
"30/7/2026, 00.59.40","E32_WS (Sector A)","28.17","67.75","101.05","0.39","318","50.12","2","0","0","1","138"
"30/7/2026, 00.59.45","E32_WS (Sector A)","28.17","67.78","101.05","0.49","315","50.12","2","0","0","1","138"
"30/7/2026, 00.59.50","E32_WS (Sector A)","28.17","67.8","101.05","0.57","329","50.12","2","0","0","1","138"
"30/7/2026, 00.59.55","E32_WS (Sector A)","28.17","67.83","101.04","0.49","339","50.12","2","0","0","1","138"
"30/7/2026, 01.00.00","E32_WS (Sector A)","28.17","67.83","101.04","0.41","334","50.12","2","0","0","1","138"
"30/7/2026, 01.00.05","E32_WS (Sector A)","28.17","67.82","101.05","0.41","352","50.12","2","0","0","1","138"
"30/7/2026, 01.00.10","E32_WS (Sector A)","28.17","67.78","101.04","0.4","350","50.12","2","0","0","1","138"
"30/7/2026, 01.00.15","E32_WS (Sector A)","28.17","67.75","101.04","0.37","330","50.12","2","0","0","1","138"
"30/7/2026, 01.00.20","E32_WS (Sector A)","28.17","67.77","101.04","0.4","329","50.12","2","0","0","1","138"
"30/7/2026, 01.00.25","E32_WS (Sector A)","28.17","67.75","101.04","0.39","337","50.12","2","0","0","1","138"
"30/7/2026, 01.00.30","E32_WS (Sector A)","28.17","67.74","101.04","0.42","336","50.12","2","0","0","1","138"
"30/7/2026, 01.00.35","E32_WS (Sector A)","28.17","67.74","101.04","0.48","326","50.12","2","0","0","1","138"
"30/7/2026, 01.00.40","E32_WS (Sector A)","28.17","67.78","101.04","0.34","337","50.12","2","0","0","1","138"
"30/7/2026, 01.00.45","E32_WS (Sector A)","28.17","67.77","101.04","0.37","336","50.12","2","0","0","1","138"
"30/7/2026, 01.00.50","E32_WS (Sector A)","28.17","67.73","101.04","0.41","342","50.12","2","0","0","1","138"
"30/7/2026, 01.00.55","E32_WS (Sector A)","28.17","67.71","101.04","0.45","346","50.12","2","0","0","1","138"
"30/7/2026, 01.01.00","E32_WS (Sector A)","28.17","67.68","101.04","0.45","342","50.12","2","0","0","1","138"
"30/7/2026, 01.01.05","E32_WS (Sector A)","28.17","67.65","101.04","0.4","342","50.12","2","0","0","1","138"
"30/7/2026, 01.01.10","E32_WS (Sector A)","28.17","67.65","101.04","0.45","341","50.12","2","0","0","1","138"
"30/7/2026, 01.01.15","E32_WS (Sector A)","28.17","67.65","101.04","0.5","320","50.12","2","0","0","1","138"
"30/7/2026, 01.01.20","E32_WS (Sector A)","28.17","67.76","101.04","0.35","322","50.12","2","0","0","1","138"
"30/7/2026, 01.01.25","E32_WS (Sector A)","28.16","67.8","101.04","0.32","326","50.12","2","0","0","1","138"
"30/7/2026, 01.01.30","E32_WS (Sector A)","28.16","67.83","101.04","0.42","318","50.12","2","0","0","1","138"
"30/7/2026, 01.01.35","E32_WS (Sector A)","28.16","67.84","101.04","0.52","329","50.12","2","0","0","1","138"
"30/7/2026, 01.01.40","E32_WS (Sector A)","28.17","67.88","101.04","0.54","336","50.12","2","0","0","1","138"
"30/7/2026, 01.01.45","E32_WS (Sector A)","28.16","67.88","101.04","0.4","330","50.12","2","0","0","1","138"
"30/7/2026, 01.01.50","E32_WS (Sector A)","28.16","67.87","101.03","0.4","334","50.12","2","0","0","1","138"
"30/7/2026, 01.01.55","E32_WS (Sector A)","28.16","67.86","101.03","0.41","343","50.12","2","0","0","1","138"
"30/7/2026, 01.02.00","E32_WS (Sector A)","28.17","67.82","101.04","0.39","348","50.12","2","0","0","1","138"
"30/7/2026, 01.02.05","E32_WS (Sector A)","28.16","67.75","101.04","0.39","352","50.12","2","0","0","1","138"
"30/7/2026, 01.02.10","E32_WS (Sector A)","28.16","67.71","101.04","0.47","347","50.12","2","0","0","1","138"
"30/7/2026, 01.02.15","E32_WS (Sector A)","28.16","67.7","101.04","0.44","346","50.12","2","0","0","1","138"
"30/7/2026, 01.02.20","E32_WS (Sector A)","28.17","67.7","101.03","0.45","340","50.12","2","0","0","1","138"
"30/7/2026, 01.02.25","E32_WS (Sector A)","28.16","67.71","101.03","0.48","344","50.12","2","0","0","1","138"
"30/7/2026, 01.02.30","E32_WS (Sector A)","28.17","67.7","101.04","0.57","342","50.12","2","0","0","1","138"
"30/7/2026, 01.02.35","E32_WS (Sector A)","28.17","67.65","101.03","0.64","345","50.12","2","0","0","1","138"
"30/7/2026, 01.02.40","E32_WS (Sector A)","28.17","67.59","101.03","0.36","358","50.12","2","0","0","1","138"
"30/7/2026, 01.02.45","E32_WS (Sector A)","28.17","67.56","101.03","0.46","356","50.12","2","0","0","1","138"
"30/7/2026, 01.02.50","E32_WS (Sector A)","28.16","67.57","101.03","0.46","349","50.12","2","0","0","1","138"
"30/7/2026, 01.02.55","E32_WS (Sector A)","28.17","67.56","101.03","0.41","337","50.12","2","0","0","1","138"
"30/7/2026, 01.03.00","E32_WS (Sector A)","28.17","67.73","101.03","0.4","323","50.12","2","0","0","1","138"
"30/7/2026, 01.03.05","E32_WS (Sector A)","28.17","67.82","101.03","0.44","329","50.12","2","0","0","1","138"
"30/7/2026, 01.03.10","E32_WS (Sector A)","28.17","67.87","101.03","0.46","333","50.12","2","0","0","1","138"
"30/7/2026, 01.03.15","E32_WS (Sector A)","28.17","67.88","101.04","0.44","338","50.12","2","0","0","1","138"
"30/7/2026, 01.03.20","E32_WS (Sector A)","28.16","67.84","101.03","0.46","341","50.12","2","0","0","1","138"
"30/7/2026, 01.03.25","E32_WS (Sector A)","28.16","67.82","101.03","0.47","342","50.12","2","0","0","1","138"
"30/7/2026, 01.03.30","E32_WS (Sector A)","28.17","67.76","101.03","0.51","348","50.12","2","0","0","1","138"
"30/7/2026, 01.03.35","E32_WS (Sector A)","28.17","67.74","101.03","0.5","344","50.12","2","0","0","1","138"
"30/7/2026, 01.03.40","E32_WS (Sector A)","28.16","67.69","101.03","0.44","330","50.12","2","0","0","1","138"
"30/7/2026, 01.03.45","E32_WS (Sector A)","28.17","67.7","101.03","0.43","340","50.12","2","0","0","1","138"
"30/7/2026, 01.03.50","E32_WS (Sector A)","28.16","67.72","101.03","0.34","327","50.12","2","0","0","1","138"
"30/7/2026, 01.03.55","E32_WS (Sector A)","28.16","67.75","101.03","0.41","335","50.12","2","0","0","1","138"
"30/7/2026, 01.04.00","E32_WS (Sector A)","28.17","67.76","101.03","0.4","327","50.12","2","0","0","1","138"
"30/7/2026, 01.04.05","E32_WS (Sector A)","28.17","67.78","101.03","0.31","354","50.12","2","0","0","1","138"
"30/7/2026, 01.04.10","E32_WS (Sector A)","28.17","67.71","101.03","0.5","334","50.12","2","0","0","1","138"
"30/7/2026, 01.04.15","E32_WS (Sector A)","28.17","67.73","101.03","0.5","322","50.12","2","0","0","1","138"
"30/7/2026, 01.04.20","E32_WS (Sector A)","28.17","67.77","101.03","0.5","340","50.12","2","0","0","1","138"
"30/7/2026, 01.04.25","E32_WS (Sector A)","28.16","67.75","101.03","0.54","338","50.12","2","0","0","1","138"
"30/7/2026, 01.04.30","E32_WS (Sector A)","28.17","67.73","101.03","0.59","340","50.12","2","0","0","1","138"
"30/7/2026, 01.04.35","E32_WS (Sector A)","28.17","67.69","101.03","0.52","340","50.12","2","0","0","1","138"
"30/7/2026, 01.04.40","E32_WS (Sector A)","28.17","67.69","101.03","0.48","331","50.12","2","0","0","1","138"
"30/7/2026, 01.04.45","E32_WS (Sector A)","28.17","67.71","101.03","0.43","330","50.12","2","0","0","1","138"
"30/7/2026, 01.04.50","E32_WS (Sector A)","28.17","67.75","101.03","0.4","318","50.12","2","0","0","1","138"
"30/7/2026, 01.04.55","E32_WS (Sector A)","28.16","67.82","101.03","0.39","330","50.12","2","0","0","1","138"
"30/7/2026, 01.05.00","E32_WS (Sector A)","28.16","67.85","101.03","0.45","335","50.12","2","0","0","1","138"
"30/7/2026, 01.05.05","E32_WS (Sector A)","28.16","67.87","101.03","0.43","321","50.12","2","0","0","1","138"
"30/7/2026, 01.05.10","E32_WS (Sector A)","28.16","67.91","101.03","0.47","339","50.12","2","0","0","1","138"
"30/7/2026, 01.05.15","E32_WS (Sector A)","28.16","67.88","101.03","0.45","337","50.12","2","0","0","1","138"
"30/7/2026, 01.05.20","E32_WS (Sector A)","28.16","67.85","101.03","0.42","338","50.12","2","0","0","1","138"
"30/7/2026, 01.05.25","E32_WS (Sector A)","28.16","67.83","101.03","0.44","333","50.12","2","0","0","1","138"
"30/7/2026, 01.05.30","E32_WS (Sector A)","28.16","67.86","101.03","0.42","340","50.12","2","0","0","1","138"
"30/7/2026, 01.05.35","E32_WS (Sector A)","28.16","67.83","101.03","0.48","320","50.12","2","0","0","1","138"
"30/7/2026, 01.05.40","E32_WS (Sector A)","28.16","67.86","101.03","0.5","325","50.12","2","0","0","1","138"
"30/7/2026, 01.05.45","E32_WS (Sector A)","28.16","67.87","101.03","0.49","328","50.12","2","0","0","1","138"
"30/7/2026, 01.05.50","E32_WS (Sector A)","28.16","67.89","101.03","0.46","339","50.12","2","0","0","1","138"
"30/7/2026, 01.05.55","E32_WS (Sector A)","28.16","67.88","101.03","0.46","335","50.12","2","0","0","1","138"
"30/7/2026, 01.06.00","E32_WS (Sector A)","28.16","67.86","101.03","0.52","324","50.12","2","0","0","1","138"
"30/7/2026, 01.06.05","E32_WS (Sector A)","28.16","67.84","101.03","0.56","337","50.12","2","0","0","1","138"
"30/7/2026, 01.06.10","E32_WS (Sector A)","28.16","67.78","101.03","0.51","332","50.12","2","0","0","1","138"
"30/7/2026, 01.06.15","E32_WS (Sector A)","28.16","67.77","101.03","0.49","328","50.12","2","0","0","1","138"
"30/7/2026, 01.06.20","E32_WS (Sector A)","28.16","67.79","101.03","0.39","334","50.12","2","0","0","1","138"
"30/7/2026, 01.06.25","E32_WS (Sector A)","28.15","67.82","101.03","0.45","320","50.12","2","0","0","1","138"
"30/7/2026, 01.06.30","E32_WS (Sector A)","28.15","67.85","101.03","0.49","327","50.12","2","0","0","1","138"
"30/7/2026, 01.06.35","E32_WS (Sector A)","28.15","67.87","101.03","0.58","331","50.12","2","0","0","1","138"
"30/7/2026, 01.06.40","E32_WS (Sector A)","28.15","67.86","101.03","0.5","320","50.12","2","0","0","1","138"
"30/7/2026, 01.06.45","E32_WS (Sector A)","28.15","67.87","101.03","0.48","330","50.12","2","0","0","1","138"
"30/7/2026, 01.06.50","E32_WS (Sector A)","28.15","67.83","101.03","0.48","342","50.12","2","0","0","1","138"
"30/7/2026, 01.06.55","E32_WS (Sector A)","28.15","67.83","101.03","0.45","314","50.12","2","0","0","1","138"
"30/7/2026, 01.07.00","E32_WS (Sector A)","28.15","67.84","101.03","0.46","316","50.12","2","0","0","1","138"
"30/7/2026, 01.07.05","E32_WS (Sector A)","28.14","67.86","101.03","0.35","338","50.12","2","0","0","1","138"
"30/7/2026, 01.07.10","E32_WS (Sector A)","28.14","67.83","101.03","0.41","328","50.12","2","0","0","1","138"
"30/7/2026, 01.07.15","E32_WS (Sector A)","28.14","67.87","101.03","0.44","333","50.12","2","0","0","1","138"
"30/7/2026, 01.07.20","E32_WS (Sector A)","28.14","67.88","101.03","0.42","329","50.12","2","0","0","1","138"
"30/7/2026, 01.07.25","E32_WS (Sector A)","28.14","67.89","101.03","0.41","335","50.12","2","0","0","1","138"
"30/7/2026, 01.07.30","E32_WS (Sector A)","28.14","67.88","101.03","0.38","346","50.12","2","0","0","1","138"
"30/7/2026, 01.07.35","E32_WS (Sector A)","28.14","67.85","101.03","0.39","358","50.12","2","0","0","1","138"
"30/7/2026, 01.07.40","E32_WS (Sector A)","28.14","67.8","101.03","0.46","350","50.12","2","0","0","1","138"
"30/7/2026, 01.07.45","E32_WS (Sector A)","28.14","67.76","101.03","0.41","337","50.12","2","0","0","1","138"
"30/7/2026, 01.07.50","E32_WS (Sector A)","28.14","67.76","101.03","0.45","343","50.12","2","0","0","1","138"
"30/7/2026, 01.07.55","E32_WS (Sector A)","28.14","67.75","101.03","0.36","352","50.12","2","0","0","1","138"
"30/7/2026, 01.08.00","E32_WS (Sector A)","28.14","67.71","101.03","0.33","338","50.12","2","0","0","1","138"
"30/7/2026, 01.08.05","E32_WS (Sector A)","28.14","67.7","101.03","0.31","339","50.12","2","0","0","1","138"
"30/7/2026, 01.08.10","E32_WS (Sector A)","28.14","67.67","101.03","0.37","326","50.12","2","0","0","1","138"
"30/7/2026, 01.08.15","E32_WS (Sector A)","28.14","67.72","101.03","0.37","321","50.12","2","0","0","1","138"
"30/7/2026, 01.08.20","E32_WS (Sector A)","28.14","67.84","101.03","0.31","328","50.12","2","0","0","1","138"
"30/7/2026, 01.08.25","E32_WS (Sector A)","28.14","67.84","101.03","0.28","340","50.12","2","0","0","1","138"
"30/7/2026, 01.08.30","E32_WS (Sector A)","28.14","67.77","101.03","0.28","341","50.12","2","0","0","1","138"
"30/7/2026, 01.08.35","E32_WS (Sector A)","28.14","67.76","101.03","0.28","351","50.12","2","0","0","1","138"
"30/7/2026, 01.08.40","E32_WS (Sector A)","28.15","67.75","101.03","0.45","352","50.12","2","0","0","1","138"
"30/7/2026, 01.08.45","E32_WS (Sector A)","28.15","67.75","101.03","0.41","348","50.12","2","0","0","1","138"
"30/7/2026, 01.08.50","E32_WS (Sector A)","28.15","67.74","101.03","0.4","339","50.12","2","0","0","1","138"
"30/7/2026, 01.08.55","E32_WS (Sector A)","28.15","67.74","101.03","0.42","352","50.12","2","0","0","1","138"
"30/7/2026, 01.09.00","E32_WS (Sector A)","28.15","67.74","101.03","0.38","1","50.12","2","0","0","1","138"
"30/7/2026, 01.09.05","E32_WS (Sector A)","28.15","67.74","101.03","0.35","346","50.12","2","0","0","1","138"
"30/7/2026, 01.09.10","E32_WS (Sector A)","28.15","67.72","101.03","0.33","335","50.12","2","0","0","1","138"
"30/7/2026, 01.09.15","E32_WS (Sector A)","28.15","67.72","101.03","0.39","327","50.12","2","0","0","1","138"
"30/7/2026, 01.09.20","E32_WS (Sector A)","28.15","67.78","101.03","0.52","321","50.12","2","0","0","1","138"
"30/7/2026, 01.09.25","E32_WS (Sector A)","28.15","67.85","101.03","0.52","334","50.12","2","0","0","1","138"
"30/7/2026, 01.09.30","E32_WS (Sector A)","28.15","67.86","101.03","0.46","359","50.12","2","0","0","1","138"
"30/7/2026, 01.09.35","E32_WS (Sector A)","28.14","67.83","101.03","0.47","331","50.12","2","0","0","1","138"
"30/7/2026, 01.09.40","E32_WS (Sector A)","28.15","67.82","101.03","0.41","330","50.12","2","0","0","1","138"
"30/7/2026, 01.09.45","E32_WS (Sector A)","28.15","67.82","101.03","0.46","344","50.12","2","0","0","1","138"
"30/7/2026, 01.09.50","E32_WS (Sector A)","28.15","67.8","101.03","0.47","336","50.12","2","0","0","1","138"
"30/7/2026, 01.09.55","E32_WS (Sector A)","28.15","67.78","101.03","0.51","343","50.12","2","0","0","1","138"
"30/7/2026, 01.10.00","E32_WS (Sector A)","28.15","67.75","101.03","0.49","350","50.12","2","0","0","1","138"
"30/7/2026, 01.10.05","E32_WS (Sector A)","28.14","67.75","101.03","0.4","353","50.12","2","0","0","1","138"
"30/7/2026, 01.10.10","E32_WS (Sector A)","28.15","67.74","101.03","0.4","354","50.12","2","0","0","1","138"
"30/7/2026, 01.10.15","E32_WS (Sector A)","28.15","67.71","101.03","0.44","348","50.12","2","0","0","1","138"
"30/7/2026, 01.10.20","E32_WS (Sector A)","28.15","67.68","101.03","0.47","346","50.12","2","0","0","1","138"
"30/7/2026, 01.10.25","E32_WS (Sector A)","28.15","67.67","101.03","0.34","343","50.12","2","0","0","1","138"
"30/7/2026, 01.10.30","E32_WS (Sector A)","28.15","67.64","101.03","0.34","337","50.12","2","0","0","1","138"
"30/7/2026, 01.10.35","E32_WS (Sector A)","28.15","67.63","101.03","0.34","338","50.12","2","0","0","1","138"
"30/7/2026, 01.10.40","E32_WS (Sector A)","28.15","67.65","101.03","0.48","323","50.12","2","0","0","1","138"
"30/7/2026, 01.10.45","E32_WS (Sector A)","28.15","67.75","101.03","0.34","326","50.12","2","0","0","1","138"
"30/7/2026, 01.10.50","E32_WS (Sector A)","28.15","67.77","101.03","0.33","328","50.12","2","0","0","1","138"
"30/7/2026, 01.10.55","E32_WS (Sector A)","28.15","67.78","101.03","0.4","329","50.12","2","0","0","1","138"
"30/7/2026, 01.11.00","E32_WS (Sector A)","28.15","67.83","101.03","0.46","325","50.12","2","0","0","1","138"
"30/7/2026, 01.11.05","E32_WS (Sector A)","28.15","67.86","101.03","0.34","337","50.12","2","0","0","1","138"
"30/7/2026, 01.11.10","E32_WS (Sector A)","28.14","67.84","101.03","0.41","313","50.12","2","0","0","1","138"
"30/7/2026, 01.11.15","E32_WS (Sector A)","28.14","67.86","101.03","0.45","326","50.12","2","0","0","1","138"
"30/7/2026, 01.11.20","E32_WS (Sector A)","28.14","67.85","101.03","0.46","321","50.12","2","0","0","1","138"
"30/7/2026, 01.11.25","E32_WS (Sector A)","28.14","67.9","101.03","0.49","331","50.12","2","0","0","1","138"
"30/7/2026, 01.11.30","E32_WS (Sector A)","28.14","67.9","101.03","0.48","334","50.12","2","0","0","1","138"
"30/7/2026, 01.11.35","E32_WS (Sector A)","28.14","67.89","101.03","0.49","334","50.12","2","0","0","1","138"
"30/7/2026, 01.11.40","E32_WS (Sector A)","28.14","67.89","101.03","0.54","329","50.12","2","0","0","1","138"
"30/7/2026, 01.11.45","E32_WS (Sector A)","28.14","67.91","101.03","0.48","333","50.12","2","0","0","1","138"
"30/7/2026, 01.11.50","E32_WS (Sector A)","28.14","67.91","101.03","0.45","334","50.12","2","0","0","1","138"
"30/7/2026, 01.11.55","E32_WS (Sector A)","28.14","67.9","101.03","0.43","335","50.12","2","0","0","1","138"
"30/7/2026, 01.12.00","E32_WS (Sector A)","28.14","67.9","101.03","0.41","337","50.12","2","0","0","1","138"
"30/7/2026, 01.12.05","E32_WS (Sector A)","28.14","67.87","101.03","0.45","332","50.12","2","0","0","1","138"
"30/7/2026, 01.12.10","E32_WS (Sector A)","28.13","67.84","101.03","0.47","337","50.12","2","0","0","1","138"
"30/7/2026, 01.12.15","E32_WS (Sector A)","28.13","67.81","101.03","0.43","344","50.12","2","0","0","1","138"
"30/7/2026, 01.12.20","E32_WS (Sector A)","28.13","67.76","101.03","0.51","341","50.12","2","0","0","1","138"
"30/7/2026, 01.12.25","E32_WS (Sector A)","28.14","67.74","101.03","0.38","342","50.12","2","0","0","1","138"
"30/7/2026, 01.12.30","E32_WS (Sector A)","28.14","67.72","101.03","0.4","355","50.12","2","0","0","1","138"
"30/7/2026, 01.12.35","E32_WS (Sector A)","28.13","67.71","101.03","0.4","331","50.12","2","0","0","1","138"
"30/7/2026, 01.12.40","E32_WS (Sector A)","28.13","67.7","101.03","0.35","349","50.12","2","0","0","1","138"
"30/7/2026, 01.12.45","E32_WS (Sector A)","28.13","67.67","101.03","0.46","355","50.12","2","0","0","1","138"
"30/7/2026, 01.12.50","E32_WS (Sector A)","28.13","67.65","101.02","0.39","351","50.12","2","0","0","1","138"
"30/7/2026, 01.12.55","E32_WS (Sector A)","28.13","67.63","101.02","0.35","7","50.12","2","0","0","1","138"
"30/7/2026, 01.13.00","E32_WS (Sector A)","28.13","67.62","101.02","0.4","357","50.12","2","0","0","1","138"
"30/7/2026, 01.13.05","E32_WS (Sector A)","28.13","67.63","101.02","0.47","1","50.12","2","0","0","1","138"
"30/7/2026, 01.13.10","E32_WS (Sector A)","28.13","67.62","101.02","0.5","355","50.12","2","0","0","1","138"
"30/7/2026, 01.13.15","E32_WS (Sector A)","28.13","67.6","101.02","0.54","357","50.12","2","0","0","1","138"
"30/7/2026, 01.13.20","E32_WS (Sector A)","28.13","67.6","101.03","0.56","350","50.12","2","0","0","1","138"
"30/7/2026, 01.13.25","E32_WS (Sector A)","28.13","67.6","101.02","0.59","346","50.12","2","0","0","1","138"
"30/7/2026, 01.13.30","E32_WS (Sector A)","28.14","67.59","101.02","0.57","335","50.12","2","0","0","1","138"
"30/7/2026, 01.13.35","E32_WS (Sector A)","28.13","67.59","101.02","0.48","336","50.12","2","0","0","1","138"
"30/7/2026, 01.13.40","E32_WS (Sector A)","28.13","67.63","101.02","0.38","330","50.12","2","0","0","1","138"
"30/7/2026, 01.13.45","E32_WS (Sector A)","28.13","67.68","101.03","0.4","335","50.12","2","0","0","1","138"
"30/7/2026, 01.13.50","E32_WS (Sector A)","28.13","67.68","101.02","0.38","332","50.12","2","0","0","1","138"
"30/7/2026, 01.13.55","E32_WS (Sector A)","28.13","67.7","101.02","0.37","351","50.12","2","0","0","1","138"
"30/7/2026, 01.14.00","E32_WS (Sector A)","28.13","67.65","101.02","0.33","347","50.12","2","0","0","1","138"
"30/7/2026, 01.14.05","E32_WS (Sector A)","28.13","67.62","101.02","0.36","347","50.12","2","0","0","1","138"
"30/7/2026, 01.14.10","E32_WS (Sector A)","28.13","67.62","101.02","0.46","344","50.12","2","0","0","1","138"
"30/7/2026, 01.14.15","E32_WS (Sector A)","28.13","67.62","101.03","0.44","340","50.12","2","0","0","1","138"
"30/7/2026, 01.14.20","E32_WS (Sector A)","28.13","67.65","101.02","0.37","323","50.12","2","0","0","1","138"
"30/7/2026, 01.14.25","E32_WS (Sector A)","28.13","67.7","101.02","0.52","349","50.12","2","0","0","1","138"
"30/7/2026, 01.14.30","E32_WS (Sector A)","28.13","67.68","101.02","0.53","323","50.12","2","0","0","1","138"
"30/7/2026, 01.14.35","E32_WS (Sector A)","28.13","67.73","101.02","0.44","0","50.12","2","0","0","1","138"
"30/7/2026, 01.14.40","E32_WS (Sector A)","28.13","67.72","101.02","0.48","323","50.12","2","0","0","1","138"
"30/7/2026, 01.14.45","E32_WS (Sector A)","28.12","67.73","101.02","0.56","309","50.12","2","0","0","1","138"
"30/7/2026, 01.14.50","E32_WS (Sector A)","28.12","67.78","101.02","0.31","316","50.12","2","0","0","1","138"
"30/7/2026, 01.14.55","E32_WS (Sector A)","28.12","67.8","101.02","0.4","306","50.12","2","0","0","1","138"
"30/7/2026, 01.15.00","E32_WS (Sector A)","28.12","67.82","101.02","0.41","327","50.12","2","0","0","1","138"
"30/7/2026, 01.15.05","E32_WS (Sector A)","28.11","67.81","101.02","0.47","331","50.12","2","0","0","1","138"
"30/7/2026, 01.15.10","E32_WS (Sector A)","28.11","67.81","101.02","0.53","328","50.12","2","0","0","1","138"
"30/7/2026, 01.15.15","E32_WS (Sector A)","28.12","67.84","101.02","0.56","346","50.12","2","0","0","1","138"
"30/7/2026, 01.15.20","E32_WS (Sector A)","28.12","67.8","101.02","0.57","353","50.12","2","0","0","1","138"
"30/7/2026, 01.15.25","E32_WS (Sector A)","28.11","67.74","101.02","0.42","348","50.12","2","0","0","1","138"
"30/7/2026, 01.15.30","E32_WS (Sector A)","28.12","67.73","101.02","0.44","344","50.12","2","0","0","1","138"
"30/7/2026, 01.15.35","E32_WS (Sector A)","28.11","67.69","101.02","0.48","351","50.12","2","0","0","1","138"
"30/7/2026, 01.15.40","E32_WS (Sector A)","28.11","67.68","101.02","0.49","343","50.12","2","0","0","1","138"
"30/7/2026, 01.15.45","E32_WS (Sector A)","28.12","67.65","101.02","0.49","341","50.12","2","0","0","1","138"
"30/7/2026, 01.15.50","E32_WS (Sector A)","28.12","67.65","101.02","0.59","342","50.12","2","0","0","1","138"
"30/7/2026, 01.15.55","E32_WS (Sector A)","28.11","67.62","101.02","0.58","338","50.12","2","0","0","1","138"
"30/7/2026, 01.16.00","E32_WS (Sector A)","28.12","67.66","101.02","0.58","336","50.12","2","0","0","1","138"
"30/7/2026, 01.16.05","E32_WS (Sector A)","28.11","67.71","101.02","0.33","325","50.12","2","0","0","1","138"
"30/7/2026, 01.16.10","E32_WS (Sector A)","28.11","67.71","101.02","0.46","331","50.12","2","0","0","1","138"
"30/7/2026, 01.16.15","E32_WS (Sector A)","28.11","67.71","101.02","0.48","346","50.12","2","0","0","1","138"
"30/7/2026, 01.16.20","E32_WS (Sector A)","28.11","67.69","101.02","0.49","338","50.12","2","0","0","1","138"
"30/7/2026, 01.16.25","E32_WS (Sector A)","28.12","67.69","101.02","0.48","330","50.12","2","0","0","1","138"
"30/7/2026, 01.16.30","E32_WS (Sector A)","28.11","67.71","101.02","0.53","335","50.12","2","0","0","1","138"
"30/7/2026, 01.16.35","E32_WS (Sector A)","28.11","67.73","101.02","0.52","327","50.12","2","0","0","1","138"
"30/7/2026, 01.16.40","E32_WS (Sector A)","28.11","67.77","101.02","0.4","315","50.12","2","0","0","1","138"
"30/7/2026, 01.16.45","E32_WS (Sector A)","28.11","67.74","101.02","0.51","308","50.12","2","0","0","1","138"
"30/7/2026, 01.16.50","E32_WS (Sector A)","28.1","67.77","101.02","0.67","332","50.12","2","0","0","1","138"
"30/7/2026, 01.16.55","E32_WS (Sector A)","28.1","67.77","101.02","0.64","337","50.12","2","0","0","1","138"
"30/7/2026, 01.17.00","E32_WS (Sector A)","28.1","67.73","101.02","0.52","350","50.12","2","0","0","1","138"
"30/7/2026, 01.17.05","E32_WS (Sector A)","28.11","67.69","101.02","0.48","333","50.12","2","0","0","1","138"
"30/7/2026, 01.17.10","E32_WS (Sector A)","28.1","67.7","101.02","0.57","308","50.12","2","0","0","1","138"
"30/7/2026, 01.17.15","E32_WS (Sector A)","28.09","67.75","101.02","0.48","318","50.12","2","0","0","1","138"
"30/7/2026, 01.17.20","E32_WS (Sector A)","28.09","67.75","101.02","0.52","322","50.12","2","0","0","1","138"
"30/7/2026, 01.17.25","E32_WS (Sector A)","28.09","67.79","101.02","0.43","336","50.12","2","0","0","1","138"
"30/7/2026, 01.17.30","E32_WS (Sector A)","28.1","67.8","101.02","0.38","325","50.12","2","0","0","1","138"
"30/7/2026, 01.17.35","E32_WS (Sector A)","28.09","67.78","101.02","0.37","307","50.12","2","0","0","2","138"
"30/7/2026, 01.17.40","E32_WS (Sector A)","28.07","67.79","101.01","0.29","324","50.12","2","0","0","2","138"
"30/7/2026, 01.17.45","E32_WS (Sector A)","28.08","67.78","101.01","0.38","341","50.12","2","0","0","2","138"
"30/7/2026, 01.17.50","E32_WS (Sector A)","28.08","67.79","101.02","0.39","325","50.12","2","0","0","1","138"
"30/7/2026, 01.17.55","E32_WS (Sector A)","28.08","67.81","101.02","0.44","325","50.12","2","0","0","1","138"
"30/7/2026, 01.18.00","E32_WS (Sector A)","28.07","67.83","101.02","0.51","333","50.12","2","0","0","1","138"
"30/7/2026, 01.18.05","E32_WS (Sector A)","28.07","67.83","101.01","0.62","332","50.12","2","0","0","1","138"
"30/7/2026, 01.18.10","E32_WS (Sector A)","28.07","67.82","101.01","0.35","332","50.12","2","0","0","1","138"
"30/7/2026, 01.18.15","E32_WS (Sector A)","28.07","67.81","101.01","0.41","351","50.12","2","0","0","1","138"
"30/7/2026, 01.18.20","E32_WS (Sector A)","28.07","67.78","101.01","0.39","329","50.12","2","0","0","1","138"
"30/7/2026, 01.18.25","E32_WS (Sector A)","28.07","67.75","101.02","0.44","321","50.12","2","0","0","1","138"
"30/7/2026, 01.18.30","E32_WS (Sector A)","28.06","67.76","101.01","0.41","319","50.12","2","0","0","2","138"
"30/7/2026, 01.18.35","E32_WS (Sector A)","28.06","67.81","101.01","0.51","316","50.12","2","0","0","2","138"
"30/7/2026, 01.18.40","E32_WS (Sector A)","28.06","67.84","101.01","0.43","319","50.12","2","0","0","2","138"
"30/7/2026, 01.18.45","E32_WS (Sector A)","28.06","67.84","101.01","0.37","309","50.12","2","0","0","1","138"
"30/7/2026, 01.18.50","E32_WS (Sector A)","28.05","67.86","101.01","0.46","309","50.12","2","0","0","1","138"
"30/7/2026, 01.18.55","E32_WS (Sector A)","28.05","67.88","101.01","0.35","331","50.12","2","0","0","1","138"
"30/7/2026, 01.19.00","E32_WS (Sector A)","28.05","67.87","101.02","0.47","348","50.12","2","0","0","1","138"
"30/7/2026, 01.19.05","E32_WS (Sector A)","28.05","67.83","101.01","0.41","331","50.12","2","0","0","1","138"
"30/7/2026, 01.19.10","E32_WS (Sector A)","28.05","67.82","101.01","0.45","332","50.12","2","0","0","1","138"
"30/7/2026, 01.19.15","E32_WS (Sector A)","28.05","67.82","101.01","0.49","332","50.12","2","0","0","1","138"
"30/7/2026, 01.19.20","E32_WS (Sector A)","28.05","67.81","101.02","0.39","334","50.12","2","0","0","1","138"
"30/7/2026, 01.19.25","E32_WS (Sector A)","28.05","67.83","101.01","0.36","323","50.12","2","0","0","1","138"
"30/7/2026, 01.19.30","E32_WS (Sector A)","28.05","67.84","101.01","0.43","319","50.12","2","0","0","1","138"
"30/7/2026, 01.19.35","E32_WS (Sector A)","28.05","67.87","101.02","0.37","336","50.12","2","0","0","1","138"
"30/7/2026, 01.19.40","E32_WS (Sector A)","28.05","67.87","101.01","0.3","345","50.12","2","0","0","1","138"
"30/7/2026, 01.19.45","E32_WS (Sector A)","28.05","67.84","101.02","0.36","344","50.12","2","0","0","1","138"
"30/7/2026, 01.19.50","E32_WS (Sector A)","28.05","67.81","101.01","0.29","320","50.12","2","0","0","1","138"
"30/7/2026, 01.19.55","E32_WS (Sector A)","28.05","67.83","101.01","0.44","323","50.12","2","0","0","1","138"
"30/7/2026, 01.20.00","E32_WS (Sector A)","28.04","67.86","101.02","0.48","331","50.12","2","0","0","1","138"
"30/7/2026, 01.20.05","E32_WS (Sector A)","28.05","67.91","101.02","0.55","339","50.12","2","0","0","1","138"
"30/7/2026, 01.20.10","E32_WS (Sector A)","28.04","67.9","101.01","0.41","346","50.12","2","0","0","1","138"
"30/7/2026, 01.20.15","E32_WS (Sector A)","28.05","67.83","101.01","0.41","335","50.12","2","0","0","1","138"
"30/7/2026, 01.20.20","E32_WS (Sector A)","28.05","67.83","101.01","0.45","343","50.12","2","0","0","1","138"
"30/7/2026, 01.20.25","E32_WS (Sector A)","28.05","67.8","101.01","0.44","348","50.12","2","0","0","1","138"
"30/7/2026, 01.20.30","E32_WS (Sector A)","28.05","67.79","101.01","0.58","347","50.12","2","0","0","1","138"
"30/7/2026, 01.20.35","E32_WS (Sector A)","28.05","67.77","101.02","0.5","345","50.12","2","0","0","1","138"
"30/7/2026, 01.20.40","E32_WS (Sector A)","28.05","67.74","101.01","0.57","339","50.12","2","0","0","1","138"
"30/7/2026, 01.20.45","E32_WS (Sector A)","28.05","67.75","101.01","0.56","337","50.12","2","0","0","1","138"
"30/7/2026, 01.20.50","E32_WS (Sector A)","28.05","67.84","101.01","0.52","334","50.12","2","0","0","1","138"
"30/7/2026, 01.20.55","E32_WS (Sector A)","28.04","67.88","101.01","0.36","345","50.12","2","0","0","1","138"
"30/7/2026, 01.21.00","E32_WS (Sector A)","28.05","67.83","101.02","0.39","340","50.12","2","0","0","1","138"
"30/7/2026, 01.21.05","E32_WS (Sector A)","28.05","67.79","101.02","0.42","327","50.12","2","0","0","1","138"
"30/7/2026, 01.21.10","E32_WS (Sector A)","28.04","67.83","101.01","0.44","328","50.12","2","0","0","1","138"
"30/7/2026, 01.21.15","E32_WS (Sector A)","28.05","67.87","101.02","0.41","349","50.12","2","0","0","1","138"
"30/7/2026, 01.21.20","E32_WS (Sector A)","28.05","67.84","101.02","0.42","333","50.12","2","0","0","1","138"
"30/7/2026, 01.21.25","E32_WS (Sector A)","28.05","67.87","101.01","0.34","9","50.12","2","0","0","1","138"
"30/7/2026, 01.21.30","E32_WS (Sector A)","28.05","67.83","101.01","0.5","350","50.12","2","0","0","1","138"
"30/7/2026, 01.21.35","E32_WS (Sector A)","28.05","67.82","101.01","0.5","321","50.12","2","0","0","1","138"
"30/7/2026, 01.21.40","E32_WS (Sector A)","28.04","67.87","101.01","0.43","323","50.12","2","0","0","1","138"
"30/7/2026, 01.21.45","E32_WS (Sector A)","28.05","67.94","101.01","0.44","327","50.12","2","0","0","1","138"
"30/7/2026, 01.21.50","E32_WS (Sector A)","28.05","67.99","101.01","0.43","326","50.12","2","0","0","1","138"
"30/7/2026, 01.21.55","E32_WS (Sector A)","28.05","68.04","101.02","0.42","328","50.12","2","0","0","1","138"
"30/7/2026, 01.22.00","E32_WS (Sector A)","28.05","68.07","101.01","0.4","329","50.12","2","0","0","1","138"
"30/7/2026, 01.22.05","E32_WS (Sector A)","28.05","68.06","101.01","0.39","336","50.12","2","0","0","1","138"
"30/7/2026, 01.22.10","E32_WS (Sector A)","28.05","68.03","101.01","0.44","349","50.12","2","0","0","1","138"
"30/7/2026, 01.22.15","E32_WS (Sector A)","28.05","67.98","101.01","0.42","349","50.12","2","0","0","1","138"
"30/7/2026, 01.22.20","E32_WS (Sector A)","28.05","67.96","101.01","0.41","324","50.12","2","0","0","1","138"
"30/7/2026, 01.22.25","E32_WS (Sector A)","28.05","68.01","101.02","0.4","322","50.12","2","0","0","1","138"
"30/7/2026, 01.22.30","E32_WS (Sector A)","28.05","68.03","101.02","0.51","325","50.12","2","0","0","1","138"
"30/7/2026, 01.22.35","E32_WS (Sector A)","28.05","68.03","101.01","0.44","327","50.12","2","0","0","1","138"
"30/7/2026, 01.22.40","E32_WS (Sector A)","28.05","68.01","101.02","0.43","326","50.12","2","0","0","1","138"
"30/7/2026, 01.22.45","E32_WS (Sector A)","28.05","68.03","101.01","0.39","327","50.12","2","0","0","1","138"
"30/7/2026, 01.22.50","E32_WS (Sector A)","28.05","68.03","101.01","0.35","329","50.12","2","0","0","1","138"
"30/7/2026, 01.22.55","E32_WS (Sector A)","28.05","68","101.01","0.41","325","50.12","2","0","0","1","138"
"30/7/2026, 01.23.00","E32_WS (Sector A)","28.05","68.01","101.02","0.44","332","50.12","2","0","0","1","138"
"30/7/2026, 01.23.05","E32_WS (Sector A)","28.05","67.99","101.01","0.38","333","50.12","2","0","0","1","138"
"30/7/2026, 01.23.10","E32_WS (Sector A)","28.05","67.95","101.02","0.56","348","50.12","2","0","0","1","138"
"30/7/2026, 01.23.15","E32_WS (Sector A)","28.05","67.89","101.02","0.54","332","50.12","2","0","0","1","138"
"30/7/2026, 01.23.20","E32_WS (Sector A)","28.05","67.9","101.01","0.51","328","50.12","2","0","0","1","138"
"30/7/2026, 01.23.25","E32_WS (Sector A)","28.05","67.92","101.01","0.5","332","50.12","2","0","0","1","138"
"30/7/2026, 01.23.30","E32_WS (Sector A)","28.05","67.94","101.02","0.45","332","50.12","2","0","0","1","138"
"30/7/2026, 01.23.35","E32_WS (Sector A)","28.06","67.98","101.01","0.5","337","50.12","2","0","0","1","138"
"30/7/2026, 01.23.40","E32_WS (Sector A)","28.05","67.95","101.01","0.52","340","50.12","2","0","0","1","138"
"30/7/2026, 01.23.45","E32_WS (Sector A)","28.06","67.93","101.01","0.47","346","50.12","2","0","0","1","138"
"30/7/2026, 01.23.50","E32_WS (Sector A)","28.06","67.9","101.01","0.49","340","50.12","2","0","0","1","138"
"30/7/2026, 01.23.55","E32_WS (Sector A)","28.05","67.88","101.01","0.49","339","50.12","2","0","0","1","138"
"30/7/2026, 01.24.00","E32_WS (Sector A)","28.06","67.87","101.01","0.51","341","50.12","2","0","0","1","138"
"30/7/2026, 01.24.05","E32_WS (Sector A)","28.06","67.88","101.01","0.49","332","50.12","2","0","0","1","138"
"30/7/2026, 01.24.10","E32_WS (Sector A)","28.06","67.93","101.02","0.43","334","50.12","2","0","0","1","138"
"30/7/2026, 01.24.15","E32_WS (Sector A)","28.06","67.92","101.01","0.41","335","50.12","2","0","0","1","138"
"30/7/2026, 01.24.20","E32_WS (Sector A)","28.06","67.91","101.01","0.37","338","50.12","2","0","0","1","138"
"30/7/2026, 01.24.25","E32_WS (Sector A)","28.06","67.87","101.01","0.45","345","50.12","2","0","0","1","138"
"30/7/2026, 01.24.30","E32_WS (Sector A)","28.06","67.83","101.01","0.4","351","50.12","2","0","0","1","138"
"30/7/2026, 01.24.35","E32_WS (Sector A)","28.06","67.81","101.01","0.48","344","50.12","2","0","0","1","138"
"30/7/2026, 01.24.40","E32_WS (Sector A)","28.06","67.79","101.01","0.38","336","50.12","2","0","0","1","138"
"30/7/2026, 01.24.45","E32_WS (Sector A)","28.06","67.77","101.01","0.45","327","50.12","2","0","0","1","138"
"30/7/2026, 01.24.50","E32_WS (Sector A)","28.06","67.82","101.01","0.45","325","50.12","2","0","0","1","138"
"30/7/2026, 01.24.55","E32_WS (Sector A)","28.07","67.87","101.01","0.45","340","50.12","2","0","0","1","138"
"30/7/2026, 01.25.00","E32_WS (Sector A)","28.06","67.86","101.01","0.47","333","50.12","2","0","0","1","138"
"30/7/2026, 01.25.05","E32_WS (Sector A)","28.06","67.87","101.01","0.4","346","50.12","2","0","0","1","138"
"30/7/2026, 01.25.10","E32_WS (Sector A)","28.06","67.84","101.01","0.47","328","50.12","2","0","0","1","138"
"30/7/2026, 01.25.15","E32_WS (Sector A)","28.06","67.84","101.01","0.47","328","50.12","2","0","0","1","138"
"30/7/2026, 01.25.20","E32_WS (Sector A)","28.06","67.86","101.01","0.48","329","50.12","2","0","0","1","138"
"30/7/2026, 01.25.25","E32_WS (Sector A)","28.06","67.88","101.01","0.49","334","50.12","2","0","0","1","138"
"30/7/2026, 01.25.30","E32_WS (Sector A)","28.06","67.88","101.01","0.48","336","50.12","2","0","0","1","138"
"30/7/2026, 01.25.35","E32_WS (Sector A)","28.06","67.86","101.01","0.47","342","50.12","2","0","0","1","138"
"30/7/2026, 01.25.40","E32_WS (Sector A)","28.06","67.83","101.01","0.45","337","50.12","2","0","0","1","138"
"30/7/2026, 01.25.45","E32_WS (Sector A)","28.06","67.84","101.01","0.49","343","50.12","2","0","0","1","138"
"30/7/2026, 01.25.50","E32_WS (Sector A)","28.06","67.82","101.01","0.48","337","50.12","2","0","0","1","138"
"30/7/2026, 01.25.55","E32_WS (Sector A)","28.06","67.82","101.01","0.49","342","50.12","2","0","0","1","138"
"30/7/2026, 01.26.00","E32_WS (Sector A)","28.06","67.77","101.01","0.48","348","50.12","2","0","0","1","138"
"30/7/2026, 01.26.05","E32_WS (Sector A)","28.06","67.76","101.01","0.48","340","50.12","2","0","0","2","138"
"30/7/2026, 01.26.10","E32_WS (Sector A)","28.06","67.76","101.01","0.48","341","50.12","2","0","0","1","138"
"30/7/2026, 01.26.15","E32_WS (Sector A)","28.06","67.72","101.01","0.49","340","50.12","2","0","0","1","138"
"30/7/2026, 01.26.20","E32_WS (Sector A)","28.06","67.74","101.01","0.47","336","50.12","2","0","0","1","138"
"30/7/2026, 01.26.25","E32_WS (Sector A)","28.06","67.74","101.01","0.47","337","50.12","2","0","0","1","138"
"30/7/2026, 01.26.30","E32_WS (Sector A)","28.06","67.75","101.01","0.4","332","50.12","2","0","0","1","138"
"30/7/2026, 01.26.35","E32_WS (Sector A)","28.07","67.76","101.01","0.42","334","50.12","2","0","0","1","138"
"30/7/2026, 01.26.40","E32_WS (Sector A)","28.06","67.76","101.01","0.41","329","50.12","2","0","0","1","138"
"30/7/2026, 01.26.45","E32_WS (Sector A)","28.07","67.76","101.01","0.46","332","50.12","2","0","0","1","138"
"30/7/2026, 01.26.50","E32_WS (Sector A)","28.06","67.78","101.01","0.41","347","50.12","2","0","0","1","138"
"30/7/2026, 01.26.55","E32_WS (Sector A)","28.06","67.77","101.01","0.43","340","50.12","2","0","0","1","138"
"30/7/2026, 01.27.00","E32_WS (Sector A)","28.06","67.76","101.01","0.39","348","50.12","2","0","0","1","138"
"30/7/2026, 01.27.05","E32_WS (Sector A)","28.06","67.7","101.01","0.43","336","50.12","2","0","0","1","138"
"30/7/2026, 01.27.10","E32_WS (Sector A)","28.06","67.73","101.01","0.45","328","50.12","2","0","0","1","138"
"30/7/2026, 01.27.15","E32_WS (Sector A)","28.06","67.76","101.01","0.44","335","50.12","2","0","0","1","138"
"30/7/2026, 01.27.20","E32_WS (Sector A)","28.06","67.76","101.01","0.42","328","50.12","2","0","0","1","138"
"30/7/2026, 01.27.25","E32_WS (Sector A)","28.06","67.81","101.01","0.47","340","50.12","2","0","0","1","138"
"30/7/2026, 01.27.30","E32_WS (Sector A)","28.06","67.82","101.01","0.48","335","50.12","2","0","0","1","138"
"30/7/2026, 01.27.35","E32_WS (Sector A)","28.06","67.79","101.01","0.45","340","50.12","2","0","0","1","138"
"30/7/2026, 01.27.40","E32_WS (Sector A)","28.06","67.78","101.01","0.41","353","50.12","2","0","0","2","138"
"30/7/2026, 01.27.45","E32_WS (Sector A)","28.06","67.73","101.01","0.4","336","50.12","2","0","0","1","138"
"30/7/2026, 01.27.50","E32_WS (Sector A)","28.06","67.69","101.01","0.52","346","50.12","2","0","0","2","138"
"30/7/2026, 01.27.55","E32_WS (Sector A)","28.06","67.66","101.01","0.52","342","50.12","2","0","0","1","138"
"30/7/2026, 01.28.00","E32_WS (Sector A)","28.06","67.63","101.01","0.46","341","50.12","2","0","0","1","138"
"30/7/2026, 01.28.05","E32_WS (Sector A)","28.06","67.6","101.01","0.53","341","50.12","2","0","0","1","138"
"30/7/2026, 01.28.10","E32_WS (Sector A)","28.06","67.59","101.01","0.48","337","50.12","2","0","0","1","138"
"30/7/2026, 01.28.15","E32_WS (Sector A)","28.06","67.59","101.01","0.5","336","50.12","2","0","0","1","138"
"30/7/2026, 01.28.20","E32_WS (Sector A)","28.06","67.6","101.01","0.49","334","50.12","2","0","0","1","138"
"30/7/2026, 01.28.25","E32_WS (Sector A)","28.06","67.65","101.01","0.43","323","50.12","2","0","0","1","138"
"30/7/2026, 01.28.30","E32_WS (Sector A)","28.06","67.68","101.01","0.34","333","50.12","2","0","0","1","138"
"30/7/2026, 01.28.35","E32_WS (Sector A)","28.06","67.67","101.01","0.25","356","50.12","2","0","0","1","138"
"30/7/2026, 01.28.40","E32_WS (Sector A)","28.06","67.59","101.01","0.36","332","50.12","2","0","0","1","138"
"30/7/2026, 01.28.45","E32_WS (Sector A)","28.06","67.61","101.01","0.48","325","50.12","2","0","0","1","138"
"30/7/2026, 01.28.50","E32_WS (Sector A)","28.06","67.63","101.01","0.45","335","50.12","2","0","0","1","138"
"30/7/2026, 01.28.55","E32_WS (Sector A)","28.06","67.64","101.01","0.41","323","50.12","2","0","0","2","138"
"30/7/2026, 01.29.00","E32_WS (Sector A)","28.06","67.69","101.01","0.41","314","50.12","2","0","0","2","138"
"30/7/2026, 01.29.05","E32_WS (Sector A)","28.06","67.7","101.01","0.44","331","50.12","2","0","0","2","138"
"30/7/2026, 01.29.10","E32_WS (Sector A)","28.06","67.71","101.01","0.28","314","50.12","2","0","0","2","138"
"30/7/2026, 01.29.15","E32_WS (Sector A)","28.05","67.69","101.01","0.28","341","50.12","2","0","0","2","138"
"30/7/2026, 01.29.20","E32_WS (Sector A)","28.05","67.66","101.01","0.36","312","50.12","2","0","0","2","138"
"30/7/2026, 01.29.25","E32_WS (Sector A)","28.06","67.68","101.01","0.35","331","50.12","2","0","0","2","138"
"30/7/2026, 01.29.30","E32_WS (Sector A)","28.05","67.69","101.01","0.38","323","50.12","2","0","0","2","138"
"30/7/2026, 01.29.35","E32_WS (Sector A)","28.05","67.69","101.01","0.36","343","50.12","2","0","0","2","138"
"30/7/2026, 01.29.40","E32_WS (Sector A)","28.05","67.67","101.01","0.3","299","50.12","2","0","0","2","138"
"30/7/2026, 01.29.45","E32_WS (Sector A)","28.05","67.72","101.01","0.33","317","50.12","2","0","0","2","138"
"30/7/2026, 01.29.50","E32_WS (Sector A)","28.05","67.75","101.01","0.49","324","50.12","2","0","0","2","138"
"30/7/2026, 01.29.55","E32_WS (Sector A)","28.04","67.76","101.01","0.42","324","50.12","2","0","0","2","138"
"30/7/2026, 01.30.00","E32_WS (Sector A)","28.04","67.75","101.01","0.42","313","50.12","2","0","0","2","138"
"30/7/2026, 01.30.05","E32_WS (Sector A)","28.04","67.79","101.01","0.39","314","50.12","2","0","0","1","138"
"30/7/2026, 01.30.10","E32_WS (Sector A)","28.03","67.8","101.01","0.38","331","50.12","2","0","0","1","138"
"30/7/2026, 01.30.15","E32_WS (Sector A)","28.04","67.82","101.01","0.42","321","50.12","2","0","0","1","138"
"30/7/2026, 01.30.20","E32_WS (Sector A)","28.04","67.82","101.01","0.39","321","50.12","2","0","0","1","138"
"30/7/2026, 01.30.25","E32_WS (Sector A)","28.04","67.84","101.01","0.45","324","50.12","2","0","0","1","138"
"30/7/2026, 01.30.30","E32_WS (Sector A)","28.04","67.8","101.01","0.41","317","50.12","2","0","0","1","138"
"30/7/2026, 01.30.35","E32_WS (Sector A)","28.03","67.81","101.01","0.48","326","50.12","2","0","0","1","138"
"30/7/2026, 01.30.40","E32_WS (Sector A)","28.03","67.79","101.01","0.42","329","50.12","2","0","0","1","138"
"30/7/2026, 01.30.45","E32_WS (Sector A)","28.03","67.8","101.01","0.45","331","50.12","2","0","0","1","138"
"30/7/2026, 01.30.50","E32_WS (Sector A)","28.03","67.82","101.01","0.43","335","50.12","2","0","0","1","138"
"30/7/2026, 01.30.55","E32_WS (Sector A)","28.03","67.81","101.01","0.44","330","50.12","2","0","0","1","138"
"30/7/2026, 01.31.00","E32_WS (Sector A)","28.03","67.8","101.01","0.47","345","50.12","2","0","0","1","138"
"30/7/2026, 01.31.05","E32_WS (Sector A)","28.03","67.78","101.01","0.49","338","50.12","2","0","0","1","138"
"30/7/2026, 01.31.10","E32_WS (Sector A)","28.03","67.76","101.01","0.5","342","50.12","2","0","0","1","138"
"30/7/2026, 01.31.15","E32_WS (Sector A)","28.03","67.72","101.01","0.45","334","50.12","2","0","0","1","138"
"30/7/2026, 01.31.20","E32_WS (Sector A)","28.03","67.73","101.01","0.44","338","50.12","2","0","0","1","138"
"30/7/2026, 01.31.25","E32_WS (Sector A)","28.03","67.73","101.01","0.43","337","50.12","2","0","0","1","138"
"30/7/2026, 01.31.30","E32_WS (Sector A)","28.03","67.73","101.01","0.42","333","50.12","2","0","0","1","138"
"30/7/2026, 01.31.35","E32_WS (Sector A)","28.03","67.73","101.01","0.37","335","50.12","2","0","0","1","138"
"30/7/2026, 01.31.40","E32_WS (Sector A)","28.03","67.75","101.01","0.4","328","50.12","2","0","0","1","138"
"30/7/2026, 01.31.45","E32_WS (Sector A)","28.03","67.84","101.01","0.34","340","50.12","2","0","0","1","138"
"30/7/2026, 01.31.50","E32_WS (Sector A)","28.03","67.82","101.01","0.39","332","50.12","2","0","0","1","138"
"30/7/2026, 01.31.55","E32_WS (Sector A)","28.03","67.83","101.01","0.44","337","50.12","2","0","0","1","138"
"30/7/2026, 01.32.00","E32_WS (Sector A)","28.03","67.83","101.01","0.42","349","50.12","2","0","0","1","138"
"30/7/2026, 01.32.05","E32_WS (Sector A)","28.03","67.79","101.01","0.43","347","50.12","2","0","0","1","138"
"30/7/2026, 01.32.10","E32_WS (Sector A)","28.03","67.75","101.01","0.48","336","50.12","2","0","0","1","138"
"30/7/2026, 01.32.15","E32_WS (Sector A)","28.03","67.76","101.01","0.5","328","50.12","2","0","0","1","138"
"30/7/2026, 01.32.20","E32_WS (Sector A)","28.03","67.83","101.01","0.41","336","50.12","2","0","0","1","138"
"30/7/2026, 01.32.25","E32_WS (Sector A)","28.03","67.81","101.01","0.44","311","50.12","2","0","0","1","138"
"30/7/2026, 01.32.30","E32_WS (Sector A)","28.03","67.79","101.01","0.44","309","50.12","2","0","0","1","138"
"30/7/2026, 01.32.35","E32_WS (Sector A)","28.02","67.8","101.01","0.51","315","50.12","2","0","0","1","138"
"30/7/2026, 01.32.40","E32_WS (Sector A)","28.02","67.81","101.01","0.46","329","50.12","2","0","0","1","138"
"30/7/2026, 01.32.45","E32_WS (Sector A)","28.02","67.84","101.01","0.46","326","50.12","2","0","0","1","138"
"30/7/2026, 01.32.50","E32_WS (Sector A)","28.03","67.87","101.01","0.45","335","50.12","2","0","0","1","138"
"30/7/2026, 01.32.55","E32_WS (Sector A)","28.02","67.89","101.01","0.46","334","50.12","2","0","0","1","138"
"30/7/2026, 01.33.00","E32_WS (Sector A)","28.03","67.86","101.01","0.43","336","50.12","2","0","0","1","138"
"30/7/2026, 01.33.05","E32_WS (Sector A)","28.03","67.85","101.01","0.41","343","50.12","2","0","0","1","138"
"30/7/2026, 01.33.10","E32_WS (Sector A)","28.03","67.8","101.01","0.37","342","50.12","2","0","0","1","138"
"30/7/2026, 01.33.15","E32_WS (Sector A)","28.03","67.76","101.01","0.4","355","50.12","2","0","0","1","138"
"30/7/2026, 01.33.20","E32_WS (Sector A)","28.02","67.71","101.01","0.42","356","50.12","2","0","0","1","138"
"30/7/2026, 01.33.25","E32_WS (Sector A)","28.02","67.69","101.01","0.49","349","50.12","2","0","0","1","138"
"30/7/2026, 01.33.30","E32_WS (Sector A)","28.02","67.68","101.01","0.4","342","50.12","2","0","0","1","138"
"30/7/2026, 01.33.35","E32_WS (Sector A)","28.02","67.74","101.01","0.41","344","50.12","2","0","0","1","138"
"30/7/2026, 01.33.40","E32_WS (Sector A)","28.03","67.74","101.01","0.37","344","50.12","2","0","0","1","138"
"30/7/2026, 01.33.45","E32_WS (Sector A)","28.03","67.73","101.01","0.44","349","50.12","2","0","0","1","138"
"30/7/2026, 01.33.50","E32_WS (Sector A)","28.02","67.7","101.01","0.46","333","50.12","2","0","0","1","138"
"30/7/2026, 01.33.55","E32_WS (Sector A)","28.03","67.72","101.01","0.42","331","50.12","2","0","0","2","138"
"30/7/2026, 01.34.00","E32_WS (Sector A)","28.03","67.76","101.01","0.34","344","50.12","2","0","0","2","138"
"30/7/2026, 01.34.05","E32_WS (Sector A)","28.03","67.71","101.01","0.37","339","50.12","2","0","0","1","138"
"30/7/2026, 01.34.10","E32_WS (Sector A)","28.03","67.69","101.01","0.4","325","50.12","2","0","0","1","138"
"30/7/2026, 01.34.15","E32_WS (Sector A)","28.03","67.78","101.01","0.4","332","50.12","2","0","0","1","138"
"30/7/2026, 01.34.20","E32_WS (Sector A)","28.02","67.8","101.01","0.42","334","50.12","2","0","0","1","138"
"30/7/2026, 01.34.25","E32_WS (Sector A)","28.03","67.79","101.01","0.45","327","50.12","2","0","0","2","138"
"30/7/2026, 01.34.30","E32_WS (Sector A)","28.02","67.8","101.01","0.41","333","50.12","2","0","0","1","138"
"30/7/2026, 01.34.35","E32_WS (Sector A)","28.02","67.79","101.01","0.47","329","50.12","2","0","0","1","138"
"30/7/2026, 01.34.40","E32_WS (Sector A)","28.03","67.79","101.01","0.42","325","50.12","2","0","0","1","138"
"30/7/2026, 01.34.45","E32_WS (Sector A)","28.02","67.84","101.01","0.4","337","50.12","2","0","0","1","138"
"30/7/2026, 01.34.50","E32_WS (Sector A)","28.02","67.83","101.01","0.39","324","50.12","2","0","0","1","138"
"30/7/2026, 01.34.55","E32_WS (Sector A)","28.02","67.83","101.01","0.42","327","50.12","2","0","0","1","138"
"30/7/2026, 01.35.00","E32_WS (Sector A)","28.02","67.87","101.01","0.43","337","50.12","2","0","0","1","138"
"30/7/2026, 01.35.05","E32_WS (Sector A)","28.03","67.86","101.01","0.49","335","50.12","2","0","0","1","138"
"30/7/2026, 01.35.10","E32_WS (Sector A)","28.02","67.83","101","0.46","327","50.12","2","0","0","1","138"
"30/7/2026, 01.35.15","E32_WS (Sector A)","28.02","67.85","101.01","0.46","333","50.12","2","0","0","1","138"
"30/7/2026, 01.35.20","E32_WS (Sector A)","28.02","67.84","101.01","0.46","333","50.12","2","0","0","1","138"
"30/7/2026, 01.35.25","E32_WS (Sector A)","28.02","67.85","101.01","0.44","328","50.12","2","0","0","1","138"
"30/7/2026, 01.35.30","E32_WS (Sector A)","28.02","67.84","101.01","0.39","340","50.12","2","0","0","1","138"
"30/7/2026, 01.35.35","E32_WS (Sector A)","28.02","67.84","101.01","0.43","333","50.12","2","0","0","1","138"
"30/7/2026, 01.35.40","E32_WS (Sector A)","28.03","67.84","101.01","0.43","325","50.12","2","0","0","1","138"
"30/7/2026, 01.35.45","E32_WS (Sector A)","28.02","67.85","101","0.43","326","50.12","2","0","0","1","138"
"30/7/2026, 01.35.50","E32_WS (Sector A)","28.02","67.88","101.01","0.44","329","50.12","2","0","0","1","138"
"30/7/2026, 01.35.55","E32_WS (Sector A)","28.02","67.89","101","0.41","332","50.12","2","0","0","2","138"
"30/7/2026, 01.36.00","E32_WS (Sector A)","28.02","67.88","101.01","0.38","337","50.12","2","0","0","2","138"
"30/7/2026, 01.36.05","E32_WS (Sector A)","28.02","67.85","101","0.44","335","50.12","2","0","0","1","138"
"30/7/2026, 01.36.10","E32_WS (Sector A)","28.02","67.82","101","0.49","338","50.12","2","0","0","2","138"
"30/7/2026, 01.36.15","E32_WS (Sector A)","28.02","67.81","101","0.54","333","50.12","2","0","0","2","138"
"30/7/2026, 01.36.20","E32_WS (Sector A)","28.02","67.82","101.01","0.55","349","50.12","2","0","0","1","138"
"30/7/2026, 01.36.25","E32_WS (Sector A)","28.02","67.76","101.01","0.53","350","50.12","2","0","0","1","138"
"30/7/2026, 01.36.30","E32_WS (Sector A)","28.03","67.73","101","0.43","339","50.12","2","0","0","1","138"
"30/7/2026, 01.36.35","E32_WS (Sector A)","28.02","67.73","101","0.44","335","50.12","2","0","0","1","138"
"30/7/2026, 01.36.40","E32_WS (Sector A)","28.03","67.72","101","0.43","336","50.12","2","0","0","1","138"
"30/7/2026, 01.36.45","E32_WS (Sector A)","28.02","67.75","101","0.43","327","50.12","2","0","0","1","138"
"30/7/2026, 01.36.50","E32_WS (Sector A)","28.02","67.78","101","0.48","325","50.12","2","0","0","1","138"
"30/7/2026, 01.36.55","E32_WS (Sector A)","28.02","67.83","101.01","0.43","325","50.12","2","0","0","1","138"
"30/7/2026, 01.37.00","E32_WS (Sector A)","28.02","67.84","101","0.5","327","50.12","2","0","0","1","138"
"30/7/2026, 01.37.05","E32_WS (Sector A)","28.02","67.84","101.01","0.42","315","50.12","2","0","0","1","138"
"30/7/2026, 01.37.10","E32_WS (Sector A)","28.02","67.8","101","0.43","336","50.12","2","0","0","1","138"
"30/7/2026, 01.37.15","E32_WS (Sector A)","28.02","67.79","101","0.49","334","50.12","2","0","0","2","138"
"30/7/2026, 01.37.20","E32_WS (Sector A)","28.02","67.79","101","0.47","334","50.12","2","0","0","1","138"
"30/7/2026, 01.37.25","E32_WS (Sector A)","28.02","67.79","101","0.48","330","50.12","2","0","0","1","138"
"30/7/2026, 01.37.30","E32_WS (Sector A)","28.02","67.8","101","0.42","334","50.12","2","0","0","1","138"
"30/7/2026, 01.37.35","E32_WS (Sector A)","28.02","67.8","101","0.38","333","50.12","2","0","0","2","138"
"30/7/2026, 01.37.40","E32_WS (Sector A)","28.02","67.79","101","0.34","342","50.12","2","0","0","1","138"
"30/7/2026, 01.37.45","E32_WS (Sector A)","28.02","67.75","101","0.47","344","50.12","2","0","0","1","138"
"30/7/2026, 01.37.50","E32_WS (Sector A)","28.02","67.72","101","0.34","357","50.12","2","0","0","1","138"
"30/7/2026, 01.37.55","E32_WS (Sector A)","28.02","67.67","101","0.42","345","50.12","2","0","0","1","138"
"30/7/2026, 01.38.00","E32_WS (Sector A)","28.02","67.66","101","0.4","342","50.12","2","0","0","2","138"
"30/7/2026, 01.38.05","E32_WS (Sector A)","28.02","67.67","101","0.39","337","50.12","2","0","0","2","138"
"30/7/2026, 01.38.10","E32_WS (Sector A)","28.02","67.66","101","0.38","338","50.12","2","0","0","1","138"
"30/7/2026, 01.38.15","E32_WS (Sector A)","28.02","67.66","101","0.39","351","50.12","2","0","0","2","138"
"30/7/2026, 01.38.20","E32_WS (Sector A)","28.02","67.62","101","0.43","353","50.12","2","0","0","2","138"
"30/7/2026, 01.38.25","E32_WS (Sector A)","28.02","67.62","101","0.49","327","50.12","2","0","0","2","138"
"30/7/2026, 01.38.30","E32_WS (Sector A)","28.02","67.65","101","0.55","324","50.12","2","0","0","2","138"
"30/7/2026, 01.38.35","E32_WS (Sector A)","28.01","67.7","101","0.55","328","50.12","2","0","0","2","138"
"30/7/2026, 01.38.40","E32_WS (Sector A)","28.02","67.72","101","0.48","340","50.12","2","0","0","2","138"
"30/7/2026, 01.38.45","E32_WS (Sector A)","28.02","67.69","101","0.44","300","50.12","2","0","0","2","138"
"30/7/2026, 01.38.50","E32_WS (Sector A)","28.01","67.69","101","0.52","340","50.12","2","0","0","2","138"
"30/7/2026, 01.38.55","E32_WS (Sector A)","28.01","67.68","101","0.58","345","50.12","2","0","0","2","138"
"30/7/2026, 01.39.00","E32_WS (Sector A)","28.01","67.66","101","0.45","324","50.12","2","0","0","2","138"
"30/7/2026, 01.39.05","E32_WS (Sector A)","28.01","67.66","101","0.5","338","50.12","2","0","0","2","138"
"30/7/2026, 01.39.10","E32_WS (Sector A)","28.01","67.65","101","0.52","341","50.12","2","0","0","2","138"
"30/7/2026, 01.39.15","E32_WS (Sector A)","28.01","67.64","101","0.5","344","50.12","2","0","0","2","138"
"30/7/2026, 01.39.20","E32_WS (Sector A)","28.01","67.64","101","0.53","340","50.12","2","0","0","2","138"
"30/7/2026, 01.39.25","E32_WS (Sector A)","28.01","67.64","101","0.5","328","50.12","2","0","0","2","138"
"30/7/2026, 01.39.30","E32_WS (Sector A)","28.01","67.65","101","0.49","328","50.12","2","0","0","2","138"
"30/7/2026, 01.39.35","E32_WS (Sector A)","28.01","67.68","101","0.42","335","50.12","2","0","0","2","138"
"30/7/2026, 01.39.40","E32_WS (Sector A)","28.01","67.67","101","0.4","339","50.12","2","0","0","2","138"
"30/7/2026, 01.39.45","E32_WS (Sector A)","28.01","67.66","101","0.42","346","50.12","2","0","0","2","138"
"30/7/2026, 01.39.50","E32_WS (Sector A)","28.01","67.61","101","0.51","343","50.12","2","0","0","2","138"
"30/7/2026, 01.39.55","E32_WS (Sector A)","28.02","67.61","101","0.49","339","50.12","2","0","0","1","138"
"30/7/2026, 01.40.00","E32_WS (Sector A)","28.01","67.61","101","0.47","341","50.12","2","0","0","1","138"
"30/7/2026, 01.40.05","E32_WS (Sector A)","28.01","67.59","101","0.43","338","50.12","2","0","0","1","138"
"30/7/2026, 01.40.10","E32_WS (Sector A)","28.01","67.57","101","0.44","339","50.12","2","0","0","1","138"
"30/7/2026, 01.40.15","E32_WS (Sector A)","28.02","67.57","101","0.38","339","50.12","2","0","0","1","138"
"30/7/2026, 01.40.20","E32_WS (Sector A)","28.02","67.56","101","0.37","336","50.12","2","0","0","2","138"
"30/7/2026, 01.40.25","E32_WS (Sector A)","28.02","67.53","101","0.4","338","50.12","2","0","0","1","138"
"30/7/2026, 01.40.30","E32_WS (Sector A)","28.02","67.52","101","0.41","339","50.12","2","0","0","1","138"
"30/7/2026, 01.40.35","E32_WS (Sector A)","28.02","67.52","101","0.42","340","50.12","2","0","0","1","138"
"30/7/2026, 01.40.40","E32_WS (Sector A)","28.02","67.51","101","0.41","335","50.12","2","0","0","1","138"
"30/7/2026, 01.40.45","E32_WS (Sector A)","28.02","67.52","101","0.43","342","50.12","2","0","0","1","138"
"30/7/2026, 01.40.50","E32_WS (Sector A)","28.02","67.53","101","0.43","339","50.12","2","0","0","1","138"
"30/7/2026, 01.40.55","E32_WS (Sector A)","28.02","67.51","100.99","0.38","326","50.12","2","0","0","1","138"
"30/7/2026, 01.41.00","E32_WS (Sector A)","28.02","67.59","100.99","0.53","328","50.12","2","0","0","1","138"
"30/7/2026, 01.41.05","E32_WS (Sector A)","28.02","67.66","101","0.47","355","50.12","2","0","0","1","138"
"30/7/2026, 01.41.10","E32_WS (Sector A)","28.02","67.65","101","0.45","348","50.12","2","0","0","1","138"
"30/7/2026, 01.41.15","E32_WS (Sector A)","28.02","67.61","101","0.51","344","50.12","2","0","0","1","138"
"30/7/2026, 01.41.20","E32_WS (Sector A)","28.02","67.59","101","0.48","341","50.12","2","0","0","1","138"
"30/7/2026, 01.41.25","E32_WS (Sector A)","28.01","67.57","100.99","0.44","340","50.12","2","0","0","1","138"
"30/7/2026, 01.41.30","E32_WS (Sector A)","28.02","67.56","100.99","0.34","337","50.12","2","0","0","1","138"
"30/7/2026, 01.41.35","E32_WS (Sector A)","28.02","67.52","101","0.38","348","50.12","2","0","0","2","138"
"30/7/2026, 01.41.40","E32_WS (Sector A)","28.02","67.51","101","0.32","334","50.12","2","0","0","1","138"
"30/7/2026, 01.41.45","E32_WS (Sector A)","28.02","67.5","100.99","0.35","341","50.12","2","0","0","1","138"
"30/7/2026, 01.41.50","E32_WS (Sector A)","28.02","67.47","101","0.43","339","50.12","2","0","0","1","138"
"30/7/2026, 01.41.55","E32_WS (Sector A)","28.02","67.49","100.99","0.46","330","50.12","2","0","0","1","138"
"30/7/2026, 01.42.00","E32_WS (Sector A)","28.02","67.53","100.99","0.47","334","50.12","2","0","0","1","138"
"30/7/2026, 01.42.05","E32_WS (Sector A)","28.02","67.57","100.99","0.5","336","50.12","2","0","0","1","138"
"30/7/2026, 01.42.10","E32_WS (Sector A)","28.02","67.6","101","0.53","345","50.12","2","0","0","1","138"
"30/7/2026, 01.42.15","E32_WS (Sector A)","28.02","67.57","101","0.55","350","50.12","2","0","0","1","138"
"30/7/2026, 01.42.20","E32_WS (Sector A)","28.02","67.5","101","0.53","339","50.12","2","0","0","1","138"
"30/7/2026, 01.42.25","E32_WS (Sector A)","28.02","67.52","101","0.37","322","50.12","2","0","0","1","138"
"30/7/2026, 01.42.30","E32_WS (Sector A)","28.02","67.6","100.99","0.46","313","50.12","2","0","0","1","138"
"30/7/2026, 01.42.35","E32_WS (Sector A)","28.01","67.64","100.99","0.41","318","50.12","2","0","0","1","138"
"30/7/2026, 01.42.40","E32_WS (Sector A)","28.01","67.68","100.99","0.4","328","50.12","2","0","0","1","138"
"30/7/2026, 01.42.45","E32_WS (Sector A)","28.01","67.72","100.99","0.49","333","50.12","2","0","0","1","138"
"30/7/2026, 01.42.50","E32_WS (Sector A)","28.02","67.72","101","0.52","351","50.12","2","0","0","1","138"
"30/7/2026, 01.42.55","E32_WS (Sector A)","28.01","67.68","100.99","0.42","348","50.12","2","0","0","1","138"
"30/7/2026, 01.43.00","E32_WS (Sector A)","28.01","67.64","100.99","0.42","352","50.12","2","0","0","1","138"
"30/7/2026, 01.43.05","E32_WS (Sector A)","28.01","67.6","100.99","0.49","345","50.12","2","0","0","1","138"
"30/7/2026, 01.43.10","E32_WS (Sector A)","28.01","67.61","100.99","0.48","338","50.12","2","0","0","1","138"
"30/7/2026, 01.43.15","E32_WS (Sector A)","28.01","67.61","101","0.49","337","50.12","2","0","0","1","138"
"30/7/2026, 01.43.20","E32_WS (Sector A)","28.02","67.6","100.99","0.44","331","50.12","2","0","0","1","138"
"30/7/2026, 01.43.25","E32_WS (Sector A)","28.02","67.64","100.99","0.4","334","50.12","2","0","0","1","138"
"30/7/2026, 01.43.30","E32_WS (Sector A)","28.01","67.64","100.99","0.44","331","50.12","2","0","0","1","138"
"30/7/2026, 01.43.35","E32_WS (Sector A)","28.01","67.66","100.99","0.45","330","50.12","2","0","0","1","138"
"30/7/2026, 01.43.40","E32_WS (Sector A)","28.01","67.67","100.99","0.57","336","50.12","2","0","0","1","138"
"30/7/2026, 01.43.45","E32_WS (Sector A)","28.02","67.67","100.99","0.51","340","50.12","2","0","0","1","138"
"30/7/2026, 01.43.50","E32_WS (Sector A)","28.01","67.66","100.99","0.63","336","50.12","2","0","0","1","138"
"30/7/2026, 01.43.55","E32_WS (Sector A)","28.02","67.63","100.99","0.52","331","50.12","2","0","0","1","138"
"30/7/2026, 01.44.00","E32_WS (Sector A)","28.01","67.64","100.99","0.49","331","50.12","2","0","0","2","138"
"30/7/2026, 01.44.05","E32_WS (Sector A)","28.02","67.66","100.99","0.51","337","50.12","2","0","0","2","138"
"30/7/2026, 01.44.10","E32_WS (Sector A)","28.02","67.64","100.99","0.46","341","50.12","2","0","0","2","138"
"30/7/2026, 01.44.15","E32_WS (Sector A)","28.01","67.62","100.99","0.43","347","50.12","2","0","0","2","138"
"30/7/2026, 01.44.20","E32_WS (Sector A)","28.02","67.58","100.99","0.52","342","50.12","2","0","0","1","138"
"30/7/2026, 01.44.25","E32_WS (Sector A)","28.02","67.56","100.99","0.56","344","50.12","2","0","0","2","138"
"30/7/2026, 01.44.30","E32_WS (Sector A)","28.01","67.49","100.99","0.54","342","50.12","2","0","0","2","138"
"30/7/2026, 01.44.35","E32_WS (Sector A)","28.01","67.49","100.99","0.46","336","50.12","2","0","0","2","138"
"30/7/2026, 01.44.40","E32_WS (Sector A)","28.01","67.49","100.99","0.4","340","50.12","2","0","0","1","138"
"30/7/2026, 01.44.45","E32_WS (Sector A)","28.01","67.49","100.99","0.37","324","50.12","2","0","0","1","138"
"30/7/2026, 01.44.50","E32_WS (Sector A)","28.01","67.53","100.99","0.56","317","50.12","2","0","0","1","138"
"30/7/2026, 01.44.55","E32_WS (Sector A)","28","67.56","100.99","0.43","314","50.12","2","0","0","1","138"
"30/7/2026, 01.45.00","E32_WS (Sector A)","28.01","67.62","100.99","0.46","319","50.12","2","0","0","1","138"
"30/7/2026, 01.45.05","E32_WS (Sector A)","28","67.67","100.99","0.51","327","50.12","2","0","0","2","138"
"30/7/2026, 01.45.10","E32_WS (Sector A)","28","67.65","100.99","0.56","332","50.12","2","0","0","2","138"
"30/7/2026, 01.45.15","E32_WS (Sector A)","28","67.63","100.99","0.49","333","50.12","2","0","0","2","138"
"30/7/2026, 01.45.20","E32_WS (Sector A)","28","67.61","100.99","0.46","319","50.12","2","0","0","2","138"
"30/7/2026, 01.45.25","E32_WS (Sector A)","27.99","67.58","100.99","0.52","304","50.12","2","0","0","2","138"
"30/7/2026, 01.45.30","E32_WS (Sector A)","27.99","67.56","100.99","0.64","318","50.12","2","0","0","2","138"
"30/7/2026, 01.45.35","E32_WS (Sector A)","27.99","67.59","100.99","0.52","329","50.12","2","0","1","2","138"
"30/7/2026, 01.45.40","E32_WS (Sector A)","27.99","67.56","100.99","0.53","327","50.12","2","0","0","2","138"
"30/7/2026, 01.45.45","E32_WS (Sector A)","27.98","67.57","100.99","0.54","336","50.12","2","0","1","2","138"
"30/7/2026, 01.45.50","E32_WS (Sector A)","27.98","67.55","100.99","0.68","342","50.12","2","0","1","2","138"
"30/7/2026, 01.45.55","E32_WS (Sector A)","27.98","67.54","100.99","0.45","343","50.12","2","0","1","2","138"
"30/7/2026, 01.46.00","E32_WS (Sector A)","27.98","67.53","100.98","0.47","316","50.12","2","0","1","2","138"
"30/7/2026, 01.46.05","E32_WS (Sector A)","27.98","67.54","100.99","0.58","359","50.12","2","0","0","2","138"
"30/7/2026, 01.46.10","E32_WS (Sector A)","27.98","67.52","100.99","0.58","345","50.12","2","0","0","2","138"
"30/7/2026, 01.46.15","E32_WS (Sector A)","27.98","67.52","100.98","0.36","306","50.12","2","0","1","2","138"
"30/7/2026, 01.46.20","E32_WS (Sector A)","27.98","67.54","100.98","0.31","324","50.12","2","0","1","2","138"
"30/7/2026, 01.46.25","E32_WS (Sector A)","27.98","67.54","100.98","0.42","329","50.12","2","0","1","2","138"
"30/7/2026, 01.46.30","E32_WS (Sector A)","27.97","67.56","100.98","0.43","282","50.12","2","0","0","2","138"
"30/7/2026, 01.46.35","E32_WS (Sector A)","27.97","67.58","100.98","0.31","301","50.12","2","0","0","2","138"
"30/7/2026, 01.46.40","E32_WS (Sector A)","27.97","67.61","100.98","0.42","337","50.12","2","0","0","2","138"
"30/7/2026, 01.46.45","E32_WS (Sector A)","27.97","67.61","100.98","0.45","329","50.12","2","0","0","2","138"
"30/7/2026, 01.46.50","E32_WS (Sector A)","27.97","67.63","100.98","0.44","332","50.12","2","0","1","2","138"
"30/7/2026, 01.46.55","E32_WS (Sector A)","27.96","67.62","100.98","0.49","340","50.12","2","0","0","2","138"
"30/7/2026, 01.47.00","E32_WS (Sector A)","27.97","67.61","100.98","0.44","337","50.12","2","0","1","2","138"
"30/7/2026, 01.47.05","E32_WS (Sector A)","27.97","67.58","100.98","0.44","328","50.12","2","0","0","2","138"
"30/7/2026, 01.47.10","E32_WS (Sector A)","27.97","67.59","100.98","0.38","326","50.12","2","0","0","2","138"
"30/7/2026, 01.47.15","E32_WS (Sector A)","27.97","67.65","100.98","0.27","331","50.12","2","0","0","2","138"
"30/7/2026, 01.47.20","E32_WS (Sector A)","27.96","67.61","100.98","0.55","353","50.12","2","0","1","2","138"
"30/7/2026, 01.47.25","E32_WS (Sector A)","27.97","67.59","100.98","0.38","307","50.12","2","0","0","2","138"
"30/7/2026, 01.47.30","E32_WS (Sector A)","27.96","67.61","100.98","0.2","326","50.12","2","0","1","2","138"
"30/7/2026, 01.47.35","E32_WS (Sector A)","27.96","67.59","100.98","0.42","356","50.12","2","0","0","2","138"
"30/7/2026, 01.47.40","E32_WS (Sector A)","27.97","67.57","100.98","0.37","351","50.12","2","0","0","2","138"
"30/7/2026, 01.47.45","E32_WS (Sector A)","27.97","67.54","100.98","0.41","332","50.12","2","0","0","2","138"
"30/7/2026, 01.47.50","E32_WS (Sector A)","27.96","67.52","100.98","0.52","323","50.12","2","0","0","1","138"
"30/7/2026, 01.47.55","E32_WS (Sector A)","27.97","67.58","100.99","0.32","339","50.12","2","0","0","2","138"
"30/7/2026, 01.48.00","E32_WS (Sector A)","27.96","67.56","100.98","0.32","342","50.12","2","0","0","1","138"
"30/7/2026, 01.48.05","E32_WS (Sector A)","27.96","67.54","100.98","0.29","347","50.12","2","0","0","1","138"
"30/7/2026, 01.48.10","E32_WS (Sector A)","27.96","67.53","100.98","0.42","308","50.12","2","0","0","2","138"
"30/7/2026, 01.48.15","E32_WS (Sector A)","27.95","67.57","100.98","0.38","297","50.12","2","0","0","2","138"
"30/7/2026, 01.48.20","E32_WS (Sector A)","27.95","67.61","100.98","0.46","319","50.12","2","0","0","2","138"
"30/7/2026, 01.48.25","E32_WS (Sector A)","27.95","67.69","100.98","0.4","321","50.12","2","0","0","2","138"
"30/7/2026, 01.48.30","E32_WS (Sector A)","27.95","67.66","100.98","0.38","336","50.12","2","0","0","2","138"
"30/7/2026, 01.48.35","E32_WS (Sector A)","27.95","67.62","100.98","0.35","318","50.12","2","0","0","2","138"
"30/7/2026, 01.48.40","E32_WS (Sector A)","27.95","67.63","100.98","0.39","340","50.12","2","0","0","1","138"
"30/7/2026, 01.48.45","E32_WS (Sector A)","27.95","67.6","100.98","0.43","323","50.12","2","0","0","2","138"
"30/7/2026, 01.48.50","E32_WS (Sector A)","27.95","67.66","100.98","0.49","338","50.12","2","0","0","2","138"
"30/7/2026, 01.48.55","E32_WS (Sector A)","27.95","67.66","100.98","0.47","342","50.12","2","0","0","1","138"
"30/7/2026, 01.49.00","E32_WS (Sector A)","27.95","67.62","100.98","0.49","344","50.12","2","0","0","1","138"
"30/7/2026, 01.49.05","E32_WS (Sector A)","27.95","67.6","100.98","0.5","336","50.12","2","0","0","1","138"
"30/7/2026, 01.49.10","E32_WS (Sector A)","27.95","67.61","100.98","0.51","334","50.12","2","0","0","1","138"
"30/7/2026, 01.49.15","E32_WS (Sector A)","27.95","67.6","100.98","0.46","341","50.12","2","0","0","1","138"
"30/7/2026, 01.49.20","E32_WS (Sector A)","27.95","67.58","100.98","0.43","335","50.12","2","0","0","1","138"
"30/7/2026, 01.49.25","E32_WS (Sector A)","27.96","67.6","100.98","0.43","334","50.12","2","0","0","1","138"
"30/7/2026, 01.49.30","E32_WS (Sector A)","27.96","67.59","100.98","0.45","337","50.12","2","0","0","1","138"
"30/7/2026, 01.49.35","E32_WS (Sector A)","27.96","67.58","100.98","0.43","340","50.12","2","0","0","1","138"
"30/7/2026, 01.49.40","E32_WS (Sector A)","27.96","67.56","100.98","0.41","342","50.12","2","0","0","1","138"
"30/7/2026, 01.49.45","E32_WS (Sector A)","27.96","67.54","100.98","0.37","354","50.12","2","0","0","1","138"
"30/7/2026, 01.49.50","E32_WS (Sector A)","27.96","67.5","100.98","0.41","348","50.12","2","0","0","1","138"
"30/7/2026, 01.49.55","E32_WS (Sector A)","27.96","67.48","100.98","0.4","350","50.12","2","0","0","1","138"
"30/7/2026, 01.50.00","E32_WS (Sector A)","27.96","67.45","100.98","0.38","342","50.12","2","0","0","2","138"
"30/7/2026, 01.50.05","E32_WS (Sector A)","27.96","67.45","100.98","0.41","350","50.12","2","0","0","2","138"
"30/7/2026, 01.50.10","E32_WS (Sector A)","27.97","67.43","100.98","0.37","343","50.12","2","0","0","1","138"
"30/7/2026, 01.50.15","E32_WS (Sector A)","27.96","67.43","100.98","0.43","351","50.12","2","0","0","2","138"
"30/7/2026, 01.50.20","E32_WS (Sector A)","27.97","67.44","100.98","0.46","346","50.12","2","0","0","2","138"
"30/7/2026, 01.50.25","E32_WS (Sector A)","27.96","67.45","100.98","0.43","344","50.12","2","0","0","1","138"
"30/7/2026, 01.50.30","E32_WS (Sector A)","27.97","67.44","100.98","0.47","342","50.12","2","0","0","1","138"
"30/7/2026, 01.50.35","E32_WS (Sector A)","27.97","67.47","100.98","0.52","340","50.12","2","0","0","1","138"
"30/7/2026, 01.50.40","E32_WS (Sector A)","27.97","67.49","100.98","0.47","336","50.12","2","0","0","1","138"
"30/7/2026, 01.50.45","E32_WS (Sector A)","27.97","67.56","100.98","0.38","325","50.12","2","0","0","2","138"
"30/7/2026, 01.50.50","E32_WS (Sector A)","27.97","67.61","100.98","0.37","324","50.12","2","0","0","2","138"
"30/7/2026, 01.50.55","E32_WS (Sector A)","27.97","67.63","100.98","0.33","330","50.12","2","0","0","2","138"
"30/7/2026, 01.51.00","E32_WS (Sector A)","27.97","67.64","100.98","0.38","326","50.12","2","0","0","1","138"
"30/7/2026, 01.51.05","E32_WS (Sector A)","27.97","67.65","100.98","0.44","329","50.12","2","0","0","1","138"
"30/7/2026, 01.51.10","E32_WS (Sector A)","27.97","67.64","100.98","0.37","334","50.12","2","0","0","2","138"
"30/7/2026, 01.51.15","E32_WS (Sector A)","27.97","67.63","100.98","0.41","335","50.12","2","0","0","1","138"
"30/7/2026, 01.51.20","E32_WS (Sector A)","27.97","67.65","100.98","0.46","343","50.12","2","0","0","2","138"
"30/7/2026, 01.51.25","E32_WS (Sector A)","27.97","67.65","100.98","0.45","347","50.12","2","0","0","1","138"
"30/7/2026, 01.51.30","E32_WS (Sector A)","27.97","67.59","100.98","0.51","351","50.12","2","0","0","1","138"
"30/7/2026, 01.51.35","E32_WS (Sector A)","27.97","67.54","100.98","0.48","334","50.12","2","0","0","1","138"
"30/7/2026, 01.51.40","E32_WS (Sector A)","27.97","67.58","100.98","0.39","330","50.12","2","0","0","1","138"
"30/7/2026, 01.51.45","E32_WS (Sector A)","27.97","67.63","100.98","0.4","329","50.12","2","0","0","1","138"
"30/7/2026, 01.51.50","E32_WS (Sector A)","27.97","67.62","100.98","0.46","331","50.12","2","0","0","1","138"
"30/7/2026, 01.51.55","E32_WS (Sector A)","27.97","67.66","100.98","0.45","327","50.12","2","0","0","1","138"
"30/7/2026, 01.52.00","E32_WS (Sector A)","27.97","67.7","100.98","0.49","343","50.12","2","0","0","2","138"
"30/7/2026, 01.52.05","E32_WS (Sector A)","27.97","67.66","100.98","0.41","346","50.12","2","0","0","2","138"
"30/7/2026, 01.52.10","E32_WS (Sector A)","27.97","67.63","100.98","0.5","341","50.12","2","0","0","2","138"
"30/7/2026, 01.52.15","E32_WS (Sector A)","27.97","67.61","100.98","0.5","339","50.12","2","0","0","2","138"
"30/7/2026, 01.52.20","E32_WS (Sector A)","27.97","67.59","100.98","0.47","349","50.12","2","0","0","1","138"
"30/7/2026, 01.52.25","E32_WS (Sector A)","27.97","67.56","100.98","0.5","339","50.12","2","0","0","1","138"
"30/7/2026, 01.52.30","E32_WS (Sector A)","27.97","67.6","100.98","0.47","327","50.12","2","0","0","1","138"
"30/7/2026, 01.52.35","E32_WS (Sector A)","27.97","67.61","100.98","0.45","334","50.12","2","0","0","2","138"
"30/7/2026, 01.52.40","E32_WS (Sector A)","27.97","67.6","100.98","0.33","342","50.12","2","0","0","2","138"
"30/7/2026, 01.52.45","E32_WS (Sector A)","27.97","67.57","100.98","0.35","337","50.12","2","0","0","1","138"
"30/7/2026, 01.52.50","E32_WS (Sector A)","27.97","67.54","100.98","0.42","332","50.12","2","0","0","1","138"
"30/7/2026, 01.52.55","E32_WS (Sector A)","27.97","67.59","100.99","0.44","326","50.12","2","0","0","1","138"
"30/7/2026, 01.53.00","E32_WS (Sector A)","27.97","67.61","100.98","0.47","334","50.12","2","0","0","1","138"
"30/7/2026, 01.53.05","E32_WS (Sector A)","27.97","67.59","100.98","0.45","336","50.12","2","0","0","1","138"
"30/7/2026, 01.53.10","E32_WS (Sector A)","27.97","67.61","100.98","0.49","345","50.12","2","0","0","1","138"
"30/7/2026, 01.53.15","E32_WS (Sector A)","27.97","67.59","100.98","0.47","348","50.12","2","0","0","1","138"
"30/7/2026, 01.53.20","E32_WS (Sector A)","27.97","67.55","100.98","0.46","345","50.12","2","0","0","1","138"
"30/7/2026, 01.53.25","E32_WS (Sector A)","27.97","67.54","100.98","0.41","333","50.12","2","0","0","1","138"
"30/7/2026, 01.53.30","E32_WS (Sector A)","27.97","67.58","100.98","0.46","333","50.12","2","0","0","1","138"
"30/7/2026, 01.53.35","E32_WS (Sector A)","27.97","67.61","100.98","0.42","335","50.12","2","0","0","1","138"
"30/7/2026, 01.53.40","E32_WS (Sector A)","27.97","67.64","100.98","0.4","330","50.12","2","0","0","2","138"
"30/7/2026, 01.53.45","E32_WS (Sector A)","27.97","67.66","100.98","0.39","329","50.12","2","0","0","2","138"
"30/7/2026, 01.53.50","E32_WS (Sector A)","27.97","67.67","100.98","0.4","333","50.12","2","0","0","1","138"
"30/7/2026, 01.53.55","E32_WS (Sector A)","27.97","67.67","100.98","0.41","342","50.12","2","0","0","2","138"
"30/7/2026, 01.54.00","E32_WS (Sector A)","27.97","67.6","100.98","0.42","346","50.12","2","0","0","2","138"
"30/7/2026, 01.54.05","E32_WS (Sector A)","27.97","67.58","100.98","0.46","338","50.12","2","0","0","2","138"
"30/7/2026, 01.54.10","E32_WS (Sector A)","27.97","67.58","100.99","0.35","331","50.12","2","0","0","2","138"
"30/7/2026, 01.54.15","E32_WS (Sector A)","27.97","67.56","100.98","0.38","339","50.12","2","0","0","2","138"
"30/7/2026, 01.54.20","E32_WS (Sector A)","27.97","67.53","100.99","0.42","315","50.12","2","0","0","1","138"
"30/7/2026, 01.54.25","E32_WS (Sector A)","27.97","67.56","100.99","0.45","331","50.12","2","0","0","2","138"
"30/7/2026, 01.54.30","E32_WS (Sector A)","27.97","67.58","100.98","0.51","327","50.12","2","0","0","2","138"
"30/7/2026, 01.54.35","E32_WS (Sector A)","27.97","67.59","100.98","0.45","322","50.12","2","0","0","1","138"
"30/7/2026, 01.54.40","E32_WS (Sector A)","27.97","67.6","100.98","0.46","336","50.12","2","0","0","2","138"
"30/7/2026, 01.54.45","E32_WS (Sector A)","27.96","67.56","100.98","0.36","357","50.12","2","0","0","2","138"
"30/7/2026, 01.54.50","E32_WS (Sector A)","27.97","67.54","100.98","0.46","345","50.12","2","0","0","1","138"
"30/7/2026, 01.54.55","E32_WS (Sector A)","27.96","67.51","100.98","0.43","315","50.12","2","0","0","1","138"
"30/7/2026, 01.55.00","E32_WS (Sector A)","27.96","67.5","100.99","0.48","312","50.12","2","0","0","2","138"
"30/7/2026, 01.55.05","E32_WS (Sector A)","27.96","67.56","100.98","0.57","315","50.12","2","0","0","1","138"
"30/7/2026, 01.55.10","E32_WS (Sector A)","27.95","67.58","100.98","0.6","327","50.12","2","0","0","2","138"
"30/7/2026, 01.55.15","E32_WS (Sector A)","27.95","67.57","100.98","0.46","332","50.12","2","0","0","2","138"
"30/7/2026, 01.55.20","E32_WS (Sector A)","27.95","67.55","100.98","0.45","340","50.12","2","0","0","2","138"
"30/7/2026, 01.55.25","E32_WS (Sector A)","27.95","67.52","100.98","0.51","324","50.12","2","0","0","2","138"
"30/7/2026, 01.55.30","E32_WS (Sector A)","27.94","67.51","100.98","0.62","316","50.12","2","0","0","2","138"
"30/7/2026, 01.55.35","E32_WS (Sector A)","27.95","67.52","100.98","0.52","320","50.12","2","0","1","2","138"
"30/7/2026, 01.55.40","E32_WS (Sector A)","27.94","67.54","100.98","0.42","322","50.12","2","0","0","2","138"
"30/7/2026, 01.55.45","E32_WS (Sector A)","27.95","67.53","100.98","0.55","328","50.12","2","0","0","2","138"
"30/7/2026, 01.55.50","E32_WS (Sector A)","27.94","67.55","100.98","0.48","322","50.12","2","0","0","2","138"
"30/7/2026, 01.55.55","E32_WS (Sector A)","27.94","67.55","100.98","0.44","327","50.12","2","0","0","1","138"
"30/7/2026, 01.56.00","E32_WS (Sector A)","27.94","67.54","100.98","0.46","333","50.12","2","0","0","1","138"
"30/7/2026, 01.56.05","E32_WS (Sector A)","27.94","67.55","100.98","0.29","335","50.12","2","0","0","1","138"
"30/7/2026, 01.56.10","E32_WS (Sector A)","27.94","67.51","100.98","0.41","339","50.12","2","0","0","2","138"
"30/7/2026, 01.56.15","E32_WS (Sector A)","27.94","67.5","100.98","0.55","325","50.12","2","0","0","1","138"
"30/7/2026, 01.56.20","E32_WS (Sector A)","27.94","67.55","100.98","0.48","348","50.12","2","0","0","2","138"
"30/7/2026, 01.56.25","E32_WS (Sector A)","27.94","67.52","100.98","0.48","351","50.12","2","0","0","2","138"
"30/7/2026, 01.56.30","E32_WS (Sector A)","27.94","67.55","100.98","0.38","342","50.12","2","0","0","2","138"
"30/7/2026, 01.56.35","E32_WS (Sector A)","27.94","67.5","100.98","0.4","349","50.12","2","0","0","1","138"
"30/7/2026, 01.56.40","E32_WS (Sector A)","27.94","67.48","100.98","0.37","347","50.12","2","0","0","2","138"
"30/7/2026, 01.56.45","E32_WS (Sector A)","27.94","67.46","100.98","0.38","340","50.12","2","0","0","1","138"
"30/7/2026, 01.56.50","E32_WS (Sector A)","27.94","67.47","100.98","0.42","335","50.12","2","0","0","2","138"
"30/7/2026, 01.56.55","E32_WS (Sector A)","27.94","67.48","100.98","0.34","333","50.12","2","0","0","2","138"
"30/7/2026, 01.57.00","E32_WS (Sector A)","27.94","67.5","100.98","0.4","334","50.12","2","0","0","2","138"
"30/7/2026, 01.57.05","E32_WS (Sector A)","27.94","67.46","100.98","0.4","340","50.12","2","0","0","1","138"
"30/7/2026, 01.57.10","E32_WS (Sector A)","27.94","67.5","100.98","0.39","328","50.12","2","0","0","2","138"
"30/7/2026, 01.57.15","E32_WS (Sector A)","27.94","67.57","100.98","0.41","326","50.12","2","0","0","2","138"
"30/7/2026, 01.57.20","E32_WS (Sector A)","27.94","67.61","100.98","0.41","330","50.12","2","0","0","1","138"
"30/7/2026, 01.57.25","E32_WS (Sector A)","27.94","67.6","100.98","0.37","335","50.12","2","0","0","1","138"
"30/7/2026, 01.57.30","E32_WS (Sector A)","27.94","67.59","100.98","0.46","342","50.12","2","0","0","2","138"
"30/7/2026, 01.57.35","E32_WS (Sector A)","27.94","67.57","100.98","0.61","343","50.12","2","0","0","2","138"
"30/7/2026, 01.57.40","E32_WS (Sector A)","27.94","67.54","100.98","0.61","338","50.12","2","0","0","2","138"
"30/7/2026, 01.57.45","E32_WS (Sector A)","27.94","67.51","100.98","0.5","345","50.12","2","0","0","1","138"
"30/7/2026, 01.57.50","E32_WS (Sector A)","27.94","67.49","100.98","0.39","339","50.12","2","0","0","2","138"
"30/7/2026, 01.57.55","E32_WS (Sector A)","27.94","67.49","100.98","0.44","309","50.12","2","0","0","2","138"
"30/7/2026, 01.58.00","E32_WS (Sector A)","27.93","67.51","100.98","0.44","313","50.12","2","0","0","2","138"
"30/7/2026, 01.58.05","E32_WS (Sector A)","27.93","67.56","100.98","0.41","327","50.12","2","0","0","2","138"
"30/7/2026, 01.58.10","E32_WS (Sector A)","27.93","67.57","100.98","0.46","349","50.12","2","0","0","1","138"
"30/7/2026, 01.58.15","E32_WS (Sector A)","27.93","67.55","100.98","0.44","324","50.12","2","0","0","1","138"
"30/7/2026, 01.58.20","E32_WS (Sector A)","27.93","67.54","100.98","0.41","311","50.12","2","0","0","1","138"
"30/7/2026, 01.58.25","E32_WS (Sector A)","27.92","67.5","100.98","0.42","290","50.12","2","0","0","2","138"
"30/7/2026, 01.58.30","E32_WS (Sector A)","27.92","67.49","100.98","0.42","314","50.12","2","0","0","1","138"
"30/7/2026, 01.58.35","E32_WS (Sector A)","27.91","67.47","100.98","0.45","327","50.12","2","0","0","1","138"
"30/7/2026, 01.58.40","E32_WS (Sector A)","27.91","67.47","100.98","0.55","329","50.12","2","0","0","2","138"
"30/7/2026, 01.58.45","E32_WS (Sector A)","27.91","67.49","100.98","0.56","326","50.12","2","0","0","2","138"
"30/7/2026, 01.58.50","E32_WS (Sector A)","27.91","67.48","100.98","0.42","325","50.12","2","0","0","2","138"
"30/7/2026, 01.58.55","E32_WS (Sector A)","27.91","67.49","100.98","0.41","325","50.12","2","0","0","2","138"
"30/7/2026, 01.59.00","E32_WS (Sector A)","27.91","67.51","100.98","0.41","319","50.12","2","0","0","1","138"
"30/7/2026, 01.59.05","E32_WS (Sector A)","27.9","67.49","100.98","0.45","314","50.12","2","0","0","2","138"
"30/7/2026, 01.59.10","E32_WS (Sector A)","27.9","67.51","100.98","0.47","319","50.12","2","0","0","2","138"
"30/7/2026, 01.59.15","E32_WS (Sector A)","27.9","67.51","100.98","0.46","329","50.12","2","0","0","1","138"
"30/7/2026, 01.59.20","E32_WS (Sector A)","27.9","67.51","100.98","0.48","331","50.12","2","0","0","1","138"
"30/7/2026, 01.59.25","E32_WS (Sector A)","27.89","67.52","100.98","0.47","339","50.12","2","0","0","1","138"
"30/7/2026, 01.59.30","E32_WS (Sector A)","27.9","67.51","100.98","0.43","333","50.12","2","0","0","1","138"
"30/7/2026, 01.59.35","E32_WS (Sector A)","27.9","67.52","100.98","0.48","338","50.12","2","0","0","1","138"
"30/7/2026, 01.59.40","E32_WS (Sector A)","27.9","67.51","100.98","0.46","340","50.12","2","0","0","2","138"
"30/7/2026, 01.59.45","E32_WS (Sector A)","27.9","67.48","100.98","0.49","332","50.12","2","0","0","2","138"
"30/7/2026, 01.59.50","E32_WS (Sector A)","27.9","67.49","100.98","0.46","323","50.12","2","0","0","2","138"
"30/7/2026, 01.59.55","E32_WS (Sector A)","27.9","67.54","100.98","0.39","330","50.12","2","0","0","1","138"
"30/7/2026, 02.00.00","E32_WS (Sector A)","27.9","67.57","100.98","0.43","324","50.12","2","0","0","1","138"
"30/7/2026, 02.00.05","E32_WS (Sector A)","27.9","67.59","100.98","0.46","340","50.12","2","0","0","1","138"
"30/7/2026, 02.00.10","E32_WS (Sector A)","27.9","67.58","100.98","0.43","341","50.12","2","0","0","1","138"
"30/7/2026, 02.00.15","E32_WS (Sector A)","27.9","67.57","100.98","0.45","304","50.12","2","0","0","1","138"
"30/7/2026, 02.00.20","E32_WS (Sector A)","27.89","67.59","100.98","0.51","310","50.12","2","0","0","1","138"
"30/7/2026, 02.00.25","E32_WS (Sector A)","27.89","67.61","100.98","0.43","312","50.12","2","0","0","1","138"
"30/7/2026, 02.00.30","E32_WS (Sector A)","27.89","67.65","100.98","0.43","314","50.12","2","0","0","1","138"
"30/7/2026, 02.00.35","E32_WS (Sector A)","27.89","67.62","100.98","0.42","320","50.12","2","0","0","1","138"
"30/7/2026, 02.00.40","E32_WS (Sector A)","27.89","67.62","100.98","0.44","315","50.12","2","0","0","1","138"
"30/7/2026, 02.00.45","E32_WS (Sector A)","27.88","67.63","100.98","0.4","317","50.12","2","0","0","1","138"
"30/7/2026, 02.00.50","E32_WS (Sector A)","27.88","67.68","100.98","0.41","329","50.12","2","0","0","1","138"
"30/7/2026, 02.00.55","E32_WS (Sector A)","27.89","67.66","100.98","0.52","319","50.12","2","0","0","1","138"
"30/7/2026, 02.01.00","E32_WS (Sector A)","27.88","67.68","100.98","0.51","335","50.12","2","0","0","1","138"
"30/7/2026, 02.01.05","E32_WS (Sector A)","27.89","67.68","100.98","0.51","335","50.12","2","0","0","2","138"
"30/7/2026, 02.01.10","E32_WS (Sector A)","27.89","67.66","100.98","0.54","338","50.12","2","0","0","2","138"
"30/7/2026, 02.01.15","E32_WS (Sector A)","27.88","67.64","100.98","0.42","349","50.12","2","0","0","2","138"
"30/7/2026, 02.01.20","E32_WS (Sector A)","27.89","67.61","100.98","0.42","350","50.12","2","0","0","2","138"
"30/7/2026, 02.01.25","E32_WS (Sector A)","27.88","67.6","100.98","0.36","335","50.12","2","0","0","1","138"
"30/7/2026, 02.01.30","E32_WS (Sector A)","27.88","67.63","100.98","0.37","336","50.12","2","0","0","1","138"
"30/7/2026, 02.01.35","E32_WS (Sector A)","27.89","67.6","100.98","0.41","341","50.12","2","0","0","1","138"
"30/7/2026, 02.01.40","E32_WS (Sector A)","27.88","67.6","100.98","0.47","318","50.12","2","0","0","1","138"
"30/7/2026, 02.01.45","E32_WS (Sector A)","27.88","67.64","100.98","0.42","311","50.12","2","0","0","1","138"
"30/7/2026, 02.01.50","E32_WS (Sector A)","27.88","67.63","100.98","0.4","336","50.12","2","0","0","2","138"
"30/7/2026, 02.01.55","E32_WS (Sector A)","27.88","67.65","100.98","0.43","343","50.12","2","0","0","2","138"
"30/7/2026, 02.02.00","E32_WS (Sector A)","27.88","67.61","100.98","0.37","337","50.12","2","0","0","2","138"
"30/7/2026, 02.02.05","E32_WS (Sector A)","27.88","67.59","100.98","0.31","338","50.12","2","0","0","2","138"
"30/7/2026, 02.02.10","E32_WS (Sector A)","27.88","67.54","100.98","0.28","336","50.12","2","0","0","1","138"
"30/7/2026, 02.02.15","E32_WS (Sector A)","27.89","67.53","100.98","0.26","344","50.12","2","0","0","1","138"
"30/7/2026, 02.02.20","E32_WS (Sector A)","27.89","67.53","100.98","0.3","335","50.12","2","0","0","1","138"
"30/7/2026, 02.02.25","E32_WS (Sector A)","27.88","67.56","100.98","0.41","323","50.12","2","0","0","1","138"
"30/7/2026, 02.02.30","E32_WS (Sector A)","27.88","67.64","100.98","0.46","331","50.12","2","0","0","1","138"
"30/7/2026, 02.02.35","E32_WS (Sector A)","27.89","67.69","100.98","0.49","341","50.12","2","0","0","1","138"
"30/7/2026, 02.02.40","E32_WS (Sector A)","27.89","67.68","100.98","0.51","335","50.12","2","0","0","1","138"
"30/7/2026, 02.02.45","E32_WS (Sector A)","27.89","67.68","100.98","0.44","337","50.12","2","0","0","1","138"
"30/7/2026, 02.02.50","E32_WS (Sector A)","27.89","67.66","100.98","0.43","339","50.12","2","0","0","1","138"
"30/7/2026, 02.02.55","E32_WS (Sector A)","27.89","67.65","100.98","0.42","341","50.12","2","0","0","1","138"
"30/7/2026, 02.03.00","E32_WS (Sector A)","27.89","67.61","100.98","0.42","341","50.12","2","0","0","1","138"
"30/7/2026, 02.03.05","E32_WS (Sector A)","27.89","67.59","100.98","0.41","321","50.12","2","0","0","1","138"
"30/7/2026, 02.03.10","E32_WS (Sector A)","27.89","67.6","100.98","0.41","327","50.12","2","0","0","1","138"
"30/7/2026, 02.03.15","E32_WS (Sector A)","27.89","67.63","100.98","0.36","330","50.12","2","0","0","1","138"
"30/7/2026, 02.03.20","E32_WS (Sector A)","27.89","67.65","100.98","0.42","322","50.12","2","0","0","1","138"
"30/7/2026, 02.03.25","E32_WS (Sector A)","27.89","67.68","100.98","0.46","321","50.12","2","0","0","1","138"
"30/7/2026, 02.03.30","E32_WS (Sector A)","27.88","67.74","100.98","0.47","332","50.12","2","0","0","1","138"
"30/7/2026, 02.03.35","E32_WS (Sector A)","27.89","67.72","100.98","0.45","335","50.12","2","0","0","1","138"
"30/7/2026, 02.03.40","E32_WS (Sector A)","27.89","67.72","100.98","0.46","333","50.12","2","0","0","1","138"
"30/7/2026, 02.03.45","E32_WS (Sector A)","27.88","67.73","100.98","0.45","344","50.12","2","0","0","1","138"
"30/7/2026, 02.03.50","E32_WS (Sector A)","27.89","67.69","100.98","0.5","336","50.12","2","0","0","1","138"
"30/7/2026, 02.03.55","E32_WS (Sector A)","27.89","67.68","100.98","0.49","334","50.12","2","0","0","1","138"
"30/7/2026, 02.04.00","E32_WS (Sector A)","27.89","67.7","100.98","0.45","331","50.12","2","0","0","1","138"
"30/7/2026, 02.04.05","E32_WS (Sector A)","27.89","67.73","100.98","0.43","340","50.12","2","0","0","1","138"
"30/7/2026, 02.04.10","E32_WS (Sector A)","27.89","67.7","100.98","0.5","342","50.12","2","0","0","1","138"
"30/7/2026, 02.04.15","E32_WS (Sector A)","27.89","67.66","100.98","0.47","349","50.12","2","0","0","1","138"
"30/7/2026, 02.04.20","E32_WS (Sector A)","27.89","67.62","100.98","0.38","349","50.12","2","0","0","1","138"
"30/7/2026, 02.04.25","E32_WS (Sector A)","27.89","67.59","100.98","0.4","350","50.12","2","0","0","1","138"
"30/7/2026, 02.04.30","E32_WS (Sector A)","27.89","67.57","100.98","0.36","345","50.12","2","0","0","1","138"
"30/7/2026, 02.04.35","E32_WS (Sector A)","27.89","67.57","100.98","0.38","332","50.12","2","0","0","1","138"
"30/7/2026, 02.04.40","E32_WS (Sector A)","27.89","67.57","100.98","0.35","324","50.12","2","0","0","1","138"
"30/7/2026, 02.04.45","E32_WS (Sector A)","27.89","67.63","100.98","0.39","330","50.12","2","0","0","1","138"
"30/7/2026, 02.04.50","E32_WS (Sector A)","27.89","67.69","100.98","0.32","328","50.12","2","0","0","1","138"
"30/7/2026, 02.04.55","E32_WS (Sector A)","27.89","67.7","100.98","0.3","334","50.12","2","0","0","1","138"
"30/7/2026, 02.05.00","E32_WS (Sector A)","27.89","67.7","100.98","0.38","325","50.12","2","0","0","1","138"
"30/7/2026, 02.05.05","E32_WS (Sector A)","27.89","67.73","100.98","0.4","335","50.12","2","0","0","1","138"
"30/7/2026, 02.05.10","E32_WS (Sector A)","27.89","67.76","100.98","0.42","317","50.12","2","0","0","1","138"
"30/7/2026, 02.05.15","E32_WS (Sector A)","27.89","67.8","100.98","0.37","320","50.12","2","0","0","1","138"
"30/7/2026, 02.05.20","E32_WS (Sector A)","27.89","67.81","100.98","0.39","326","50.12","2","0","0","1","138"
"30/7/2026, 02.05.25","E32_WS (Sector A)","27.89","67.78","100.98","0.43","332","50.12","2","0","0","1","138"
"30/7/2026, 02.05.30","E32_WS (Sector A)","27.89","67.78","100.98","0.46","322","50.12","2","0","0","2","138"
"30/7/2026, 02.05.35","E32_WS (Sector A)","27.89","67.81","100.98","0.5","325","50.12","2","0","0","1","138"
"30/7/2026, 02.05.40","E32_WS (Sector A)","27.89","67.81","100.98","0.48","328","50.12","2","0","0","1","138"
"30/7/2026, 02.05.45","E32_WS (Sector A)","27.89","67.82","100.98","0.38","336","50.12","2","0","0","1","138"
"30/7/2026, 02.05.50","E32_WS (Sector A)","27.89","67.81","100.98","0.4","337","50.12","2","0","0","1","138"
"30/7/2026, 02.05.55","E32_WS (Sector A)","27.88","67.78","100.98","0.44","331","50.12","2","0","0","1","138"
"30/7/2026, 02.06.00","E32_WS (Sector A)","27.89","67.8","100.98","0.45","338","50.12","2","0","0","1","138"
"30/7/2026, 02.06.05","E32_WS (Sector A)","27.89","67.78","100.98","0.44","337","50.12","2","0","0","1","138"
"30/7/2026, 02.06.10","E32_WS (Sector A)","27.89","67.77","100.98","0.41","336","50.12","2","0","0","1","138"
"30/7/2026, 02.06.15","E32_WS (Sector A)","27.89","67.75","100.98","0.41","335","50.12","2","0","0","1","138"
"30/7/2026, 02.06.20","E32_WS (Sector A)","27.89","67.75","100.98","0.35","351","50.12","2","0","0","1","138"
"30/7/2026, 02.06.25","E32_WS (Sector A)","27.89","67.69","100.98","0.38","356","50.12","2","0","0","1","138"
"30/7/2026, 02.06.30","E32_WS (Sector A)","27.89","67.65","100.98","0.45","341","50.12","2","0","0","1","138"
"30/7/2026, 02.06.35","E32_WS (Sector A)","27.89","67.65","100.98","0.51","348","50.12","2","0","0","1","138"
"30/7/2026, 02.06.40","E32_WS (Sector A)","27.89","67.69","100.98","0.57","350","50.12","2","0","0","1","138"
"30/7/2026, 02.06.45","E32_WS (Sector A)","27.89","67.69","100.98","0.46","323","50.12","2","0","0","1","138"
"30/7/2026, 02.06.50","E32_WS (Sector A)","27.88","67.74","100.98","0.45","329","50.12","2","0","0","2","138"
"30/7/2026, 02.06.55","E32_WS (Sector A)","27.88","67.77","100.98","0.39","327","50.12","2","0","0","2","138"
"30/7/2026, 02.07.00","E32_WS (Sector A)","27.88","67.8","100.98","0.35","336","50.12","2","0","0","2","138"
"30/7/2026, 02.07.05","E32_WS (Sector A)","27.89","67.77","100.98","0.38","325","50.12","2","0","0","1","138"
"30/7/2026, 02.07.10","E32_WS (Sector A)","27.89","67.8","100.98","0.38","330","50.12","2","0","0","1","138"
"30/7/2026, 02.07.15","E32_WS (Sector A)","27.88","67.8","100.98","0.41","324","50.12","2","0","0","2","138"
"30/7/2026, 02.07.20","E32_WS (Sector A)","27.88","67.83","100.98","0.4","325","50.12","2","0","0","1","138"
"30/7/2026, 02.07.25","E32_WS (Sector A)","27.88","67.84","100.98","0.34","332","50.12","2","0","0","1","138"
"30/7/2026, 02.07.30","E32_WS (Sector A)","27.88","67.8","100.98","0.4","332","50.12","2","0","0","1","138"
"30/7/2026, 02.07.35","E32_WS (Sector A)","27.88","67.79","100.99","0.3","333","50.12","2","0","0","1","138"
"30/7/2026, 02.07.40","E32_WS (Sector A)","27.88","67.76","100.98","0.39","336","50.12","2","0","0","1","138"
"30/7/2026, 02.07.45","E32_WS (Sector A)","27.88","67.73","100.98","0.39","333","50.12","2","0","0","1","138"
"30/7/2026, 02.07.50","E32_WS (Sector A)","27.88","67.75","100.98","0.42","338","50.12","2","0","0","1","138"
"30/7/2026, 02.07.55","E32_WS (Sector A)","27.88","67.73","100.99","0.5","343","50.12","2","0","0","1","138"
"30/7/2026, 02.08.00","E32_WS (Sector A)","27.88","67.7","100.99","0.52","338","50.12","2","0","0","1","138"
"30/7/2026, 02.08.05","E32_WS (Sector A)","27.88","67.7","100.98","0.46","343","50.12","2","0","0","1","138"
"30/7/2026, 02.08.10","E32_WS (Sector A)","27.88","67.71","100.98","0.46","339","50.12","2","0","0","1","138"
"30/7/2026, 02.08.15","E32_WS (Sector A)","27.88","67.71","100.98","0.44","337","50.12","2","0","0","1","138"
"30/7/2026, 02.08.20","E32_WS (Sector A)","27.88","67.71","100.98","0.44","338","50.12","2","0","0","1","138"
"30/7/2026, 02.08.25","E32_WS (Sector A)","27.88","67.7","100.98","0.47","337","50.12","2","0","0","1","138"
"30/7/2026, 02.08.30","E32_WS (Sector A)","27.88","67.71","100.98","0.47","336","50.12","2","0","0","1","138"
"30/7/2026, 02.08.35","E32_WS (Sector A)","27.88","67.7","100.98","0.45","340","50.12","2","0","0","1","138"
"30/7/2026, 02.08.40","E32_WS (Sector A)","27.88","67.69","100.98","0.42","343","50.12","2","0","0","1","138"
"30/7/2026, 02.08.45","E32_WS (Sector A)","27.88","67.65","100.98","0.39","338","50.12","2","0","0","1","138"
"30/7/2026, 02.08.50","E32_WS (Sector A)","27.88","67.64","100.98","0.44","333","50.12","2","0","0","1","138"
"30/7/2026, 02.08.55","E32_WS (Sector A)","27.88","67.65","100.98","0.45","331","50.12","2","0","0","1","138"
"30/7/2026, 02.09.00","E32_WS (Sector A)","27.88","67.7","100.98","0.43","332","50.12","2","0","0","1","138"
"30/7/2026, 02.09.05","E32_WS (Sector A)","27.88","67.72","100.98","0.44","338","50.12","2","0","0","1","138"
"30/7/2026, 02.09.10","E32_WS (Sector A)","27.88","67.71","100.98","0.45","332","50.12","2","0","0","1","138"
"30/7/2026, 02.09.15","E32_WS (Sector A)","27.88","67.72","100.98","0.45","340","50.12","2","0","0","1","138"
"30/7/2026, 02.09.20","E32_WS (Sector A)","27.87","67.71","100.98","0.45","343","50.12","2","0","0","1","138"
"30/7/2026, 02.09.25","E32_WS (Sector A)","27.88","67.69","100.98","0.45","343","50.12","2","0","0","1","138"
"30/7/2026, 02.09.30","E32_WS (Sector A)","27.88","67.67","100.99","0.44","349","50.12","2","0","0","1","138"
"30/7/2026, 02.09.35","E32_WS (Sector A)","27.88","67.63","100.98","0.52","346","50.12","2","0","0","1","138"
"30/7/2026, 02.09.40","E32_WS (Sector A)","27.88","67.62","100.98","0.5","333","50.12","2","0","0","1","138"
"30/7/2026, 02.09.45","E32_WS (Sector A)","27.88","67.67","100.98","0.47","330","50.12","2","0","0","1","138"
"30/7/2026, 02.09.50","E32_WS (Sector A)","27.88","67.71","100.98","0.43","332","50.12","2","0","0","1","138"
"30/7/2026, 02.09.55","E32_WS (Sector A)","27.88","67.73","100.98","0.44","332","50.12","2","0","0","1","138"
"30/7/2026, 02.10.00","E32_WS (Sector A)","27.88","67.73","100.98","0.45","346","50.12","2","0","0","1","138"
"30/7/2026, 02.10.05","E32_WS (Sector A)","27.87","67.71","100.98","0.48","342","50.12","2","0","0","1","138"
"30/7/2026, 02.10.10","E32_WS (Sector A)","27.88","67.66","100.98","0.41","317","50.12","2","0","0","1","138"
"30/7/2026, 02.10.15","E32_WS (Sector A)","27.87","67.65","100.98","0.34","310","50.12","2","0","0","1","138"
"30/7/2026, 02.10.20","E32_WS (Sector A)","27.87","67.66","100.98","0.44","320","50.12","2","0","0","1","138"
"30/7/2026, 02.10.25","E32_WS (Sector A)","27.86","67.68","100.98","0.45","323","50.12","2","0","0","1","138"
"30/7/2026, 02.10.30","E32_WS (Sector A)","27.87","67.72","100.98","0.39","336","50.12","2","0","0","1","138"
"30/7/2026, 02.10.35","E32_WS (Sector A)","27.87","67.7","100.98","0.39","338","50.12","2","0","0","2","138"
"30/7/2026, 02.10.40","E32_WS (Sector A)","27.87","67.68","100.98","0.41","330","50.12","2","0","0","1","138"
"30/7/2026, 02.10.45","E32_WS (Sector A)","27.86","67.69","100.98","0.42","334","50.12","2","0","0","1","138"
"30/7/2026, 02.10.50","E32_WS (Sector A)","27.87","67.66","100.99","0.43","318","50.12","2","0","0","1","138"
"30/7/2026, 02.10.55","E32_WS (Sector A)","27.86","67.67","100.98","0.42","322","50.12","2","0","0","1","138"
"30/7/2026, 02.11.00","E32_WS (Sector A)","27.86","67.7","100.98","0.45","325","50.12","2","0","0","1","138"
"30/7/2026, 02.11.05","E32_WS (Sector A)","27.86","67.7","100.98","0.52","339","50.12","2","0","0","1","138"
"30/7/2026, 02.11.10","E32_WS (Sector A)","27.86","67.67","100.98","0.38","323","50.12","2","0","0","1","138"
"30/7/2026, 02.11.15","E32_WS (Sector A)","27.86","67.67","100.98","0.37","326","50.12","2","0","0","1","138"
"30/7/2026, 02.11.20","E32_WS (Sector A)","27.85","67.66","100.98","0.48","316","50.12","2","0","0","1","138"
"30/7/2026, 02.11.25","E32_WS (Sector A)","27.85","67.69","100.98","0.31","346","50.12","2","0","0","2","138"
"30/7/2026, 02.11.30","E32_WS (Sector A)","27.85","67.66","100.98","0.37","334","50.12","2","0","0","2","138"
"30/7/2026, 02.11.35","E32_WS (Sector A)","27.85","67.65","100.98","0.47","314","50.12","2","0","0","2","138"
"30/7/2026, 02.11.40","E32_WS (Sector A)","27.84","67.67","100.98","0.42","328","50.12","2","0","0","2","138"
"30/7/2026, 02.11.45","E32_WS (Sector A)","27.84","67.69","100.98","0.42","305","50.12","2","0","0","1","138"
"30/7/2026, 02.11.50","E32_WS (Sector A)","27.83","67.7","100.98","0.41","320","50.12","2","0","0","1","138"
"30/7/2026, 02.11.55","E32_WS (Sector A)","27.83","67.72","100.99","0.49","313","50.12","2","0","0","2","138"
"30/7/2026, 02.12.00","E32_WS (Sector A)","27.83","67.74","100.98","0.4","323","50.12","2","0","0","2","138"
"30/7/2026, 02.12.05","E32_WS (Sector A)","27.83","67.73","100.98","0.4","321","50.12","2","0","0","1","138"
"30/7/2026, 02.12.10","E32_WS (Sector A)","27.83","67.75","100.98","0.44","331","50.12","2","0","0","1","138"
"30/7/2026, 02.12.15","E32_WS (Sector A)","27.83","67.76","100.99","0.44","331","50.12","2","0","0","1","138"
"30/7/2026, 02.12.20","E32_WS (Sector A)","27.83","67.75","100.99","0.4","336","50.12","2","0","0","1","138"
"30/7/2026, 02.12.25","E32_WS (Sector A)","27.82","67.74","100.98","0.39","318","50.12","2","0","0","1","138"
"30/7/2026, 02.12.30","E32_WS (Sector A)","27.82","67.75","100.98","0.49","325","50.12","2","0","0","1","138"
"30/7/2026, 02.12.35","E32_WS (Sector A)","27.82","67.78","100.99","0.47","336","50.12","2","0","0","1","138"
"30/7/2026, 02.12.40","E32_WS (Sector A)","27.82","67.77","100.98","0.43","334","50.12","2","0","0","1","138"
"30/7/2026, 02.12.45","E32_WS (Sector A)","27.83","67.78","100.99","0.41","337","50.12","2","0","0","1","138"
"30/7/2026, 02.12.50","E32_WS (Sector A)","27.83","67.76","100.98","0.47","335","50.12","2","0","0","1","138"
"30/7/2026, 02.12.55","E32_WS (Sector A)","27.82","67.75","100.99","0.42","343","50.12","2","0","0","1","138"
"30/7/2026, 02.13.00","E32_WS (Sector A)","27.82","67.71","100.99","0.39","339","50.12","2","0","0","1","138"
"30/7/2026, 02.13.05","E32_WS (Sector A)","27.82","67.7","100.98","0.49","342","50.12","2","0","0","1","138"
"30/7/2026, 02.13.10","E32_WS (Sector A)","27.83","67.67","100.98","0.4","353","50.12","2","0","0","1","138"
"30/7/2026, 02.13.15","E32_WS (Sector A)","27.83","67.67","100.98","0.36","351","50.12","2","0","0","1","138"
"30/7/2026, 02.13.20","E32_WS (Sector A)","27.82","67.64","100.98","0.36","336","50.12","2","0","0","1","138"
"30/7/2026, 02.13.25","E32_WS (Sector A)","27.82","67.64","100.98","0.34","340","50.12","2","0","0","1","138"
"30/7/2026, 02.13.30","E32_WS (Sector A)","27.83","67.65","100.98","0.38","331","50.12","2","0","0","1","138"
"30/7/2026, 02.13.35","E32_WS (Sector A)","27.83","67.67","100.98","0.36","330","50.12","2","0","0","1","138"
"30/7/2026, 02.13.40","E32_WS (Sector A)","27.83","67.68","100.98","0.29","330","50.12","2","0","0","1","138"
"30/7/2026, 02.13.45","E32_WS (Sector A)","27.83","67.65","100.98","0.36","333","50.12","2","0","0","1","138"
"30/7/2026, 02.13.50","E32_WS (Sector A)","27.83","67.67","100.98","0.23","339","50.12","2","0","0","1","138"
"30/7/2026, 02.13.55","E32_WS (Sector A)","27.83","67.67","100.98","0.34","335","50.12","2","0","0","1","138"
"30/7/2026, 02.14.00","E32_WS (Sector A)","27.83","67.68","100.99","0.28","349","50.12","2","0","0","1","138"
"30/7/2026, 02.14.05","E32_WS (Sector A)","27.82","67.68","100.98","0.3","332","50.12","2","0","0","1","138"
"30/7/2026, 02.14.10","E32_WS (Sector A)","27.83","67.67","100.98","0.42","345","50.12","2","0","0","1","138"
"30/7/2026, 02.14.15","E32_WS (Sector A)","27.83","67.68","100.99","0.32","329","50.12","2","0","0","1","138"
"30/7/2026, 02.14.20","E32_WS (Sector A)","27.83","67.75","100.99","0.35","321","50.12","2","0","0","1","138"
"30/7/2026, 02.14.25","E32_WS (Sector A)","27.82","67.81","100.98","0.33","333","50.12","2","0","0","1","138"
"30/7/2026, 02.14.30","E32_WS (Sector A)","27.83","67.79","100.98","0.42","321","50.12","2","0","0","1","138"
"30/7/2026, 02.14.35","E32_WS (Sector A)","27.82","67.8","100.98","0.44","328","50.12","2","0","0","1","138"
"30/7/2026, 02.14.40","E32_WS (Sector A)","27.82","67.81","100.98","0.46","336","50.12","2","0","0","1","138"
"30/7/2026, 02.14.45","E32_WS (Sector A)","27.82","67.83","100.98","0.35","336","50.12","2","0","0","1","138"
"30/7/2026, 02.14.50","E32_WS (Sector A)","27.83","67.82","100.98","0.42","324","50.12","2","0","0","1","138"
"30/7/2026, 02.14.55","E32_WS (Sector A)","27.83","67.86","100.98","0.33","324","50.12","2","0","0","1","138"
"30/7/2026, 02.15.00","E32_WS (Sector A)","27.83","67.85","100.98","0.33","346","50.12","2","0","0","1","138"
"30/7/2026, 02.15.05","E32_WS (Sector A)","27.82","67.84","100.98","0.5","356","50.12","2","0","0","1","138"
"30/7/2026, 02.15.10","E32_WS (Sector A)","27.83","67.74","100.98","0.49","341","50.12","2","0","0","2","138"
"30/7/2026, 02.15.15","E32_WS (Sector A)","27.83","67.7","100.98","0.47","326","50.12","2","0","0","1","138"
"30/7/2026, 02.15.20","E32_WS (Sector A)","27.82","67.75","100.98","0.41","316","50.12","2","0","0","1","138"
"30/7/2026, 02.15.25","E32_WS (Sector A)","27.82","67.8","100.98","0.38","321","50.12","2","0","0","2","138"
"30/7/2026, 02.15.30","E32_WS (Sector A)","27.82","67.82","100.98","0.41","324","50.12","2","0","0","2","138"
"30/7/2026, 02.15.35","E32_WS (Sector A)","27.81","67.85","100.98","0.4","325","50.12","2","0","0","1","138"
"30/7/2026, 02.15.40","E32_WS (Sector A)","27.81","67.86","100.98","0.46","340","50.12","2","0","0","1","138"
"30/7/2026, 02.15.45","E32_WS (Sector A)","27.82","67.85","100.98","0.39","348","50.12","2","0","0","1","138"
"30/7/2026, 02.15.50","E32_WS (Sector A)","27.82","67.82","100.98","0.39","335","50.12","2","0","0","1","138"
"30/7/2026, 02.15.55","E32_WS (Sector A)","27.81","67.8","100.99","0.39","329","50.12","2","0","0","1","138"
"30/7/2026, 02.16.00","E32_WS (Sector A)","27.82","67.82","100.98","0.31","341","50.12","2","0","0","1","138"
"30/7/2026, 02.16.05","E32_WS (Sector A)","27.81","67.75","100.99","0.46","344","50.12","2","0","0","1","138"
"30/7/2026, 02.16.10","E32_WS (Sector A)","27.82","67.73","100.98","0.43","358","50.12","2","0","0","1","138"
"30/7/2026, 02.16.15","E32_WS (Sector A)","27.82","67.7","100.98","0.48","346","50.12","2","0","0","1","138"
"30/7/2026, 02.16.20","E32_WS (Sector A)","27.82","67.7","100.99","0.48","345","50.12","2","0","0","1","138"
"30/7/2026, 02.16.25","E32_WS (Sector A)","27.82","67.7","100.99","0.46","346","50.12","2","0","0","1","138"
"30/7/2026, 02.16.30","E32_WS (Sector A)","27.82","67.71","100.98","0.42","339","50.12","2","0","0","1","138"
"30/7/2026, 02.16.35","E32_WS (Sector A)","27.81","67.74","100.98","0.45","340","50.12","2","0","0","1","138"
"30/7/2026, 02.16.40","E32_WS (Sector A)","27.81","67.72","100.98","0.48","343","50.12","2","0","0","1","138"
"30/7/2026, 02.16.45","E32_WS (Sector A)","27.81","67.69","100.98","0.43","342","50.12","2","0","0","1","138"
"30/7/2026, 02.16.50","E32_WS (Sector A)","27.81","67.68","100.98","0.46","339","50.12","2","0","0","1","138"
"30/7/2026, 02.16.55","E32_WS (Sector A)","27.82","67.67","100.98","0.39","341","50.12","2","0","0","1","138"
"30/7/2026, 02.17.00","E32_WS (Sector A)","27.81","67.67","100.98","0.4","332","50.12","2","0","0","1","138"
"30/7/2026, 02.17.05","E32_WS (Sector A)","27.82","67.7","100.98","0.43","330","50.12","2","0","0","1","138"
"30/7/2026, 02.17.10","E32_WS (Sector A)","27.81","67.74","100.98","0.45","343","50.12","2","0","0","1","138"
"30/7/2026, 02.17.15","E32_WS (Sector A)","27.82","67.77","100.99","0.5","336","50.12","2","0","0","1","138"
"30/7/2026, 02.17.20","E32_WS (Sector A)","27.82","67.85","100.98","0.45","320","50.12","2","0","0","1","138"
"30/7/2026, 02.17.25","E32_WS (Sector A)","27.81","67.86","100.98","0.45","325","50.12","2","0","0","1","138"
"30/7/2026, 02.17.30","E32_WS (Sector A)","27.81","67.9","100.98","0.47","315","50.12","2","0","0","1","138"
"30/7/2026, 02.17.35","E32_WS (Sector A)","27.81","67.87","100.98","0.43","330","50.12","2","0","0","1","138"
"30/7/2026, 02.17.40","E32_WS (Sector A)","27.8","67.84","100.98","0.4","338","50.12","2","0","0","1","138"
"30/7/2026, 02.17.45","E32_WS (Sector A)","27.81","67.81","100.99","0.43","345","50.12","2","0","0","1","138"
"30/7/2026, 02.17.50","E32_WS (Sector A)","27.81","67.8","100.99","0.4","338","50.12","2","0","0","1","138"
"30/7/2026, 02.17.55","E32_WS (Sector A)","27.81","67.78","100.98","0.45","326","50.12","2","0","0","1","138"
"30/7/2026, 02.18.00","E32_WS (Sector A)","27.81","67.82","100.98","0.5","337","50.12","2","0","0","1","138"
"30/7/2026, 02.18.05","E32_WS (Sector A)","27.81","67.87","100.98","0.46","325","50.12","2","0","0","1","138"
"30/7/2026, 02.18.10","E32_WS (Sector A)","27.81","67.89","100.98","0.49","341","50.12","2","0","0","1","138"
"30/7/2026, 02.18.15","E32_WS (Sector A)","27.81","67.88","100.98","0.44","326","50.12","2","0","0","1","138"
"30/7/2026, 02.18.20","E32_WS (Sector A)","27.81","67.9","100.98","0.43","327","50.12","2","0","0","1","138"
"30/7/2026, 02.18.25","E32_WS (Sector A)","27.81","67.94","100.99","0.41","327","50.12","2","0","0","1","138"
"30/7/2026, 02.18.30","E32_WS (Sector A)","27.81","67.97","100.98","0.42","327","50.12","2","0","0","1","138"
"30/7/2026, 02.18.35","E32_WS (Sector A)","27.81","67.98","100.99","0.41","329","50.12","2","0","0","1","138"
"30/7/2026, 02.18.40","E32_WS (Sector A)","27.8","67.99","100.99","0.4","330","50.12","2","0","0","1","138"
"30/7/2026, 02.18.45","E32_WS (Sector A)","27.81","67.99","100.99","0.4","338","50.12","2","0","0","1","138"
"30/7/2026, 02.18.50","E32_WS (Sector A)","27.81","67.97","100.99","0.38","346","50.12","2","0","0","1","138"
"30/7/2026, 02.18.55","E32_WS (Sector A)","27.81","67.92","100.98","0.4","353","50.12","2","0","0","1","138"
"30/7/2026, 02.19.00","E32_WS (Sector A)","27.81","67.87","100.99","0.43","352","50.12","2","0","0","1","138"
"30/7/2026, 02.19.05","E32_WS (Sector A)","27.8","67.86","100.98","0.42","327","50.12","2","0","0","1","138"
"30/7/2026, 02.19.10","E32_WS (Sector A)","27.81","67.89","100.99","0.37","338","50.12","2","0","0","1","138"
"30/7/2026, 02.19.15","E32_WS (Sector A)","27.81","67.9","100.98","0.41","335","50.12","2","0","0","1","138"
"30/7/2026, 02.19.20","E32_WS (Sector A)","27.8","67.91","100.98","0.37","345","50.12","2","0","0","1","138"
"30/7/2026, 02.19.25","E32_WS (Sector A)","27.8","67.87","100.98","0.42","332","50.12","2","0","0","1","138"
"30/7/2026, 02.19.30","E32_WS (Sector A)","27.8","67.87","100.98","0.43","331","50.12","2","0","0","1","138"
"30/7/2026, 02.19.35","E32_WS (Sector A)","27.8","67.89","100.98","0.35","325","50.12","2","0","0","1","138"
"30/7/2026, 02.19.40","E32_WS (Sector A)","27.8","67.87","100.99","0.44","317","50.12","2","0","0","1","138"
"30/7/2026, 02.19.45","E32_WS (Sector A)","27.8","67.84","100.98","0.5","301","50.12","2","0","0","1","138"
"30/7/2026, 02.19.50","E32_WS (Sector A)","27.79","67.83","100.98","0.45","314","50.12","2","0","0","1","138"
"30/7/2026, 02.19.55","E32_WS (Sector A)","27.79","67.83","100.98","0.46","320","50.12","2","0","0","1","138"
"30/7/2026, 02.20.00","E32_WS (Sector A)","27.78","67.84","100.98","0.5","323","50.12","2","0","0","1","138"
"30/7/2026, 02.20.05","E32_WS (Sector A)","27.78","67.88","100.99","0.44","332","50.12","2","0","0","1","138"
"30/7/2026, 02.20.10","E32_WS (Sector A)","27.78","67.87","100.98","0.56","349","50.12","2","0","0","1","138"
"30/7/2026, 02.20.15","E32_WS (Sector A)","27.78","67.83","100.98","0.4","358","50.12","2","0","0","1","138"
"30/7/2026, 02.20.20","E32_WS (Sector A)","27.78","67.8","100.99","0.34","7","50.12","2","0","0","1","138"
"30/7/2026, 02.20.25","E32_WS (Sector A)","27.78","67.76","100.99","0.46","352","50.12","2","0","0","1","138"
"30/7/2026, 02.20.30","E32_WS (Sector A)","27.79","67.75","100.99","0.37","2","50.12","2","0","0","1","138"
"30/7/2026, 02.20.35","E32_WS (Sector A)","27.79","67.73","100.99","0.33","3","50.12","2","0","0","1","138"
"30/7/2026, 02.20.40","E32_WS (Sector A)","27.79","67.76","100.98","0.42","326","50.12","2","0","0","1","138"
"30/7/2026, 02.20.45","E32_WS (Sector A)","27.78","67.84","100.99","0.36","330","50.12","2","0","0","1","138"
"30/7/2026, 02.20.50","E32_WS (Sector A)","27.79","67.87","100.98","0.32","333","50.12","2","0","0","1","138"
"30/7/2026, 02.20.55","E32_WS (Sector A)","27.78","67.83","100.98","0.35","331","50.12","2","0","0","1","138"
"30/7/2026, 02.21.00","E32_WS (Sector A)","27.79","67.85","100.98","0.34","329","50.12","2","0","0","1","138"
"30/7/2026, 02.21.05","E32_WS (Sector A)","27.79","67.87","100.98","0.36","329","50.12","2","0","0","1","138"
"30/7/2026, 02.21.10","E32_WS (Sector A)","27.78","67.87","100.98","0.45","328","50.12","2","0","0","1","138"
"30/7/2026, 02.21.15","E32_WS (Sector A)","27.78","67.89","100.98","0.42","334","50.12","2","0","0","1","138"
"30/7/2026, 02.21.20","E32_WS (Sector A)","27.78","67.89","100.98","0.54","322","50.12","2","0","0","1","138"
"30/7/2026, 02.21.25","E32_WS (Sector A)","27.78","67.91","100.98","0.34","329","50.12","2","0","0","2","138"
"30/7/2026, 02.21.30","E32_WS (Sector A)","27.78","67.91","100.98","0.43","318","50.12","2","0","0","1","138"
"30/7/2026, 02.21.35","E32_WS (Sector A)","27.77","67.89","100.98","0.28","332","50.12","2","0","0","1","138"
"30/7/2026, 02.21.40","E32_WS (Sector A)","27.77","67.89","100.98","0.4","348","50.12","2","0","0","1","138"
"30/7/2026, 02.21.45","E32_WS (Sector A)","27.78","67.87","100.99","0.38","317","50.12","2","0","0","1","138"
"30/7/2026, 02.21.50","E32_WS (Sector A)","27.77","67.88","100.98","0.49","332","50.12","2","0","0","1","138"
"30/7/2026, 02.21.55","E32_WS (Sector A)","27.77","67.87","100.99","0.48","335","50.12","2","0","0","1","138"
"30/7/2026, 02.22.00","E32_WS (Sector A)","27.77","67.87","100.98","0.44","324","50.12","2","0","0","1","138"
"30/7/2026, 02.22.05","E32_WS (Sector A)","27.76","67.9","100.98","0.38","310","50.12","2","0","0","1","138"
"30/7/2026, 02.22.10","E32_WS (Sector A)","27.76","67.91","100.98","0.43","319","50.12","2","0","0","1","138"
"30/7/2026, 02.22.15","E32_WS (Sector A)","27.76","67.9","100.98","0.37","304","50.12","2","0","0","1","138"
"30/7/2026, 02.22.20","E32_WS (Sector A)","27.75","67.9","100.98","0.3","323","50.12","2","0","0","1","138"
"30/7/2026, 02.22.25","E32_WS (Sector A)","27.75","67.89","100.99","0.45","338","50.12","2","0","0","1","138"
"30/7/2026, 02.22.30","E32_WS (Sector A)","27.75","67.88","100.98","0.43","327","50.12","2","0","0","1","138"
"30/7/2026, 02.22.35","E32_WS (Sector A)","27.76","67.9","100.98","0.42","332","50.12","2","0","0","1","138"
"30/7/2026, 02.22.40","E32_WS (Sector A)","27.75","67.92","100.98","0.44","334","50.12","2","0","0","1","138"
"30/7/2026, 02.22.45","E32_WS (Sector A)","27.75","67.91","100.98","0.48","340","50.12","2","0","0","1","138"
"30/7/2026, 02.22.50","E32_WS (Sector A)","27.75","67.89","100.98","0.46","342","50.12","2","0","0","1","138"
"30/7/2026, 02.22.55","E32_WS (Sector A)","27.75","67.87","100.98","0.47","335","50.12","2","0","0","1","138"
"30/7/2026, 02.23.00","E32_WS (Sector A)","27.75","67.87","100.98","0.39","342","50.12","2","0","0","1","138"
"30/7/2026, 02.23.05","E32_WS (Sector A)","27.75","67.84","100.98","0.42","337","50.12","2","0","0","1","138"
"30/7/2026, 02.23.10","E32_WS (Sector A)","27.75","67.81","100.98","0.38","339","50.12","2","0","0","1","138"
"30/7/2026, 02.23.15","E32_WS (Sector A)","27.75","67.8","100.98","0.41","348","50.12","2","0","0","1","138"
"30/7/2026, 02.23.20","E32_WS (Sector A)","27.75","67.78","100.98","0.46","351","50.12","2","0","0","1","138"
"30/7/2026, 02.23.25","E32_WS (Sector A)","27.75","67.75","100.98","0.45","344","50.12","2","0","0","1","138"
"30/7/2026, 02.23.30","E32_WS (Sector A)","27.75","67.76","100.98","0.48","348","50.12","2","0","0","1","138"
"30/7/2026, 02.23.35","E32_WS (Sector A)","27.75","67.76","100.98","0.47","351","50.12","2","0","0","1","138"
"30/7/2026, 02.23.40","E32_WS (Sector A)","27.75","67.73","100.98","0.45","342","50.12","2","0","0","1","138"
"30/7/2026, 02.23.45","E32_WS (Sector A)","27.75","67.74","100.98","0.36","337","50.12","2","0","0","1","138"
"30/7/2026, 02.23.50","E32_WS (Sector A)","27.75","67.72","100.98","0.36","345","50.12","2","0","0","1","138"
"30/7/2026, 02.23.55","E32_WS (Sector A)","27.75","67.71","100.98","0.4","341","50.12","2","0","0","1","138"
"30/7/2026, 02.24.00","E32_WS (Sector A)","27.75","67.69","100.98","0.47","348","50.12","2","0","0","1","138"
"30/7/2026, 02.24.05","E32_WS (Sector A)","27.75","67.68","100.98","0.52","351","50.12","2","0","0","1","138"
"30/7/2026, 02.24.10","E32_WS (Sector A)","27.75","67.67","100.98","0.42","345","50.12","2","0","0","2","138"
"30/7/2026, 02.24.15","E32_WS (Sector A)","27.75","67.67","100.98","0.42","335","50.12","2","0","0","1","138"
"30/7/2026, 02.24.20","E32_WS (Sector A)","27.75","67.7","100.98","0.46","343","50.12","2","0","0","1","138"
"30/7/2026, 02.24.25","E32_WS (Sector A)","27.75","67.73","100.98","0.48","321","50.12","2","0","0","1","138"
"30/7/2026, 02.24.30","E32_WS (Sector A)","27.75","67.8","100.98","0.38","336","50.12","2","0","0","1","138"
"30/7/2026, 02.24.35","E32_WS (Sector A)","27.75","67.83","100.98","0.51","326","50.12","2","0","0","1","138"
"30/7/2026, 02.24.40","E32_WS (Sector A)","27.75","67.89","100.98","0.51","341","50.12","2","0","0","1","138"
"30/7/2026, 02.24.45","E32_WS (Sector A)","27.75","67.86","100.98","0.55","321","50.12","2","0","0","1","138"
"30/7/2026, 02.24.50","E32_WS (Sector A)","27.75","67.92","100.98","0.47","329","50.12","2","0","0","1","138"
"30/7/2026, 02.24.55","E32_WS (Sector A)","27.75","67.91","100.98","0.45","320","50.12","2","0","0","1","138"
"30/7/2026, 02.25.00","E32_WS (Sector A)","27.74","67.93","100.98","0.41","328","50.12","2","0","0","1","138"
"30/7/2026, 02.25.05","E32_WS (Sector A)","27.74","67.92","100.98","0.37","336","50.12","2","0","0","1","138"
"30/7/2026, 02.25.10","E32_WS (Sector A)","27.74","67.93","100.98","0.43","328","50.12","2","0","0","1","138"
"30/7/2026, 02.25.15","E32_WS (Sector A)","27.74","67.97","100.98","0.43","327","50.12","2","0","0","1","138"
"30/7/2026, 02.25.20","E32_WS (Sector A)","27.74","68","100.98","0.41","338","50.12","2","0","0","1","138"
"30/7/2026, 02.25.25","E32_WS (Sector A)","27.74","67.98","100.98","0.36","341","50.12","2","0","0","1","138"
"30/7/2026, 02.25.30","E32_WS (Sector A)","27.74","67.94","100.98","0.45","340","50.12","2","0","0","1","138"
"30/7/2026, 02.25.35","E32_WS (Sector A)","27.74","67.9","100.98","0.49","336","50.12","2","0","0","1","138"
"30/7/2026, 02.25.40","E32_WS (Sector A)","27.73","67.88","100.98","0.36","341","50.12","2","0","0","1","138"
"30/7/2026, 02.25.45","E32_WS (Sector A)","27.74","67.85","100.98","0.38","333","50.12","2","0","0","1","138"
"30/7/2026, 02.25.50","E32_WS (Sector A)","27.74","67.89","100.98","0.37","328","50.12","2","0","0","1","138"
"30/7/2026, 02.25.55","E32_WS (Sector A)","27.74","67.98","100.98","0.38","327","50.12","2","0","0","1","138"
"30/7/2026, 02.26.00","E32_WS (Sector A)","27.74","68.03","100.98","0.38","339","50.12","2","0","0","1","138"
"30/7/2026, 02.26.05","E32_WS (Sector A)","27.73","68","100.98","0.45","347","50.12","2","0","0","1","138"
"30/7/2026, 02.26.10","E32_WS (Sector A)","27.73","67.95","100.98","0.45","345","50.12","2","0","0","1","138"
"30/7/2026, 02.26.15","E32_WS (Sector A)","27.73","67.95","100.98","0.42","347","50.12","2","0","0","1","138"
"30/7/2026, 02.26.20","E32_WS (Sector A)","27.74","67.94","100.98","0.46","336","50.12","2","0","0","1","138"
"30/7/2026, 02.26.25","E32_WS (Sector A)","27.74","67.96","100.98","0.37","339","50.12","2","0","0","1","138"
"30/7/2026, 02.26.30","E32_WS (Sector A)","27.74","67.92","100.98","0.41","335","50.12","2","0","0","1","138"
"30/7/2026, 02.26.35","E32_WS (Sector A)","27.74","67.93","100.98","0.43","333","50.12","2","0","0","1","138"
"30/7/2026, 02.26.40","E32_WS (Sector A)","27.74","68.01","100.98","0.53","336","50.12","2","0","0","1","138"
"30/7/2026, 02.26.45","E32_WS (Sector A)","27.73","68.03","100.98","0.49","345","50.12","2","0","0","1","138"
"30/7/2026, 02.26.50","E32_WS (Sector A)","27.73","68","100.98","0.46","343","50.12","2","0","0","1","138"
"30/7/2026, 02.26.55","E32_WS (Sector A)","27.74","67.99","100.98","0.34","334","50.12","2","0","0","1","138"
"30/7/2026, 02.27.00","E32_WS (Sector A)","27.74","67.99","100.98","0.32","329","50.12","2","0","0","1","138"
"30/7/2026, 02.27.05","E32_WS (Sector A)","27.73","67.98","100.98","0.34","316","50.12","2","0","0","1","138"
"30/7/2026, 02.27.10","E32_WS (Sector A)","27.73","68.03","100.98","0.4","312","50.12","2","0","0","1","138"
"30/7/2026, 02.27.15","E32_WS (Sector A)","27.73","68.06","100.98","0.33","325","50.12","2","0","0","1","138"
"30/7/2026, 02.27.20","E32_WS (Sector A)","27.73","68.07","100.98","0.35","326","50.12","2","0","0","1","138"
"30/7/2026, 02.27.25","E32_WS (Sector A)","27.73","68.07","100.98","0.33","329","50.12","2","0","0","1","138"
"30/7/2026, 02.27.30","E32_WS (Sector A)","27.73","68.06","100.98","0.45","338","50.12","2","0","0","1","138"
"30/7/2026, 02.27.35","E32_WS (Sector A)","27.73","68.02","100.98","0.51","332","50.12","2","0","0","1","138"
"30/7/2026, 02.27.40","E32_WS (Sector A)","27.73","67.99","100.98","0.51","338","50.12","2","0","0","1","138"
"30/7/2026, 02.27.45","E32_WS (Sector A)","27.73","67.95","100.98","0.51","337","50.12","2","0","0","1","138"
"30/7/2026, 02.27.50","E32_WS (Sector A)","27.73","67.93","100.98","0.45","338","50.12","2","0","0","1","138"
"30/7/2026, 02.27.55","E32_WS (Sector A)","27.73","67.93","100.98","0.41","339","50.12","2","0","0","1","138"
"30/7/2026, 02.28.00","E32_WS (Sector A)","27.73","67.91","100.98","0.39","340","50.12","2","0","0","1","138"
"30/7/2026, 02.28.05","E32_WS (Sector A)","27.73","67.87","100.98","0.53","344","50.12","2","0","0","1","138"
"30/7/2026, 02.28.10","E32_WS (Sector A)","27.73","67.87","100.98","0.42","331","50.12","2","0","0","1","138"
"30/7/2026, 02.28.15","E32_WS (Sector A)","27.73","67.91","100.98","0.43","327","50.12","2","0","0","1","138"
"30/7/2026, 02.28.20","E32_WS (Sector A)","27.73","67.97","100.99","0.41","329","50.12","2","0","0","1","138"
"30/7/2026, 02.28.25","E32_WS (Sector A)","27.72","68.02","100.98","0.42","332","50.12","2","0","0","1","138"
"30/7/2026, 02.28.30","E32_WS (Sector A)","27.72","68.04","100.98","0.45","338","50.12","2","0","0","1","138"
"30/7/2026, 02.28.35","E32_WS (Sector A)","27.72","68.02","100.98","0.51","342","50.12","2","0","0","1","138"
"30/7/2026, 02.28.40","E32_WS (Sector A)","27.73","67.99","100.98","0.54","335","50.12","2","0","0","1","138"
"30/7/2026, 02.28.45","E32_WS (Sector A)","27.72","68","100.98","0.5","327","50.12","2","0","0","1","138"
"30/7/2026, 02.28.50","E32_WS (Sector A)","27.72","67.99","100.98","0.45","342","50.12","2","0","0","1","138"
"30/7/2026, 02.28.55","E32_WS (Sector A)","27.72","67.97","100.98","0.48","341","50.12","2","0","0","1","138"
"30/7/2026, 02.29.00","E32_WS (Sector A)","27.72","67.94","100.98","0.35","325","50.12","2","0","0","1","138"
"30/7/2026, 02.29.05","E32_WS (Sector A)","27.72","67.95","100.99","0.39","331","50.12","2","0","0","1","138"
"30/7/2026, 02.29.10","E32_WS (Sector A)","27.72","67.98","100.98","0.46","324","50.12","2","0","0","1","138"
"30/7/2026, 02.29.15","E32_WS (Sector A)","27.72","68.01","100.98","0.51","324","50.12","2","0","0","1","138"
"30/7/2026, 02.29.20","E32_WS (Sector A)","27.71","68.04","100.98","0.54","338","50.12","2","0","0","1","138"
"30/7/2026, 02.29.25","E32_WS (Sector A)","27.71","68.01","100.98","0.48","326","50.12","2","0","0","1","138"
"30/7/2026, 02.29.30","E32_WS (Sector A)","27.71","68","100.98","0.46","327","50.12","2","0","0","1","138"
"30/7/2026, 02.29.35","E32_WS (Sector A)","27.71","68","100.98","0.43","333","50.12","2","0","0","1","138"
"30/7/2026, 02.29.40","E32_WS (Sector A)","27.71","68","100.98","0.44","340","50.12","2","0","0","1","138"
"30/7/2026, 02.29.45","E32_WS (Sector A)","27.72","67.97","100.98","0.45","331","50.12","2","0","0","1","138"
"30/7/2026, 02.29.50","E32_WS (Sector A)","27.71","67.97","100.98","0.38","310","50.12","2","0","0","1","138"
"30/7/2026, 02.29.55","E32_WS (Sector A)","27.71","68","100.98","0.46","318","50.12","2","0","0","1","138"
"30/7/2026, 02.30.00","E32_WS (Sector A)","27.71","68.02","100.98","0.56","324","50.12","2","0","0","1","138"
"30/7/2026, 02.30.05","E32_WS (Sector A)","27.71","68.03","100.98","0.54","334","50.12","2","0","0","1","138"
"30/7/2026, 02.30.10","E32_WS (Sector A)","27.7","68.06","100.98","0.63","336","50.12","2","0","0","1","138"
"30/7/2026, 02.30.15","E32_WS (Sector A)","27.7","68.01","100.98","0.45","353","50.12","2","0","0","1","138"
"30/7/2026, 02.30.20","E32_WS (Sector A)","27.7","68","100.98","0.44","351","50.12","2","0","0","1","138"
"30/7/2026, 02.30.25","E32_WS (Sector A)","27.71","67.98","100.98","0.39","343","50.12","2","0","0","1","138"
"30/7/2026, 02.30.30","E32_WS (Sector A)","27.7","67.96","100.98","0.42","349","50.12","2","0","0","1","138"
"30/7/2026, 02.30.35","E32_WS (Sector A)","27.71","67.95","100.98","0.43","343","50.12","2","0","0","1","138"
"30/7/2026, 02.30.40","E32_WS (Sector A)","27.71","67.94","100.98","0.45","331","50.12","2","0","0","1","138"
"30/7/2026, 02.30.45","E32_WS (Sector A)","27.71","67.99","100.98","0.49","335","50.12","2","0","0","1","138"
"30/7/2026, 02.30.50","E32_WS (Sector A)","27.7","68.04","100.98","0.41","332","50.12","2","0","0","1","138"
"30/7/2026, 02.30.55","E32_WS (Sector A)","27.71","68.04","100.98","0.4","330","50.12","2","0","0","1","138"
"30/7/2026, 02.31.00","E32_WS (Sector A)","27.71","68.03","100.98","0.32","340","50.12","2","0","0","1","138"
"30/7/2026, 02.31.05","E32_WS (Sector A)","27.71","67.98","100.98","0.41","327","50.12","2","0","0","1","138"
"30/7/2026, 02.31.10","E32_WS (Sector A)","27.7","68.01","100.98","0.51","342","50.12","2","0","0","1","138"
"30/7/2026, 02.31.15","E32_WS (Sector A)","27.71","68.01","100.98","0.45","320","50.12","2","0","0","1","138"
"30/7/2026, 02.31.20","E32_WS (Sector A)","27.7","68.07","100.98","0.47","326","50.12","2","0","0","1","138"
"30/7/2026, 02.31.25","E32_WS (Sector A)","27.71","68.1","100.98","0.43","321","50.12","2","0","0","1","138"
"30/7/2026, 02.31.30","E32_WS (Sector A)","27.7","68.14","100.98","0.44","332","50.12","2","0","0","1","138"
"30/7/2026, 02.31.35","E32_WS (Sector A)","27.7","68.14","100.98","0.51","337","50.12","2","0","0","1","138"
"30/7/2026, 02.31.40","E32_WS (Sector A)","27.7","68.1","100.98","0.73","319","50.12","2","0","0","1","138"
"30/7/2026, 02.31.45","E32_WS (Sector A)","27.7","68.09","100.98","0.52","319","50.12","2","0","0","1","138"
"30/7/2026, 02.31.50","E32_WS (Sector A)","27.69","68.09","100.98","0.39","312","50.12","2","0","0","1","138"
"30/7/2026, 02.31.55","E32_WS (Sector A)","27.69","68.1","100.98","0.38","326","50.12","2","0","0","1","138"
"30/7/2026, 02.32.00","E32_WS (Sector A)","27.69","68.11","100.98","0.54","324","50.12","2","0","0","1","138"
"30/7/2026, 02.32.05","E32_WS (Sector A)","27.69","68.11","100.98","0.51","333","50.12","2","0","0","1","138"
"30/7/2026, 02.32.10","E32_WS (Sector A)","27.69","68.11","100.98","0.41","331","50.12","2","0","0","1","138"
"30/7/2026, 02.32.15","E32_WS (Sector A)","27.69","68.1","100.97","0.44","331","50.12","2","0","0","1","138"
"30/7/2026, 02.32.20","E32_WS (Sector A)","27.69","68.1","100.97","0.42","338","50.12","2","0","0","1","138"
"30/7/2026, 02.32.25","E32_WS (Sector A)","27.69","68.08","100.98","0.41","333","50.12","2","0","0","1","138"
"30/7/2026, 02.32.30","E32_WS (Sector A)","27.69","68.08","100.98","0.45","341","50.12","2","0","0","1","138"
"30/7/2026, 02.32.35","E32_WS (Sector A)","27.69","68.07","100.98","0.45","330","50.12","2","0","0","1","138"
"30/7/2026, 02.32.40","E32_WS (Sector A)","27.69","68.1","100.98","0.47","332","50.12","2","0","0","1","138"
"30/7/2026, 02.32.45","E32_WS (Sector A)","27.69","68.09","100.98","0.46","332","50.12","2","0","0","1","138"
"30/7/2026, 02.32.50","E32_WS (Sector A)","27.69","68.11","100.97","0.49","338","50.12","2","0","0","1","138"
"30/7/2026, 02.32.55","E32_WS (Sector A)","27.69","68.09","100.98","0.51","343","50.12","2","0","0","1","138"
"30/7/2026, 02.33.00","E32_WS (Sector A)","27.69","68.04","100.97","0.5","343","50.12","2","0","0","1","138"
"30/7/2026, 02.33.05","E32_WS (Sector A)","27.7","68.01","100.97","0.46","335","50.12","2","0","0","1","138"
"30/7/2026, 02.33.10","E32_WS (Sector A)","27.69","68","100.98","0.42","322","50.12","2","0","0","1","138"
"30/7/2026, 02.33.15","E32_WS (Sector A)","27.69","68.03","100.98","0.45","324","50.12","2","0","0","1","138"
"30/7/2026, 02.33.20","E32_WS (Sector A)","27.69","68.07","100.97","0.47","301","50.12","2","0","0","1","138"
"30/7/2026, 02.33.25","E32_WS (Sector A)","27.68","68.07","100.98","0.48","313","50.12","2","0","0","1","138"
"30/7/2026, 02.33.30","E32_WS (Sector A)","27.68","68.09","100.98","0.45","320","50.12","2","0","0","1","138"
"30/7/2026, 02.33.35","E32_WS (Sector A)","27.68","68.11","100.97","0.45","313","50.12","2","0","0","1","138"
"30/7/2026, 02.33.40","E32_WS (Sector A)","27.68","68.09","100.98","0.38","314","50.12","2","0","0","1","138"
"30/7/2026, 02.33.45","E32_WS (Sector A)","27.68","68.07","100.97","0.48","316","50.12","2","0","0","1","138"
"30/7/2026, 02.33.50","E32_WS (Sector A)","27.67","68.1","100.98","0.5","327","50.12","2","0","0","1","138"
"30/7/2026, 02.33.55","E32_WS (Sector A)","27.67","68.09","100.97","0.5","341","50.12","2","0","0","1","138"
"30/7/2026, 02.34.00","E32_WS (Sector A)","27.68","68.08","100.97","0.47","345","50.12","2","0","0","1","138"
"30/7/2026, 02.34.05","E32_WS (Sector A)","27.67","68.06","100.97","0.45","327","50.12","2","0","0","1","138"
"30/7/2026, 02.34.10","E32_WS (Sector A)","27.67","68.07","100.97","0.43","322","50.12","2","0","0","1","138"
"30/7/2026, 02.34.15","E32_WS (Sector A)","27.67","68.12","100.97","0.38","340","50.12","2","0","0","1","138"
"30/7/2026, 02.34.20","E32_WS (Sector A)","27.67","68.08","100.97","0.41","338","50.12","2","0","0","1","138"
"30/7/2026, 02.34.25","E32_WS (Sector A)","27.67","68.07","100.97","0.4","330","50.12","2","0","0","1","138"
"30/7/2026, 02.34.30","E32_WS (Sector A)","27.67","68.07","100.97","0.4","341","50.12","2","0","0","1","138"
"30/7/2026, 02.34.35","E32_WS (Sector A)","27.67","68.04","100.97","0.42","350","50.12","2","0","0","1","138"
"30/7/2026, 02.34.40","E32_WS (Sector A)","27.67","68.02","100.97","0.5","335","50.12","2","0","0","1","138"
"30/7/2026, 02.34.45","E32_WS (Sector A)","27.67","68.01","100.97","0.54","345","50.12","2","0","0","1","138"
"30/7/2026, 02.34.50","E32_WS (Sector A)","27.67","67.96","100.97","0.59","350","50.12","2","0","0","1","138"
"30/7/2026, 02.34.55","E32_WS (Sector A)","27.67","67.93","100.97","0.38","325","50.12","2","0","0","1","138"
"30/7/2026, 02.35.00","E32_WS (Sector A)","27.67","67.94","100.97","0.32","321","50.12","2","0","0","1","138"
"30/7/2026, 02.35.05","E32_WS (Sector A)","27.67","67.98","100.97","0.42","323","50.12","2","0","0","1","138"
"30/7/2026, 02.35.10","E32_WS (Sector A)","27.67","68.03","100.97","0.43","332","50.12","2","0","0","1","138"
"30/7/2026, 02.35.15","E32_WS (Sector A)","27.67","68.06","100.97","0.45","334","50.12","2","0","0","1","138"
"30/7/2026, 02.35.20","E32_WS (Sector A)","27.67","68.07","100.97","0.49","337","50.12","2","0","0","1","138"
"30/7/2026, 02.35.25","E32_WS (Sector A)","27.67","68.07","100.98","0.47","336","50.12","2","0","0","1","138"
"30/7/2026, 02.35.30","E32_WS (Sector A)","27.67","68.07","100.97","0.41","330","50.12","2","0","0","1","138"
"30/7/2026, 02.35.35","E32_WS (Sector A)","27.67","68.06","100.97","0.58","315","50.12","2","0","0","1","138"
"30/7/2026, 02.35.40","E32_WS (Sector A)","27.66","68.06","100.97","0.41","315","50.12","2","0","0","1","138"
"30/7/2026, 02.35.45","E32_WS (Sector A)","27.66","68.04","100.97","0.49","324","50.12","2","0","0","1","138"
"30/7/2026, 02.35.50","E32_WS (Sector A)","27.66","68.03","100.97","0.47","332","50.12","2","0","0","1","138"
"30/7/2026, 02.35.55","E32_WS (Sector A)","27.66","68.01","100.97","0.41","324","50.12","2","0","0","1","138"
"30/7/2026, 02.36.00","E32_WS (Sector A)","27.66","68.02","100.97","0.39","328","50.12","2","0","0","1","138"
"30/7/2026, 02.36.05","E32_WS (Sector A)","27.66","68.03","100.97","0.46","336","50.12","2","0","0","1","138"
"30/7/2026, 02.36.10","E32_WS (Sector A)","27.66","68.01","100.97","0.52","345","50.12","2","0","0","1","138"
"30/7/2026, 02.36.15","E32_WS (Sector A)","27.66","68.01","100.97","0.46","344","50.12","2","0","0","1","138"
"30/7/2026, 02.36.20","E32_WS (Sector A)","27.66","67.98","100.97","0.34","344","50.12","2","0","0","1","138"
"30/7/2026, 02.36.25","E32_WS (Sector A)","27.66","67.95","100.97","0.39","355","50.12","2","0","0","1","138"
"30/7/2026, 02.36.30","E32_WS (Sector A)","27.66","67.92","100.97","0.43","335","50.12","2","0","0","1","138"
"30/7/2026, 02.36.35","E32_WS (Sector A)","27.66","67.95","100.97","0.4","331","50.12","2","0","0","1","138"
"30/7/2026, 02.36.40","E32_WS (Sector A)","27.66","67.96","100.97","0.44","329","50.12","2","0","0","1","138"
"30/7/2026, 02.36.45","E32_WS (Sector A)","27.66","67.98","100.97","0.5","324","50.12","2","0","0","1","138"
"30/7/2026, 02.36.50","E32_WS (Sector A)","27.65","68.02","100.97","0.53","316","50.12","2","0","0","1","138"
"30/7/2026, 02.36.55","E32_WS (Sector A)","27.65","68.06","100.97","0.4","317","50.12","2","0","0","1","138"
"30/7/2026, 02.37.00","E32_WS (Sector A)","27.65","68.08","100.97","0.32","334","50.12","2","0","0","1","138"
"30/7/2026, 02.37.05","E32_WS (Sector A)","27.65","68.07","100.97","0.47","314","50.12","2","0","0","1","138"
"30/7/2026, 02.37.10","E32_WS (Sector A)","27.64","68.09","100.97","0.48","316","50.12","2","0","0","1","138"
"30/7/2026, 02.37.15","E32_WS (Sector A)","27.65","68.13","100.97","0.41","333","50.12","2","0","0","1","138"
"30/7/2026, 02.37.21","E32_WS (Sector A)","27.65","68.14","100.97","0.47","330","50.12","2","0","0","1","138"
"30/7/2026, 02.37.25","E32_WS (Sector A)","27.65","68.16","100.97","0.44","325","50.12","2","0","0","1","138"
"30/7/2026, 02.37.30","E32_WS (Sector A)","27.64","68.2","100.97","0.42","325","50.12","2","0","0","1","138"
"30/7/2026, 02.37.35","E32_WS (Sector A)","27.65","68.2","100.97","0.47","349","50.12","2","0","0","1","138"
"30/7/2026, 02.37.40","E32_WS (Sector A)","27.65","68.19","100.97","0.5","341","50.12","2","0","0","1","138"
"30/7/2026, 02.37.45","E32_WS (Sector A)","27.65","68.15","100.97","0.46","325","50.12","2","0","0","1","138"
"30/7/2026, 02.37.50","E32_WS (Sector A)","27.65","68.18","100.97","0.46","330","50.12","2","0","0","1","138"
"30/7/2026, 02.37.55","E32_WS (Sector A)","27.65","68.17","100.97","0.44","315","50.12","2","0","0","1","138"
"30/7/2026, 02.38.00","E32_WS (Sector A)","27.64","68.18","100.97","0.37","321","50.12","2","0","0","1","138"
"30/7/2026, 02.38.05","E32_WS (Sector A)","27.64","68.17","100.97","0.43","316","50.12","2","0","0","1","138"
"30/7/2026, 02.38.10","E32_WS (Sector A)","27.64","68.17","100.97","0.41","313","50.12","2","0","0","1","138"
"30/7/2026, 02.38.15","E32_WS (Sector A)","27.64","68.2","100.97","0.47","332","50.12","2","0","0","1","138"
"30/7/2026, 02.38.20","E32_WS (Sector A)","27.64","68.16","100.97","0.54","334","50.12","2","0","0","1","138"
"30/7/2026, 02.38.25","E32_WS (Sector A)","27.64","68.12","100.97","0.42","324","50.12","2","0","0","1","138"
"30/7/2026, 02.38.30","E32_WS (Sector A)","27.64","68.16","100.97","0.43","333","50.12","2","0","0","1","138"
"30/7/2026, 02.38.35","E32_WS (Sector A)","27.64","68.14","100.97","0.46","329","50.12","2","0","0","1","138"
"30/7/2026, 02.38.40","E32_WS (Sector A)","27.64","68.17","100.97","0.55","329","50.12","2","0","0","1","138"
"30/7/2026, 02.38.45","E32_WS (Sector A)","27.64","68.19","100.97","0.32","332","50.12","2","0","0","1","138"
"30/7/2026, 02.38.50","E32_WS (Sector A)","27.64","68.22","100.97","0.41","332","50.12","2","0","0","1","138"
"30/7/2026, 02.38.55","E32_WS (Sector A)","27.64","68.21","100.97","0.4","336","50.12","2","0","0","1","138"
"30/7/2026, 02.39.00","E32_WS (Sector A)","27.64","68.15","100.97","0.42","345","50.12","2","0","0","1","138"
"30/7/2026, 02.39.05","E32_WS (Sector A)","27.64","68.12","100.97","0.44","344","50.12","2","0","0","1","138"
"30/7/2026, 02.39.10","E32_WS (Sector A)","27.64","68.08","100.97","0.47","335","50.12","2","0","0","1","138"
"30/7/2026, 02.39.15","E32_WS (Sector A)","27.64","68.08","100.97","0.35","331","50.12","2","0","0","1","138"
"30/7/2026, 02.39.20","E32_WS (Sector A)","27.64","68.08","100.97","0.31","342","50.12","2","0","0","1","138"
"30/7/2026, 02.39.25","E32_WS (Sector A)","27.64","68.07","100.97","0.37","320","50.12","2","0","0","1","138"
"30/7/2026, 02.39.30","E32_WS (Sector A)","27.64","68.13","100.97","0.4","316","50.12","2","0","0","1","138"
"30/7/2026, 02.39.35","E32_WS (Sector A)","27.63","68.14","100.97","0.46","315","50.12","2","0","0","1","138"
"30/7/2026, 02.39.40","E32_WS (Sector A)","27.63","68.17","100.97","0.3","305","50.12","2","0","0","1","138"
"30/7/2026, 02.39.45","E32_WS (Sector A)","27.63","68.16","100.97","0.39","310","50.12","2","0","0","2","138"
"30/7/2026, 02.39.50","E32_WS (Sector A)","27.63","68.16","100.97","0.45","312","50.12","2","0","0","2","138"
"30/7/2026, 02.39.55","E32_WS (Sector A)","27.62","68.12","100.97","0.48","319","50.12","2","0","0","2","138"
"30/7/2026, 02.40.00","E32_WS (Sector A)","27.62","68.11","100.97","0.43","324","50.12","2","0","0","2","138"
"30/7/2026, 02.40.05","E32_WS (Sector A)","27.62","68.12","100.97","0.41","334","50.12","2","0","0","2","138"
"30/7/2026, 02.40.10","E32_WS (Sector A)","27.62","68.12","100.97","0.49","348","50.12","2","0","0","1","138"
"30/7/2026, 02.40.15","E32_WS (Sector A)","27.62","68.1","100.97","0.47","308","50.12","2","0","0","2","138"
"30/7/2026, 02.40.20","E32_WS (Sector A)","27.62","68.16","100.97","0.43","322","50.12","2","0","0","2","138"
"30/7/2026, 02.40.25","E32_WS (Sector A)","27.62","68.22","100.97","0.41","333","50.12","2","0","0","1","138"
"30/7/2026, 02.40.30","E32_WS (Sector A)","27.62","68.25","100.97","0.38","338","50.12","2","0","0","1","138"
"30/7/2026, 02.40.35","E32_WS (Sector A)","27.62","68.22","100.97","0.46","335","50.12","2","0","0","1","138"
"30/7/2026, 02.40.40","E32_WS (Sector A)","27.62","68.22","100.97","0.42","337","50.12","2","0","0","1","138"
"30/7/2026, 02.40.45","E32_WS (Sector A)","27.62","68.19","100.98","0.47","332","50.12","2","0","0","1","138"
"30/7/2026, 02.40.50","E32_WS (Sector A)","27.63","68.19","100.98","0.46","340","50.12","2","0","0","1","138"
"30/7/2026, 02.40.55","E32_WS (Sector A)","27.63","68.17","100.97","0.48","338","50.12","2","0","0","2","138"
"30/7/2026, 02.41.00","E32_WS (Sector A)","27.62","68.13","100.97","0.45","318","50.12","2","0","0","1","138"
"30/7/2026, 02.41.05","E32_WS (Sector A)","27.62","68.13","100.97","0.42","320","50.12","2","0","0","1","138"
"30/7/2026, 02.41.10","E32_WS (Sector A)","27.62","68.21","100.98","0.46","322","50.12","2","0","0","1","138"
"30/7/2026, 02.41.15","E32_WS (Sector A)","27.62","68.26","100.98","0.44","328","50.12","2","0","0","1","138"
"30/7/2026, 02.41.20","E32_WS (Sector A)","27.62","68.26","100.97","0.46","337","50.12","2","0","0","2","138"
"30/7/2026, 02.41.25","E32_WS (Sector A)","27.62","68.27","100.97","0.47","340","50.12","2","0","0","1","138"
"30/7/2026, 02.41.30","E32_WS (Sector A)","27.62","68.23","100.97","0.35","337","50.12","2","0","0","1","138"
"30/7/2026, 02.41.35","E32_WS (Sector A)","27.62","68.18","100.97","0.38","330","50.12","2","0","0","1","138"
"30/7/2026, 02.41.40","E32_WS (Sector A)","27.62","68.19","100.97","0.42","327","50.12","2","0","0","1","138"
"30/7/2026, 02.41.45","E32_WS (Sector A)","27.62","68.21","100.97","0.4","354","50.12","2","0","0","1","138"
"30/7/2026, 02.41.50","E32_WS (Sector A)","27.62","68.16","100.97","0.36","354","50.12","2","0","0","1","138"
"30/7/2026, 02.41.55","E32_WS (Sector A)","27.62","68.13","100.97","0.3","352","50.12","2","0","0","1","138"
"30/7/2026, 02.42.00","E32_WS (Sector A)","27.62","68.09","100.97","0.34","343","50.12","2","0","0","1","138"
"30/7/2026, 02.42.05","E32_WS (Sector A)","27.62","68.08","100.98","0.33","349","50.12","2","0","0","1","138"
"30/7/2026, 02.42.10","E32_WS (Sector A)","27.62","68.07","100.97","0.37","336","50.12","2","0","0","1","138"
"30/7/2026, 02.42.15","E32_WS (Sector A)","27.63","68.07","100.98","0.38","335","50.12","2","0","0","1","138"
"30/7/2026, 02.42.20","E32_WS (Sector A)","27.62","68.15","100.98","0.39","327","50.12","2","0","0","1","138"
"30/7/2026, 02.42.25","E32_WS (Sector A)","27.62","68.22","100.97","0.41","332","50.12","2","0","0","1","138"
"30/7/2026, 02.42.30","E32_WS (Sector A)","27.62","68.23","100.98","0.5","332","50.12","2","0","0","1","138"
"30/7/2026, 02.42.35","E32_WS (Sector A)","27.62","68.26","100.98","0.42","332","50.12","2","0","0","1","138"
"30/7/2026, 02.42.40","E32_WS (Sector A)","27.62","68.26","100.98","0.42","335","50.12","2","0","0","1","138"
"30/7/2026, 02.42.45","E32_WS (Sector A)","27.62","68.24","100.97","0.36","326","50.12","2","0","0","1","138"
"30/7/2026, 02.42.50","E32_WS (Sector A)","27.62","68.23","100.97","0.49","321","50.12","2","0","0","1","138"
"30/7/2026, 02.42.55","E32_WS (Sector A)","27.62","68.21","100.97","0.43","320","50.12","2","0","0","1","138"
"30/7/2026, 02.43.00","E32_WS (Sector A)","27.62","68.2","100.97","0.41","326","50.12","2","0","0","1","138"
"30/7/2026, 02.43.05","E32_WS (Sector A)","27.63","68.2","100.98","0.4","320","50.12","2","0","0","1","138"
"30/7/2026, 02.43.10","E32_WS (Sector A)","27.62","68.19","100.97","0.4","330","50.12","2","0","0","1","138"
"30/7/2026, 02.43.15","E32_WS (Sector A)","27.62","68.21","100.98","0.42","324","50.12","2","0","0","1","138"
"30/7/2026, 02.43.20","E32_WS (Sector A)","27.62","68.24","100.98","0.4","331","50.12","2","0","0","1","138"
"30/7/2026, 02.43.25","E32_WS (Sector A)","27.62","68.27","100.98","0.44","356","50.12","2","0","0","1","138"
"30/7/2026, 02.43.30","E32_WS (Sector A)","27.62","68.23","100.98","0.47","346","50.12","2","0","0","1","138"
"30/7/2026, 02.43.35","E32_WS (Sector A)","27.62","68.21","100.97","0.57","357","50.12","2","0","0","1","138"
"30/7/2026, 02.43.40","E32_WS (Sector A)","27.62","68.15","100.97","0.51","352","50.12","2","0","0","1","138"
"30/7/2026, 02.43.45","E32_WS (Sector A)","27.63","68.1","100.97","0.38","345","50.12","2","0","0","1","138"
"30/7/2026, 02.43.50","E32_WS (Sector A)","27.63","68.08","100.98","0.39","354","50.12","2","0","0","1","138"
"30/7/2026, 02.43.55","E32_WS (Sector A)","27.63","68.04","100.98","0.46","347","50.12","2","0","0","1","138"
"30/7/2026, 02.44.00","E32_WS (Sector A)","27.63","68.04","100.98","0.48","346","50.12","2","0","0","1","138"
"30/7/2026, 02.44.05","E32_WS (Sector A)","27.63","68.03","100.97","0.38","331","50.12","2","0","0","1","138"
"30/7/2026, 02.44.10","E32_WS (Sector A)","27.63","68.12","100.97","0.44","325","50.12","2","0","0","1","138"
"30/7/2026, 02.44.15","E32_WS (Sector A)","27.62","68.18","100.98","0.48","342","50.12","2","0","0","1","138"
"30/7/2026, 02.44.20","E32_WS (Sector A)","27.63","68.15","100.98","0.44","346","50.12","2","0","0","1","138"
"30/7/2026, 02.44.25","E32_WS (Sector A)","27.63","68.18","100.97","0.37","333","50.12","2","0","0","1","138"
"30/7/2026, 02.44.30","E32_WS (Sector A)","27.63","68.18","100.98","0.4","328","50.12","2","0","0","1","138"
"30/7/2026, 02.44.35","E32_WS (Sector A)","27.63","68.21","100.98","0.3","335","50.12","2","0","0","1","138"
"30/7/2026, 02.44.40","E32_WS (Sector A)","27.63","68.15","100.98","0.37","333","50.12","2","0","0","1","138"
"30/7/2026, 02.44.45","E32_WS (Sector A)","27.63","68.2","100.98","0.37","333","50.12","2","0","0","1","138"
"30/7/2026, 02.44.50","E32_WS (Sector A)","27.63","68.19","100.98","0.34","336","50.12","2","0","0","1","138"
"30/7/2026, 02.44.55","E32_WS (Sector A)","27.63","68.16","100.98","0.34","336","50.12","2","0","0","1","138"
"30/7/2026, 02.45.00","E32_WS (Sector A)","27.63","68.13","100.98","0.26","337","50.12","2","0","0","1","138"
"30/7/2026, 02.45.05","E32_WS (Sector A)","27.63","68.12","100.98","0.37","322","50.12","2","0","0","1","138"
"30/7/2026, 02.45.10","E32_WS (Sector A)","27.63","68.21","100.98","0.43","325","50.12","2","0","0","1","138"
"30/7/2026, 02.45.15","E32_WS (Sector A)","27.63","68.23","100.98","0.51","351","50.12","2","0","0","1","138"
"30/7/2026, 02.45.20","E32_WS (Sector A)","27.63","68.18","100.98","0.47","345","50.12","2","0","0","1","138"
"30/7/2026, 02.45.25","E32_WS (Sector A)","27.63","68.16","100.98","0.46","332","50.12","2","0","0","1","138"
"30/7/2026, 02.45.30","E32_WS (Sector A)","27.63","68.16","100.98","0.42","343","50.12","2","0","0","1","138"
"30/7/2026, 02.45.35","E32_WS (Sector A)","27.63","68.12","100.98","0.41","347","50.12","2","0","0","1","138"
"30/7/2026, 02.45.40","E32_WS (Sector A)","27.63","68.1","100.98","0.4","341","50.12","2","0","0","1","138"
"30/7/2026, 02.45.45","E32_WS (Sector A)","27.63","68.09","100.98","0.44","340","50.12","2","0","0","1","138"
"30/7/2026, 02.45.50","E32_WS (Sector A)","27.64","68.08","100.98","0.4","342","50.12","2","0","0","1","138"
"30/7/2026, 02.45.55","E32_WS (Sector A)","27.63","68.08","100.98","0.42","345","50.12","2","0","0","1","138"
"30/7/2026, 02.46.00","E32_WS (Sector A)","27.63","68.06","100.98","0.44","346","50.12","2","0","0","1","138"
"30/7/2026, 02.46.05","E32_WS (Sector A)","27.64","68.1","100.98","0.34","327","50.12","2","0","0","1","138"
"30/7/2026, 02.46.10","E32_WS (Sector A)","27.63","68.11","100.98","0.31","334","50.12","2","0","0","1","138"
"30/7/2026, 02.46.15","E32_WS (Sector A)","27.63","68.07","100.98","0.33","328","50.12","2","0","0","1","138"
"30/7/2026, 02.46.20","E32_WS (Sector A)","27.63","68.09","100.98","0.3","334","50.12","2","0","0","1","138"
"30/7/2026, 02.46.25","E32_WS (Sector A)","27.63","68.06","100.98","0.36","327","50.12","2","0","0","1","138"
"30/7/2026, 02.46.30","E32_WS (Sector A)","27.64","68.14","100.98","0.33","338","50.12","2","0","0","1","138"
"30/7/2026, 02.46.35","E32_WS (Sector A)","27.63","68.14","100.98","0.33","339","50.12","2","0","0","1","138"
"30/7/2026, 02.46.40","E32_WS (Sector A)","27.63","68.09","100.98","0.3","342","50.12","2","0","0","1","138"
"30/7/2026, 02.46.45","E32_WS (Sector A)","27.63","68.06","100.98","0.32","340","50.12","2","0","0","1","138"
"30/7/2026, 02.46.50","E32_WS (Sector A)","27.64","68.06","100.98","0.36","353","50.12","2","0","0","1","138"
"30/7/2026, 02.46.55","E32_WS (Sector A)","27.64","68.04","100.98","0.44","351","50.12","2","0","0","1","138"
"30/7/2026, 02.47.00","E32_WS (Sector A)","27.64","68.05","100.98","0.42","330","50.12","2","0","0","1","138"
"30/7/2026, 02.47.05","E32_WS (Sector A)","27.64","68.09","100.98","0.41","317","50.12","2","0","0","1","138"
"30/7/2026, 02.47.10","E32_WS (Sector A)","27.63","68.18","100.98","0.42","322","50.12","2","0","0","2","138"
"30/7/2026, 02.47.15","E32_WS (Sector A)","27.63","68.2","100.98","0.41","319","50.12","2","0","0","1","138"
"30/7/2026, 02.47.20","E32_WS (Sector A)","27.63","68.23","100.98","0.45","318","50.12","2","0","0","1","138"
"30/7/2026, 02.47.25","E32_WS (Sector A)","27.63","68.26","100.98","0.42","325","50.12","2","0","0","1","138"
"30/7/2026, 02.47.30","E32_WS (Sector A)","27.63","68.25","100.98","0.45","330","50.12","2","0","0","1","138"
"30/7/2026, 02.47.35","E32_WS (Sector A)","27.63","68.26","100.98","0.46","337","50.12","2","0","0","1","138"
"30/7/2026, 02.47.40","E32_WS (Sector A)","27.63","68.23","100.98","0.4","329","50.12","2","0","0","1","138"
"30/7/2026, 02.47.45","E32_WS (Sector A)","27.63","68.2","100.98","0.44","341","50.12","2","0","0","1","138"
"30/7/2026, 02.47.50","E32_WS (Sector A)","27.62","68.16","100.98","0.56","309","50.12","2","0","0","1","138"
"30/7/2026, 02.47.55","E32_WS (Sector A)","27.62","68.18","100.98","0.47","311","50.12","2","0","0","2","138"
"30/7/2026, 02.48.00","E32_WS (Sector A)","27.62","68.23","100.98","0.5","307","50.12","2","0","0","2","138"
"30/7/2026, 02.48.05","E32_WS (Sector A)","27.61","68.2","100.98","0.36","342","50.12","2","0","0","2","138"
"30/7/2026, 02.48.10","E32_WS (Sector A)","27.62","68.17","100.98","0.43","339","50.12","2","0","0","1","138"
"30/7/2026, 02.48.15","E32_WS (Sector A)","27.61","68.16","100.98","0.47","323","50.12","2","0","0","1","138"
"30/7/2026, 02.48.20","E32_WS (Sector A)","27.61","68.15","100.98","0.36","333","50.12","2","0","0","1","138"
"30/7/2026, 02.48.25","E32_WS (Sector A)","27.61","68.15","100.98","0.41","308","50.12","2","0","0","1","138"
"30/7/2026, 02.48.30","E32_WS (Sector A)","27.61","68.17","100.98","0.28","325","50.12","2","0","0","1","138"
"30/7/2026, 02.48.35","E32_WS (Sector A)","27.61","68.18","100.98","0.42","338","50.12","2","0","0","1","138"
"30/7/2026, 02.48.40","E32_WS (Sector A)","27.6","68.17","100.98","0.45","313","50.12","2","0","0","1","138"
"30/7/2026, 02.48.45","E32_WS (Sector A)","27.6","68.17","100.98","0.49","332","50.12","2","0","0","2","138"
"30/7/2026, 02.48.50","E32_WS (Sector A)","27.6","68.14","100.99","0.48","332","50.12","2","0","0","1","138"
"30/7/2026, 02.48.55","E32_WS (Sector A)","27.6","68.14","100.98","0.45","325","50.12","2","0","0","1","138"
"30/7/2026, 02.49.00","E32_WS (Sector A)","27.59","68.15","100.98","0.44","338","50.12","2","0","0","1","138"
"30/7/2026, 02.49.05","E32_WS (Sector A)","27.6","68.15","100.98","0.28","327","50.12","2","0","0","1","138"
"30/7/2026, 02.49.10","E32_WS (Sector A)","27.59","68.14","100.98","0.36","321","50.12","2","0","0","1","138"
"30/7/2026, 02.49.15","E32_WS (Sector A)","27.59","68.15","100.98","0.37","340","50.12","2","0","0","1","138"
"30/7/2026, 02.49.20","E32_WS (Sector A)","27.59","68.13","100.98","0.33","326","50.12","2","0","0","1","138"
"30/7/2026, 02.49.25","E32_WS (Sector A)","27.6","68.13","100.98","0.4","317","50.12","2","0","0","1","138"
"30/7/2026, 02.49.30","E32_WS (Sector A)","27.59","68.18","100.98","0.44","320","50.12","2","0","0","1","138"
"30/7/2026, 02.49.35","E32_WS (Sector A)","27.59","68.19","100.98","0.48","347","50.12","2","0","0","1","138"
"30/7/2026, 02.49.40","E32_WS (Sector A)","27.59","68.17","100.98","0.49","336","50.12","2","0","0","1","138"
"30/7/2026, 02.49.45","E32_WS (Sector A)","27.59","68.14","100.98","0.45","342","50.12","2","0","0","1","138"
"30/7/2026, 02.49.50","E32_WS (Sector A)","27.59","68.14","100.98","0.41","343","50.12","2","0","0","1","138"
"30/7/2026, 02.49.55","E32_WS (Sector A)","27.59","68.11","100.98","0.36","342","50.12","2","0","0","1","138"
"30/7/2026, 02.50.00","E32_WS (Sector A)","27.59","68.08","100.98","0.36","344","50.12","2","0","0","1","138"
"30/7/2026, 02.50.05","E32_WS (Sector A)","27.59","68.06","100.98","0.3","346","50.12","2","0","0","1","138"
"30/7/2026, 02.50.10","E32_WS (Sector A)","27.59","68.02","100.98","0.34","352","50.12","2","0","0","1","138"
"30/7/2026, 02.50.15","E32_WS (Sector A)","27.59","68.01","100.98","0.44","348","50.12","2","0","0","1","138"
"30/7/2026, 02.50.20","E32_WS (Sector A)","27.59","68.01","100.98","0.42","333","50.12","2","0","0","1","138"
"30/7/2026, 02.50.25","E32_WS (Sector A)","27.59","68.09","100.98","0.46","333","50.12","2","0","0","1","138"
"30/7/2026, 02.50.30","E32_WS (Sector A)","27.59","68.15","100.98","0.43","336","50.12","2","0","0","1","138"
"30/7/2026, 02.50.35","E32_WS (Sector A)","27.59","68.18","100.98","0.44","331","50.12","2","0","0","1","138"
"30/7/2026, 02.50.40","E32_WS (Sector A)","27.59","68.21","100.98","0.42","335","50.12","2","0","0","1","138"
"30/7/2026, 02.50.45","E32_WS (Sector A)","27.59","68.21","100.98","0.45","334","50.12","2","0","0","1","138"
"30/7/2026, 02.50.50","E32_WS (Sector A)","27.59","68.22","100.98","0.41","334","50.12","2","0","0","1","138"
"30/7/2026, 02.50.55","E32_WS (Sector A)","27.59","68.21","100.98","0.4","339","50.12","2","0","0","1","138"
"30/7/2026, 02.51.00","E32_WS (Sector A)","27.6","68.22","100.98","0.45","338","50.12","2","0","0","1","138"
"30/7/2026, 02.51.05","E32_WS (Sector A)","27.6","68.2","100.98","0.47","333","50.12","2","0","0","1","138"
"30/7/2026, 02.51.10","E32_WS (Sector A)","27.6","68.19","100.98","0.39","336","50.12","2","0","0","1","138"
"30/7/2026, 02.51.15","E32_WS (Sector A)","27.59","68.19","100.98","0.4","327","50.12","2","0","0","1","138"
"30/7/2026, 02.51.20","E32_WS (Sector A)","27.59","68.26","100.98","0.42","316","50.12","2","0","0","1","138"
"30/7/2026, 02.51.25","E32_WS (Sector A)","27.59","68.3","100.98","0.43","321","50.12","2","0","0","1","138"
"30/7/2026, 02.51.30","E32_WS (Sector A)","27.59","68.33","100.98","0.46","337","50.12","2","0","0","1","138"
"30/7/2026, 02.51.35","E32_WS (Sector A)","27.59","68.31","100.98","0.35","334","50.12","2","0","0","1","138"
"30/7/2026, 02.51.40","E32_WS (Sector A)","27.59","68.29","100.98","0.36","330","50.12","2","0","0","1","138"
"30/7/2026, 02.51.45","E32_WS (Sector A)","27.6","68.32","100.98","0.4","323","50.12","2","0","0","1","138"
"30/7/2026, 02.51.50","E32_WS (Sector A)","27.59","68.34","100.98","0.37","336","50.12","2","0","0","1","138"
"30/7/2026, 02.51.55","E32_WS (Sector A)","27.6","68.3","100.98","0.43","320","50.12","2","0","0","1","138"
"30/7/2026, 02.52.00","E32_WS (Sector A)","27.59","68.34","100.98","0.37","323","50.12","2","0","0","1","138"
"30/7/2026, 02.52.05","E32_WS (Sector A)","27.59","68.34","100.98","0.45","325","50.12","2","0","0","1","138"
"30/7/2026, 02.52.10","E32_WS (Sector A)","27.59","68.35","100.98","0.46","342","50.12","2","0","0","1","138"
"30/7/2026, 02.52.15","E32_WS (Sector A)","27.59","68.35","100.98","0.42","330","50.12","2","0","0","1","138"
"30/7/2026, 02.52.20","E32_WS (Sector A)","27.59","68.34","100.98","0.49","332","50.12","2","0","0","1","138"
"30/7/2026, 02.52.25","E32_WS (Sector A)","27.6","68.32","100.98","0.43","339","50.12","2","0","0","1","138"
"30/7/2026, 02.52.30","E32_WS (Sector A)","27.6","68.3","100.98","0.44","345","50.12","2","0","0","1","138"
"30/7/2026, 02.52.35","E32_WS (Sector A)","27.6","68.29","100.98","0.41","345","50.12","2","0","0","1","138"
"30/7/2026, 02.52.40","E32_WS (Sector A)","27.6","68.25","100.98","0.44","343","50.12","2","0","0","1","138"
"30/7/2026, 02.52.45","E32_WS (Sector A)","27.6","68.26","100.98","0.44","327","50.12","2","0","0","1","138"
"30/7/2026, 02.52.50","E32_WS (Sector A)","27.59","68.27","100.98","0.41","333","50.12","2","0","0","1","138"
"30/7/2026, 02.52.55","E32_WS (Sector A)","27.59","68.29","100.98","0.44","331","50.12","2","0","0","1","138"
"30/7/2026, 02.53.00","E32_WS (Sector A)","27.59","68.28","100.98","0.45","348","50.12","2","0","0","1","138"
"30/7/2026, 02.53.05","E32_WS (Sector A)","27.59","68.25","100.98","0.5","346","50.12","2","0","0","1","138"
"30/7/2026, 02.53.10","E32_WS (Sector A)","27.59","68.24","100.98","0.52","337","50.12","2","0","0","1","138"
"30/7/2026, 02.53.15","E32_WS (Sector A)","27.6","68.25","100.98","0.52","337","50.12","2","0","0","1","138"
"30/7/2026, 02.53.20","E32_WS (Sector A)","27.59","68.24","100.98","0.42","331","50.12","2","0","0","1","138"
"30/7/2026, 02.53.25","E32_WS (Sector A)","27.6","68.25","100.98","0.43","330","50.12","2","0","0","1","138"
"30/7/2026, 02.53.30","E32_WS (Sector A)","27.59","68.26","100.98","0.4","330","50.12","2","0","0","1","138"
"30/7/2026, 02.53.35","E32_WS (Sector A)","27.59","68.25","100.98","0.34","334","50.12","2","0","0","1","138"
"30/7/2026, 02.53.40","E32_WS (Sector A)","27.59","68.2","100.98","0.34","320","50.12","2","0","0","2","138"
"30/7/2026, 02.53.45","E32_WS (Sector A)","27.59","68.19","100.98","0.39","329","50.12","2","0","0","1","138"
"30/7/2026, 02.53.50","E32_WS (Sector A)","27.59","68.19","100.98","0.42","348","50.12","2","0","0","1","138"
"30/7/2026, 02.53.55","E32_WS (Sector A)","27.59","68.17","100.98","0.44","346","50.12","2","0","0","1","138"
"30/7/2026, 02.54.00","E32_WS (Sector A)","27.59","68.17","100.97","0.47","332","50.12","2","0","0","1","138"
"30/7/2026, 02.54.05","E32_WS (Sector A)","27.59","68.21","100.97","0.49","339","50.12","2","0","0","1","138"
"30/7/2026, 02.54.10","E32_WS (Sector A)","27.59","68.19","100.97","0.51","344","50.12","2","0","0","1","138"
"30/7/2026, 02.54.15","E32_WS (Sector A)","27.59","68.18","100.98","0.46","343","50.12","2","0","0","1","138"
"30/7/2026, 02.54.20","E32_WS (Sector A)","27.59","68.14","100.98","0.44","336","50.12","2","0","0","1","138"
"30/7/2026, 02.54.25","E32_WS (Sector A)","27.6","68.14","100.98","0.41","334","50.12","2","0","0","1","138"
"30/7/2026, 02.54.30","E32_WS (Sector A)","27.6","68.17","100.97","0.42","330","50.12","2","0","0","1","138"
"30/7/2026, 02.54.35","E32_WS (Sector A)","27.59","68.21","100.97","0.4","330","50.12","2","0","0","1","138"
"30/7/2026, 02.54.40","E32_WS (Sector A)","27.59","68.24","100.97","0.42","326","50.12","2","0","0","1","138"
"30/7/2026, 02.54.45","E32_WS (Sector A)","27.59","68.25","100.97","0.39","336","50.12","2","0","0","1","138"
"30/7/2026, 02.54.50","E32_WS (Sector A)","27.59","68.25","100.97","0.38","342","50.12","2","0","0","1","138"
"30/7/2026, 02.54.55","E32_WS (Sector A)","27.59","68.21","100.97","0.43","338","50.12","2","0","0","1","138"
"30/7/2026, 02.55.00","E32_WS (Sector A)","27.59","68.19","100.97","0.43","335","50.12","2","0","0","1","138"
"30/7/2026, 02.55.05","E32_WS (Sector A)","27.59","68.2","100.97","0.45","334","50.12","2","0","0","1","138"
"30/7/2026, 02.55.10","E32_WS (Sector A)","27.59","68.19","100.97","0.48","332","50.12","2","0","0","1","138"
"30/7/2026, 02.55.15","E32_WS (Sector A)","27.59","68.21","100.97","0.5","339","50.12","2","0","0","1","138"
"30/7/2026, 02.55.20","E32_WS (Sector A)","27.59","68.19","100.97","0.45","341","50.12","2","0","0","1","138"
"30/7/2026, 02.55.25","E32_WS (Sector A)","27.59","68.18","100.97","0.43","342","50.12","2","0","0","1","138"
"30/7/2026, 02.55.30","E32_WS (Sector A)","27.59","68.2","100.97","0.41","332","50.12","2","0","0","1","138"
"30/7/2026, 02.55.35","E32_WS (Sector A)","27.59","68.2","100.97","0.43","339","50.12","2","0","0","1","138"
"30/7/2026, 02.55.40","E32_WS (Sector A)","27.59","68.22","100.97","0.42","327","50.12","2","0","0","1","138"
"30/7/2026, 02.55.45","E32_WS (Sector A)","27.59","68.23","100.97","0.38","324","50.12","2","0","0","1","138"
"30/7/2026, 02.55.50","E32_WS (Sector A)","27.59","68.23","100.97","0.39","315","50.12","2","0","0","1","138"
"30/7/2026, 02.55.55","E32_WS (Sector A)","27.59","68.21","100.97","0.37","330","50.12","2","0","0","1","138"
"30/7/2026, 02.56.00","E32_WS (Sector A)","27.59","68.2","100.97","0.39","332","50.12","2","0","0","1","138"
"30/7/2026, 02.56.05","E32_WS (Sector A)","27.59","68.2","100.97","0.37","337","50.12","2","0","0","1","138"
"30/7/2026, 02.56.10","E32_WS (Sector A)","27.59","68.19","100.97","0.36","335","50.12","2","0","0","1","138"
"30/7/2026, 02.56.15","E32_WS (Sector A)","27.59","68.17","100.97","0.4","338","50.12","2","0","0","1","138"
"30/7/2026, 02.56.20","E32_WS (Sector A)","27.59","68.14","100.97","0.46","344","50.12","2","0","0","1","138"
"30/7/2026, 02.56.25","E32_WS (Sector A)","27.59","68.15","100.97","0.47","352","50.12","2","0","0","1","138"
"30/7/2026, 02.56.30","E32_WS (Sector A)","27.59","68.13","100.97","0.5","358","50.12","2","0","0","1","138"
"30/7/2026, 02.56.35","E32_WS (Sector A)","27.59","68.06","100.97","0.39","357","50.12","2","0","0","1","138"
"30/7/2026, 02.56.40","E32_WS (Sector A)","27.59","68.03","100.97","0.4","352","50.12","2","0","0","1","138"
"30/7/2026, 02.56.45","E32_WS (Sector A)","27.6","68.03","100.97","0.45","329","50.12","2","0","0","1","138"
"30/7/2026, 02.56.50","E32_WS (Sector A)","27.59","68.13","100.97","0.48","326","50.12","2","0","0","1","138"
"30/7/2026, 02.56.55","E32_WS (Sector A)","27.59","68.2","100.97","0.52","327","50.12","2","0","0","1","138"
"30/7/2026, 02.57.00","E32_WS (Sector A)","27.59","68.23","100.97","0.42","328","50.12","2","0","0","1","138"
"30/7/2026, 02.57.05","E32_WS (Sector A)","27.58","68.22","100.97","0.38","344","50.12","2","0","0","1","138"
"30/7/2026, 02.57.10","E32_WS (Sector A)","27.59","68.21","100.97","0.49","333","50.12","2","0","0","1","138"
"30/7/2026, 02.57.15","E32_WS (Sector A)","27.59","68.2","100.97","0.47","330","50.12","2","0","0","1","138"
"30/7/2026, 02.57.20","E32_WS (Sector A)","27.59","68.22","100.97","0.45","335","50.12","2","0","0","1","138"
"30/7/2026, 02.57.25","E32_WS (Sector A)","27.59","68.22","100.97","0.51","338","50.12","2","0","0","1","138"
"30/7/2026, 02.57.30","E32_WS (Sector A)","27.59","68.2","100.97","0.45","329","50.12","2","0","0","1","138"
"30/7/2026, 02.57.35","E32_WS (Sector A)","27.58","68.21","100.97","0.46","335","50.12","2","0","0","1","138"
"30/7/2026, 02.57.40","E32_WS (Sector A)","27.59","68.2","100.97","0.53","330","50.12","2","0","0","1","138"
"30/7/2026, 02.57.45","E32_WS (Sector A)","27.59","68.21","100.97","0.41","335","50.12","2","0","0","1","138"
"30/7/2026, 02.57.50","E32_WS (Sector A)","27.59","68.18","100.97","0.36","312","50.12","2","0","0","1","138"
"30/7/2026, 02.57.55","E32_WS (Sector A)","27.59","68.2","100.97","0.39","316","50.12","2","0","0","1","138"
"30/7/2026, 02.58.00","E32_WS (Sector A)","27.59","68.2","100.97","0.54","338","50.12","2","0","0","1","138"
"30/7/2026, 02.58.05","E32_WS (Sector A)","27.58","68.19","100.97","0.44","337","50.12","2","0","0","1","138"
"30/7/2026, 02.58.10","E32_WS (Sector A)","27.58","68.15","100.97","0.54","330","50.12","2","0","0","1","138"
"30/7/2026, 02.58.15","E32_WS (Sector A)","27.58","68.12","100.97","0.44","339","50.12","2","0","0","1","138"
"30/7/2026, 02.58.20","E32_WS (Sector A)","27.58","68.1","100.97","0.4","342","50.12","2","0","0","1","138"
"30/7/2026, 02.58.25","E32_WS (Sector A)","27.58","68.08","100.97","0.38","344","50.12","2","0","0","1","138"
"30/7/2026, 02.58.30","E32_WS (Sector A)","27.58","68.06","100.97","0.4","325","50.12","2","0","0","1","138"
"30/7/2026, 02.58.35","E32_WS (Sector A)","27.58","68.07","100.97","0.54","332","50.12","2","0","0","2","138"
"30/7/2026, 02.58.40","E32_WS (Sector A)","27.58","68.09","100.97","0.57","331","50.12","2","0","0","1","138"
"30/7/2026, 02.58.45","E32_WS (Sector A)","27.58","68.13","100.97","0.54","337","50.12","2","0","0","1","138"
"30/7/2026, 02.58.50","E32_WS (Sector A)","27.58","68.13","100.97","0.43","343","50.12","2","0","0","1","138"
"30/7/2026, 02.58.55","E32_WS (Sector A)","27.58","68.1","100.97","0.42","339","50.12","2","0","0","1","138"
"30/7/2026, 02.59.00","E32_WS (Sector A)","27.58","68.08","100.97","0.42","337","50.12","2","0","0","1","138"
"30/7/2026, 02.59.05","E32_WS (Sector A)","27.58","68.06","100.97","0.45","340","50.12","2","0","0","1","138"
"30/7/2026, 02.59.10","E32_WS (Sector A)","27.58","68.04","100.96","0.37","338","50.12","2","0","0","1","138"
"30/7/2026, 02.59.15","E32_WS (Sector A)","27.59","68.03","100.97","0.39","348","50.12","2","0","0","1","138"
"30/7/2026, 02.59.20","E32_WS (Sector A)","27.58","68","100.96","0.42","345","50.12","2","0","0","1","138"
"30/7/2026, 02.59.25","E32_WS (Sector A)","27.58","68.02","100.96","0.47","333","50.12","2","0","0","1","138"
"30/7/2026, 02.59.30","E32_WS (Sector A)","27.58","68.03","100.96","0.46","342","50.12","2","0","0","1","138"
"30/7/2026, 02.59.35","E32_WS (Sector A)","27.58","68.06","100.96","0.35","347","50.12","2","0","0","1","138"
"30/7/2026, 02.59.40","E32_WS (Sector A)","27.59","68","100.96","0.37","348","50.12","2","0","0","1","138"
"30/7/2026, 02.59.45","E32_WS (Sector A)","27.58","68.01","100.96","0.39","338","50.12","2","0","0","1","138"
"30/7/2026, 02.59.50","E32_WS (Sector A)","27.58","68","100.96","0.39","341","50.12","2","0","0","1","138"
"30/7/2026, 02.59.55","E32_WS (Sector A)","27.59","67.99","100.96","0.36","352","50.12","2","0","0","1","138"
"30/7/2026, 03.00.00","E32_WS (Sector A)","27.59","67.97","100.97","0.32","349","50.12","2","0","0","1","138"
"30/7/2026, 03.00.05","E32_WS (Sector A)","27.59","67.95","100.96","0.38","349","50.12","2","0","0","1","138"
"30/7/2026, 03.00.10","E32_WS (Sector A)","27.59","67.95","100.96","0.39","332","50.12","2","0","0","1","138"
"30/7/2026, 03.00.15","E32_WS (Sector A)","27.59","68.01","100.96","0.42","334","50.12","2","0","0","1","138"
"30/7/2026, 03.00.20","E32_WS (Sector A)","27.59","68.07","100.96","0.42","331","50.12","2","0","0","1","138"
"30/7/2026, 03.00.25","E32_WS (Sector A)","27.59","68.07","100.96","0.42","333","50.12","2","0","0","1","138"
"30/7/2026, 03.00.30","E32_WS (Sector A)","27.59","68.11","100.96","0.45","326","50.12","2","0","0","1","138"
"30/7/2026, 03.00.35","E32_WS (Sector A)","27.59","68.17","100.96","0.45","328","50.12","2","0","0","1","138"
"30/7/2026, 03.00.40","E32_WS (Sector A)","27.59","68.2","100.96","0.39","335","50.12","2","0","0","1","138"
"30/7/2026, 03.00.45","E32_WS (Sector A)","27.59","68.17","100.96","0.42","337","50.12","2","0","0","1","138"
"30/7/2026, 03.00.50","E32_WS (Sector A)","27.59","68.15","100.96","0.36","333","50.12","2","0","0","1","138"
"30/7/2026, 03.00.55","E32_WS (Sector A)","27.59","68.13","100.96","0.36","337","50.12","2","0","0","1","138"
"30/7/2026, 03.01.00","E32_WS (Sector A)","27.59","68.13","100.96","0.38","337","50.12","2","0","0","1","138"
"30/7/2026, 03.01.05","E32_WS (Sector A)","27.59","68.09","100.96","0.35","339","50.12","2","0","0","1","138"
"30/7/2026, 03.01.10","E32_WS (Sector A)","27.59","68.07","100.96","0.4","331","50.12","2","0","0","1","138"
"30/7/2026, 03.01.15","E32_WS (Sector A)","27.59","68.08","100.96","0.42","338","50.12","2","0","0","1","138"
"30/7/2026, 03.01.20","E32_WS (Sector A)","27.59","68.07","100.96","0.42","333","50.12","2","0","0","1","138"
"30/7/2026, 03.01.25","E32_WS (Sector A)","27.59","68.09","100.96","0.45","338","50.12","2","0","0","1","138"
"30/7/2026, 03.01.30","E32_WS (Sector A)","27.59","68.11","100.96","0.43","333","50.12","2","0","0","1","138"
"30/7/2026, 03.01.35","E32_WS (Sector A)","27.59","68.08","100.96","0.41","342","50.12","2","0","0","1","138"
"30/7/2026, 03.01.40","E32_WS (Sector A)","27.59","68.06","100.96","0.44","349","50.12","2","0","0","1","138"
"30/7/2026, 03.01.45","E32_WS (Sector A)","27.59","68.02","100.96","0.41","332","50.12","2","0","0","1","138"
"30/7/2026, 03.01.50","E32_WS (Sector A)","27.59","68.04","100.96","0.39","323","50.12","2","0","0","1","138"
"30/7/2026, 03.01.55","E32_WS (Sector A)","27.59","68.15","100.96","0.4","336","50.12","2","0","0","1","138"
"30/7/2026, 03.02.00","E32_WS (Sector A)","27.59","68.13","100.96","0.44","342","50.12","2","0","0","1","138"
"30/7/2026, 03.02.05","E32_WS (Sector A)","27.59","68.11","100.96","0.43","321","50.12","2","0","0","1","138"
"30/7/2026, 03.02.10","E32_WS (Sector A)","27.59","68.11","100.96","0.43","327","50.12","2","0","0","1","138"
"30/7/2026, 03.02.15","E32_WS (Sector A)","27.59","68.12","100.96","0.4","338","50.12","2","0","0","1","138"
"30/7/2026, 03.02.20","E32_WS (Sector A)","27.59","68.1","100.96","0.39","323","50.12","2","0","0","1","138"
"30/7/2026, 03.02.25","E32_WS (Sector A)","27.58","68.16","100.96","0.33","343","50.12","2","0","0","1","138"
"30/7/2026, 03.02.30","E32_WS (Sector A)","27.58","68.15","100.96","0.38","331","50.12","2","0","0","1","138"
"30/7/2026, 03.02.35","E32_WS (Sector A)","27.58","68.11","100.96","0.44","314","50.12","2","0","0","1","138"
"30/7/2026, 03.02.40","E32_WS (Sector A)","27.58","68.15","100.96","0.41","320","50.12","2","0","0","1","138"
"30/7/2026, 03.02.45","E32_WS (Sector A)","27.58","68.17","100.96","0.41","330","50.12","2","0","0","1","138"
"30/7/2026, 03.02.50","E32_WS (Sector A)","27.58","68.16","100.96","0.39","328","50.12","2","0","0","1","138"
"30/7/2026, 03.02.55","E32_WS (Sector A)","27.58","68.15","100.96","0.41","333","50.12","2","0","0","1","138"
"30/7/2026, 03.03.00","E32_WS (Sector A)","27.58","68.13","100.96","0.41","345","50.12","2","0","0","1","138"
"30/7/2026, 03.03.05","E32_WS (Sector A)","27.58","68.1","100.96","0.25","320","50.12","2","0","0","1","138"
"30/7/2026, 03.03.10","E32_WS (Sector A)","27.58","68.14","100.96","0.39","319","50.12","2","0","0","1","138"
"30/7/2026, 03.03.15","E32_WS (Sector A)","27.58","68.15","100.96","0.42","320","50.12","2","0","0","1","138"
"30/7/2026, 03.03.20","E32_WS (Sector A)","27.57","68.16","100.96","0.35","329","50.12","2","0","0","1","138"
"30/7/2026, 03.03.25","E32_WS (Sector A)","27.57","68.16","100.96","0.37","337","50.12","2","0","0","1","138"
"30/7/2026, 03.03.30","E32_WS (Sector A)","27.57","68.15","100.96","0.4","340","50.12","2","0","0","1","138"
"30/7/2026, 03.03.35","E32_WS (Sector A)","27.57","68.12","100.96","0.43","345","50.12","2","0","0","1","138"
"30/7/2026, 03.03.40","E32_WS (Sector A)","27.57","68.08","100.96","0.37","333","50.12","2","0","0","1","138"
"30/7/2026, 03.03.45","E32_WS (Sector A)","27.58","68.06","100.96","0.43","339","50.12","2","0","0","1","138"
"30/7/2026, 03.03.50","E32_WS (Sector A)","27.57","68.04","100.96","0.44","351","50.12","2","0","0","1","138"
"30/7/2026, 03.03.55","E32_WS (Sector A)","27.58","68.02","100.96","0.6","354","50.12","2","0","0","1","138"
"30/7/2026, 03.04.00","E32_WS (Sector A)","27.57","67.99","100.96","0.53","354","50.12","2","0","0","1","138"
"30/7/2026, 03.04.05","E32_WS (Sector A)","27.57","67.98","100.96","0.51","342","50.12","2","0","0","1","138"
"30/7/2026, 03.04.10","E32_WS (Sector A)","27.57","67.99","100.96","0.47","336","50.12","2","0","0","1","138"
"30/7/2026, 03.04.15","E32_WS (Sector A)","27.57","68.03","100.96","0.45","326","50.12","2","0","0","1","138"
"30/7/2026, 03.04.20","E32_WS (Sector A)","27.57","68.11","100.96","0.51","324","50.12","2","0","0","1","138"
"30/7/2026, 03.04.25","E32_WS (Sector A)","27.57","68.18","100.96","0.39","329","50.12","2","0","0","1","138"
"30/7/2026, 03.04.30","E32_WS (Sector A)","27.57","68.21","100.96","0.44","337","50.12","2","0","0","1","138"
"30/7/2026, 03.04.35","E32_WS (Sector A)","27.57","68.2","100.96","0.44","337","50.12","2","0","0","1","138"
"30/7/2026, 03.04.40","E32_WS (Sector A)","27.57","68.17","100.96","0.42","340","50.12","2","0","0","1","138"
"30/7/2026, 03.04.45","E32_WS (Sector A)","27.57","68.15","100.96","0.43","337","50.12","2","0","0","1","138"
"30/7/2026, 03.04.50","E32_WS (Sector A)","27.57","68.17","100.96","0.46","332","50.12","2","0","0","1","138"
"30/7/2026, 03.04.55","E32_WS (Sector A)","27.57","68.19","100.96","0.44","337","50.12","2","0","0","1","138"
"30/7/2026, 03.05.00","E32_WS (Sector A)","27.57","68.17","100.96","0.43","333","50.12","2","0","0","1","138"
"30/7/2026, 03.05.05","E32_WS (Sector A)","27.57","68.18","100.96","0.44","336","50.12","2","0","0","1","138"
"30/7/2026, 03.05.10","E32_WS (Sector A)","27.58","68.17","100.96","0.43","337","50.12","2","0","0","1","138"
"30/7/2026, 03.05.15","E32_WS (Sector A)","27.57","68.19","100.96","0.43","333","50.12","2","0","0","1","138"
"30/7/2026, 03.05.20","E32_WS (Sector A)","27.57","68.2","100.96","0.44","330","50.12","2","0","0","1","138"
"30/7/2026, 03.05.25","E32_WS (Sector A)","27.58","68.22","100.96","0.41","330","50.12","2","0","0","1","138"
"30/7/2026, 03.05.30","E32_WS (Sector A)","27.57","68.26","100.96","0.43","327","50.12","2","0","0","1","138"
"30/7/2026, 03.05.35","E32_WS (Sector A)","27.58","68.29","100.96","0.44","327","50.12","2","0","0","1","138"
"30/7/2026, 03.05.40","E32_WS (Sector A)","27.57","68.32","100.96","0.43","325","50.12","2","0","0","1","138"
"30/7/2026, 03.05.45","E32_WS (Sector A)","27.57","68.32","100.96","0.45","329","50.12","2","0","0","1","138"
"30/7/2026, 03.05.50","E32_WS (Sector A)","27.57","68.32","100.96","0.49","327","50.12","2","0","0","1","138"
"30/7/2026, 03.05.55","E32_WS (Sector A)","27.57","68.32","100.96","0.44","337","50.12","2","0","0","1","138"
"30/7/2026, 03.06.00","E32_WS (Sector A)","27.57","68.31","100.96","0.42","342","50.12","2","0","0","1","138"
"30/7/2026, 03.06.05","E32_WS (Sector A)","27.57","68.29","100.96","0.46","346","50.12","2","0","0","1","138"
"30/7/2026, 03.06.10","E32_WS (Sector A)","27.57","68.25","100.96","0.5","343","50.12","2","0","0","1","138"
"30/7/2026, 03.06.15","E32_WS (Sector A)","27.57","68.24","100.96","0.51","349","50.12","2","0","0","1","138"
"30/7/2026, 03.06.20","E32_WS (Sector A)","27.57","68.18","100.96","0.44","345","50.12","2","0","0","1","138"
"30/7/2026, 03.06.25","E32_WS (Sector A)","27.58","68.17","100.96","0.45","347","50.12","2","0","0","1","138"
"30/7/2026, 03.06.30","E32_WS (Sector A)","27.57","68.13","100.96","0.46","343","50.12","2","0","0","1","138"
"30/7/2026, 03.06.35","E32_WS (Sector A)","27.57","68.15","100.96","0.44","328","50.12","2","0","0","1","138"
"30/7/2026, 03.06.40","E32_WS (Sector A)","27.57","68.22","100.96","0.41","324","50.12","2","0","0","1","138"
"30/7/2026, 03.06.45","E32_WS (Sector A)","27.57","68.26","100.96","0.39","330","50.12","2","0","0","1","138"
"30/7/2026, 03.06.50","E32_WS (Sector A)","27.58","68.26","100.96","0.4","328","50.12","2","0","0","1","138"
"30/7/2026, 03.06.55","E32_WS (Sector A)","27.57","68.27","100.96","0.47","340","50.12","2","0","0","1","138"
"30/7/2026, 03.07.00","E32_WS (Sector A)","27.57","68.25","100.96","0.48","347","50.12","2","0","0","1","138"
"30/7/2026, 03.07.05","E32_WS (Sector A)","27.57","68.22","100.96","0.5","347","50.12","2","0","0","1","138"
"30/7/2026, 03.07.10","E32_WS (Sector A)","27.57","68.18","100.96","0.46","340","50.12","2","0","0","1","138"
"30/7/2026, 03.07.15","E32_WS (Sector A)","27.58","68.18","100.96","0.45","340","50.12","2","0","0","1","138"
"30/7/2026, 03.07.20","E32_WS (Sector A)","27.58","68.18","100.96","0.43","337","50.12","2","0","0","1","138"
"30/7/2026, 03.07.25","E32_WS (Sector A)","27.58","68.19","100.96","0.44","332","50.12","2","0","0","1","138"
"30/7/2026, 03.07.30","E32_WS (Sector A)","27.57","68.21","100.96","0.45","328","50.12","2","0","0","1","138"
"30/7/2026, 03.07.35","E32_WS (Sector A)","27.58","68.25","100.96","0.46","330","50.12","2","0","0","1","138"
"30/7/2026, 03.07.40","E32_WS (Sector A)","27.57","68.28","100.96","0.46","333","50.12","2","0","0","1","138"
"30/7/2026, 03.07.45","E32_WS (Sector A)","27.57","68.28","100.96","0.43","333","50.12","2","0","0","1","138"
"30/7/2026, 03.07.50","E32_WS (Sector A)","27.58","68.26","100.96","0.39","345","50.12","2","0","0","1","138"
"30/7/2026, 03.07.55","E32_WS (Sector A)","27.58","68.26","100.96","0.44","339","50.12","2","0","0","1","138"
"30/7/2026, 03.08.00","E32_WS (Sector A)","27.58","68.21","100.96","0.38","338","50.12","2","0","0","1","138"
"30/7/2026, 03.08.05","E32_WS (Sector A)","27.57","68.18","100.96","0.43","335","50.12","2","0","0","1","138"
"30/7/2026, 03.08.10","E32_WS (Sector A)","27.58","68.18","100.96","0.47","335","50.12","2","0","0","1","138"
"30/7/2026, 03.08.15","E32_WS (Sector A)","27.58","68.18","100.96","0.46","330","50.12","2","0","0","1","138"
"30/7/2026, 03.08.20","E32_WS (Sector A)","27.57","68.21","100.96","0.48","342","50.12","2","0","0","1","138"
"30/7/2026, 03.08.25","E32_WS (Sector A)","27.58","68.22","100.96","0.4","349","50.12","2","0","0","1","138"
"30/7/2026, 03.08.30","E32_WS (Sector A)","27.57","68.19","100.96","0.43","345","50.12","2","0","0","1","138"
"30/7/2026, 03.08.35","E32_WS (Sector A)","27.57","68.19","100.96","0.45","343","50.12","2","0","0","1","138"
"30/7/2026, 03.08.40","E32_WS (Sector A)","27.58","68.15","100.96","0.36","351","50.12","2","0","0","1","138"
"30/7/2026, 03.08.45","E32_WS (Sector A)","27.58","68.09","100.96","0.34","346","50.12","2","0","0","1","138"
"30/7/2026, 03.08.50","E32_WS (Sector A)","27.58","68.07","100.96","0.3","341","50.12","2","0","0","1","138"
"30/7/2026, 03.08.55","E32_WS (Sector A)","27.57","68.03","100.96","0.37","341","50.12","2","0","0","1","138"
"30/7/2026, 03.09.00","E32_WS (Sector A)","27.58","68.08","100.96","0.4","326","50.12","2","0","0","1","138"
"30/7/2026, 03.09.05","E32_WS (Sector A)","27.58","68.14","100.96","0.53","332","50.12","2","0","0","1","138"
"30/7/2026, 03.09.10","E32_WS (Sector A)","27.58","68.17","100.96","0.47","347","50.12","2","0","0","1","138"
"30/7/2026, 03.09.15","E32_WS (Sector A)","27.58","68.15","100.96","0.46","342","50.12","2","0","0","1","138"
"30/7/2026, 03.09.20","E32_WS (Sector A)","27.58","68.14","100.96","0.41","349","50.12","2","0","0","1","138"
"30/7/2026, 03.09.25","E32_WS (Sector A)","27.58","68.11","100.96","0.35","340","50.12","2","0","0","1","138"
"30/7/2026, 03.09.30","E32_WS (Sector A)","27.58","68.08","100.96","0.32","347","50.12","2","0","0","1","138"
"30/7/2026, 03.09.35","E32_WS (Sector A)","27.58","68.05","100.96","0.33","334","50.12","2","0","0","1","138"
"30/7/2026, 03.09.40","E32_WS (Sector A)","27.58","68.12","100.96","0.38","325","50.12","2","0","0","1","138"
"30/7/2026, 03.09.45","E32_WS (Sector A)","27.58","68.18","100.96","0.39","324","50.12","2","0","0","1","138"
"30/7/2026, 03.09.50","E32_WS (Sector A)","27.58","68.22","100.96","0.41","317","50.12","2","0","0","1","138"
"30/7/2026, 03.09.55","E32_WS (Sector A)","27.58","68.25","100.96","0.4","327","50.12","2","0","0","1","138"
"30/7/2026, 03.10.00","E32_WS (Sector A)","27.58","68.27","100.96","0.4","332","50.12","2","0","0","1","138"
"30/7/2026, 03.10.05","E32_WS (Sector A)","27.58","68.25","100.96","0.38","331","50.12","2","0","0","1","138"
"30/7/2026, 03.10.10","E32_WS (Sector A)","27.58","68.26","100.96","0.36","330","50.12","2","0","0","1","138"
"30/7/2026, 03.10.15","E32_WS (Sector A)","27.58","68.26","100.96","0.37","328","50.12","2","0","0","1","138"
"30/7/2026, 03.10.20","E32_WS (Sector A)","27.57","68.25","100.96","0.4","324","50.12","2","0","0","1","138"
"30/7/2026, 03.10.25","E32_WS (Sector A)","27.58","68.25","100.96","0.52","330","50.12","2","0","0","1","138"
"30/7/2026, 03.10.30","E32_WS (Sector A)","27.58","68.25","100.96","0.41","337","50.12","2","0","0","1","138"
"30/7/2026, 03.10.35","E32_WS (Sector A)","27.57","68.23","100.96","0.47","345","50.12","2","0","0","1","138"
"30/7/2026, 03.10.40","E32_WS (Sector A)","27.58","68.22","100.96","0.43","332","50.12","2","0","0","1","138"
"30/7/2026, 03.10.45","E32_WS (Sector A)","27.58","68.23","100.96","0.4","337","50.12","2","0","0","1","138"
"30/7/2026, 03.10.50","E32_WS (Sector A)","27.57","68.22","100.96","0.35","324","50.12","2","0","0","1","138"
"30/7/2026, 03.10.55","E32_WS (Sector A)","27.57","68.26","100.96","0.37","326","50.12","2","0","0","1","138"
"30/7/2026, 03.11.00","E32_WS (Sector A)","27.57","68.27","100.96","0.27","353","50.12","2","0","0","1","138"
"30/7/2026, 03.11.05","E32_WS (Sector A)","27.57","68.19","100.96","0.3","334","50.12","2","0","0","1","138"
"30/7/2026, 03.11.10","E32_WS (Sector A)","27.58","68.18","100.96","0.37","330","50.12","2","0","0","1","138"
"30/7/2026, 03.11.15","E32_WS (Sector A)","27.57","68.2","100.96","0.41","326","50.12","2","0","0","1","138"
"30/7/2026, 03.11.20","E32_WS (Sector A)","27.57","68.26","100.96","0.44","323","50.12","2","0","0","1","138"
"30/7/2026, 03.11.25","E32_WS (Sector A)","27.57","68.26","100.96","0.46","330","50.12","2","0","0","1","138"
"30/7/2026, 03.11.30","E32_WS (Sector A)","27.57","68.28","100.96","0.4","338","50.12","2","0","0","1","138"
"30/7/2026, 03.11.35","E32_WS (Sector A)","27.57","68.27","100.96","0.46","332","50.12","2","0","0","1","138"
"30/7/2026, 03.11.40","E32_WS (Sector A)","27.57","68.28","100.96","0.46","334","50.12","2","0","0","1","138"
"30/7/2026, 03.11.45","E32_WS (Sector A)","27.57","68.26","100.96","0.47","340","50.12","2","0","0","1","138"
"30/7/2026, 03.11.50","E32_WS (Sector A)","27.57","68.24","100.96","0.44","333","50.12","2","0","0","1","138"
"30/7/2026, 03.11.55","E32_WS (Sector A)","27.57","68.22","100.96","0.43","330","50.12","2","0","0","1","138"
"30/7/2026, 03.12.00","E32_WS (Sector A)","27.57","68.23","100.96","0.4","331","50.12","2","0","0","1","138"
"30/7/2026, 03.12.05","E32_WS (Sector A)","27.57","68.23","100.95","0.38","335","50.12","2","0","0","1","138"
"30/7/2026, 03.12.10","E32_WS (Sector A)","27.57","68.24","100.96","0.42","337","50.12","2","0","0","1","138"
"30/7/2026, 03.12.15","E32_WS (Sector A)","27.58","68.2","100.96","0.45","336","50.12","2","0","0","1","138"
"30/7/2026, 03.12.20","E32_WS (Sector A)","27.57","68.2","100.96","0.47","337","50.12","2","0","0","1","138"
"30/7/2026, 03.12.25","E32_WS (Sector A)","27.57","68.19","100.96","0.47","342","50.12","2","0","0","1","138"
"30/7/2026, 03.12.30","E32_WS (Sector A)","27.57","68.17","100.96","0.49","347","50.12","2","0","0","1","138"
"30/7/2026, 03.12.35","E32_WS (Sector A)","27.57","68.14","100.96","0.51","341","50.12","2","0","0","1","138"
"30/7/2026, 03.12.40","E32_WS (Sector A)","27.57","68.17","100.95","0.52","336","50.12","2","0","0","1","138"
"30/7/2026, 03.12.45","E32_WS (Sector A)","27.57","68.21","100.96","0.51","338","50.12","2","0","0","1","138"
"30/7/2026, 03.12.50","E32_WS (Sector A)","27.57","68.24","100.96","0.49","336","50.12","2","0","0","1","138"
"30/7/2026, 03.12.55","E32_WS (Sector A)","27.57","68.24","100.95","0.45","327","50.12","2","0","0","1","138"
"30/7/2026, 03.13.00","E32_WS (Sector A)","27.57","68.26","100.96","0.46","329","50.12","2","0","0","1","138"
"30/7/2026, 03.13.05","E32_WS (Sector A)","27.57","68.28","100.96","0.43","329","50.12","2","0","0","1","138"
"30/7/2026, 03.13.10","E32_WS (Sector A)","27.57","68.27","100.96","0.43","337","50.12","2","0","0","1","138"
"30/7/2026, 03.13.15","E32_WS (Sector A)","27.57","68.26","100.96","0.41","341","50.12","2","0","0","1","138"
"30/7/2026, 03.13.20","E32_WS (Sector A)","27.57","68.24","100.96","0.49","342","50.12","2","0","0","1","138"
"30/7/2026, 03.13.25","E32_WS (Sector A)","27.57","68.22","100.96","0.5","339","50.12","2","0","0","1","138"
"30/7/2026, 03.13.30","E32_WS (Sector A)","27.57","68.2","100.96","0.53","340","50.12","2","0","0","1","138"
"30/7/2026, 03.13.35","E32_WS (Sector A)","27.57","68.17","100.96","0.46","334","50.12","2","0","0","1","138"
"30/7/2026, 03.13.40","E32_WS (Sector A)","27.57","68.18","100.96","0.43","339","50.12","2","0","0","1","138"
"30/7/2026, 03.13.45","E32_WS (Sector A)","27.57","68.16","100.96","0.45","341","50.12","2","0","0","1","138"
"30/7/2026, 03.13.50","E32_WS (Sector A)","27.57","68.15","100.96","0.48","338","50.12","2","0","0","1","138"
"30/7/2026, 03.13.55","E32_WS (Sector A)","27.57","68.14","100.96","0.46","332","50.12","2","0","0","1","138"
"30/7/2026, 03.14.00","E32_WS (Sector A)","27.57","68.14","100.95","0.47","336","50.12","2","0","0","1","138"
"30/7/2026, 03.14.05","E32_WS (Sector A)","27.57","68.16","100.95","0.46","337","50.12","2","0","0","1","138"
"30/7/2026, 03.14.10","E32_WS (Sector A)","27.57","68.17","100.95","0.47","336","50.12","2","0","0","1","138"
"30/7/2026, 03.14.15","E32_WS (Sector A)","27.57","68.17","100.95","0.47","341","50.12","2","0","0","1","138"
"30/7/2026, 03.14.20","E32_WS (Sector A)","27.57","68.18","100.95","0.46","338","50.12","2","0","0","1","138"
"30/7/2026, 03.14.25","E32_WS (Sector A)","27.57","68.15","100.96","0.47","337","50.12","2","0","0","1","138"
"30/7/2026, 03.14.30","E32_WS (Sector A)","27.57","68.14","100.96","0.47","336","50.12","2","0","0","1","138"
"30/7/2026, 03.14.35","E32_WS (Sector A)","27.57","68.16","100.96","0.47","343","50.12","2","0","0","1","138"
"30/7/2026, 03.14.40","E32_WS (Sector A)","27.57","68.13","100.95","0.49","340","50.12","2","0","0","1","138"
"30/7/2026, 03.14.45","E32_WS (Sector A)","27.57","68.17","100.95","0.47","327","50.12","2","0","0","1","138"
"30/7/2026, 03.14.50","E32_WS (Sector A)","27.57","68.22","100.95","0.43","327","50.12","2","0","0","1","138"
"30/7/2026, 03.14.55","E32_WS (Sector A)","27.57","68.25","100.95","0.46","335","50.12","2","0","0","1","138"
"30/7/2026, 03.15.00","E32_WS (Sector A)","27.57","68.25","100.96","0.46","330","50.12","2","0","0","1","138"
"30/7/2026, 03.15.05","E32_WS (Sector A)","27.57","68.25","100.96","0.56","338","50.12","2","0","0","1","138"
"30/7/2026, 03.15.10","E32_WS (Sector A)","27.57","68.24","100.96","0.6","337","50.12","2","0","0","1","138"
"30/7/2026, 03.15.15","E32_WS (Sector A)","27.57","68.21","100.96","0.47","333","50.12","2","0","0","1","138"
"30/7/2026, 03.15.20","E32_WS (Sector A)","27.57","68.2","100.96","0.62","311","50.12","2","0","0","1","138"
"30/7/2026, 03.15.25","E32_WS (Sector A)","27.56","68.22","100.95","0.58","326","50.12","2","0","0","1","138"
"30/7/2026, 03.15.30","E32_WS (Sector A)","27.56","68.22","100.95","0.54","334","50.12","2","0","0","1","138"
"30/7/2026, 03.15.35","E32_WS (Sector A)","27.57","68.23","100.95","0.47","337","50.12","2","0","0","1","138"
"30/7/2026, 03.15.40","E32_WS (Sector A)","27.56","68.22","100.95","0.45","322","50.12","2","0","0","1","138"
"30/7/2026, 03.15.45","E32_WS (Sector A)","27.56","68.22","100.95","0.41","320","50.12","2","0","0","1","138"
"30/7/2026, 03.15.50","E32_WS (Sector A)","27.56","68.24","100.96","0.38","325","50.12","2","0","0","1","138"
"30/7/2026, 03.15.55","E32_WS (Sector A)","27.56","68.27","100.96","0.48","318","50.12","2","0","0","1","138"
"30/7/2026, 03.16.00","E32_WS (Sector A)","27.55","68.25","100.95","0.44","313","50.12","2","0","0","1","138"
"30/7/2026, 03.16.05","E32_WS (Sector A)","27.55","68.26","100.95","0.39","321","50.12","2","0","0","1","138"
"30/7/2026, 03.16.10","E32_WS (Sector A)","27.55","68.28","100.95","0.35","338","50.12","2","0","0","1","138"
"30/7/2026, 03.16.15","E32_WS (Sector A)","27.55","68.27","100.95","0.4","350","50.12","2","0","0","1","138"
"30/7/2026, 03.16.20","E32_WS (Sector A)","27.55","68.22","100.95","0.4","339","50.12","2","0","0","1","138"
"30/7/2026, 03.16.25","E32_WS (Sector A)","27.55","68.21","100.95","0.39","319","50.12","2","0","0","1","138"
"30/7/2026, 03.16.30","E32_WS (Sector A)","27.55","68.24","100.95","0.34","320","50.12","2","0","0","1","138"
"30/7/2026, 03.16.35","E32_WS (Sector A)","27.54","68.27","100.95","0.45","319","50.12","2","0","0","1","138"
"30/7/2026, 03.16.40","E32_WS (Sector A)","27.54","68.25","100.95","0.4","325","50.12","2","0","0","1","138"
"30/7/2026, 03.16.45","E32_WS (Sector A)","27.54","68.28","100.95","0.35","324","50.12","2","0","0","1","138"
"30/7/2026, 03.16.50","E32_WS (Sector A)","27.54","68.34","100.95","0.32","336","50.12","2","0","0","1","138"
"30/7/2026, 03.16.55","E32_WS (Sector A)","27.54","68.29","100.95","0.36","333","50.12","2","0","0","1","138"
"30/7/2026, 03.17.00","E32_WS (Sector A)","27.54","68.28","100.95","0.36","343","50.12","2","0","0","1","138"
"30/7/2026, 03.17.05","E32_WS (Sector A)","27.54","68.23","100.95","0.46","329","50.12","2","0","0","1","138"
"30/7/2026, 03.17.10","E32_WS (Sector A)","27.54","68.22","100.95","0.39","333","50.12","2","0","0","1","138"
"30/7/2026, 03.17.15","E32_WS (Sector A)","27.54","68.22","100.95","0.31","335","50.12","2","0","0","1","138"
"30/7/2026, 03.17.20","E32_WS (Sector A)","27.54","68.2","100.95","0.38","328","50.12","2","0","0","1","138"
"30/7/2026, 03.17.25","E32_WS (Sector A)","27.55","68.26","100.95","0.35","348","50.12","2","0","0","1","138"
"30/7/2026, 03.17.30","E32_WS (Sector A)","27.54","68.23","100.95","0.46","343","50.12","2","0","0","1","138"
"30/7/2026, 03.17.35","E32_WS (Sector A)","27.54","68.2","100.95","0.42","338","50.12","2","0","0","1","138"
"30/7/2026, 03.17.40","E32_WS (Sector A)","27.54","68.21","100.95","0.4","343","50.12","2","0","0","1","138"
"30/7/2026, 03.17.45","E32_WS (Sector A)","27.55","68.16","100.95","0.44","326","50.12","2","0","0","1","138"
"30/7/2026, 03.17.50","E32_WS (Sector A)","27.54","68.17","100.95","0.45","327","50.12","2","0","0","1","138"
"30/7/2026, 03.17.55","E32_WS (Sector A)","27.54","68.17","100.95","0.41","349","50.12","2","0","0","1","138"
"30/7/2026, 03.18.00","E32_WS (Sector A)","27.54","68.14","100.95","0.37","349","50.12","2","0","0","1","138"
"30/7/2026, 03.18.05","E32_WS (Sector A)","27.54","68.15","100.95","0.44","320","50.12","2","0","0","1","138"
"30/7/2026, 03.18.10","E32_WS (Sector A)","27.54","68.17","100.95","0.47","323","50.12","2","0","0","1","138"
"30/7/2026, 03.18.15","E32_WS (Sector A)","27.54","68.21","100.95","0.41","335","50.12","2","0","0","1","138"
"30/7/2026, 03.18.20","E32_WS (Sector A)","27.54","68.2","100.96","0.44","318","50.12","2","0","0","1","138"
"30/7/2026, 03.18.25","E32_WS (Sector A)","27.53","68.17","100.95","0.48","351","50.12","2","0","0","2","138"
"30/7/2026, 03.18.30","E32_WS (Sector A)","27.53","68.16","100.95","0.36","332","50.12","2","0","0","1","138"
"30/7/2026, 03.18.35","E32_WS (Sector A)","27.53","68.18","100.95","0.28","311","50.12","2","0","0","1","138"
"30/7/2026, 03.18.40","E32_WS (Sector A)","27.53","68.19","100.95","0.3","332","50.12","2","0","0","1","138"
"30/7/2026, 03.18.45","E32_WS (Sector A)","27.53","68.19","100.95","0.4","321","50.12","2","0","0","1","138"
"30/7/2026, 03.18.50","E32_WS (Sector A)","27.53","68.24","100.95","0.34","313","50.12","2","0","0","1","138"
"30/7/2026, 03.18.55","E32_WS (Sector A)","27.53","68.28","100.95","0.35","341","50.12","2","0","0","1","138"
"30/7/2026, 03.19.00","E32_WS (Sector A)","27.53","68.25","100.95","0.39","335","50.12","2","0","0","1","138"
"30/7/2026, 03.19.05","E32_WS (Sector A)","27.53","68.26","100.95","0.53","335","50.12","2","0","0","1","138"
"30/7/2026, 03.19.10","E32_WS (Sector A)","27.53","68.23","100.95","0.56","340","50.12","2","0","0","1","138"
"30/7/2026, 03.19.15","E32_WS (Sector A)","27.52","68.23","100.95","0.39","324","50.12","2","0","0","1","138"
"30/7/2026, 03.19.20","E32_WS (Sector A)","27.52","68.24","100.95","0.42","341","50.12","2","0","0","1","138"
"30/7/2026, 03.19.25","E32_WS (Sector A)","27.53","68.24","100.95","0.43","333","50.12","2","0","0","1","138"
"30/7/2026, 03.19.30","E32_WS (Sector A)","27.53","68.23","100.95","0.39","328","50.12","2","0","0","1","138"
"30/7/2026, 03.19.35","E32_WS (Sector A)","27.52","68.25","100.95","0.4","325","50.12","2","0","0","1","138"
"30/7/2026, 03.19.40","E32_WS (Sector A)","27.53","68.27","100.95","0.37","332","50.12","2","0","0","1","138"
"30/7/2026, 03.19.45","E32_WS (Sector A)","27.53","68.27","100.95","0.36","330","50.12","2","0","0","1","138"
"30/7/2026, 03.19.50","E32_WS (Sector A)","27.52","68.28","100.95","0.39","328","50.12","2","0","0","1","138"
"30/7/2026, 03.19.55","E32_WS (Sector A)","27.52","68.3","100.95","0.4","323","50.12","2","0","0","1","138"
"30/7/2026, 03.20.00","E32_WS (Sector A)","27.52","68.28","100.95","0.38","324","50.12","2","0","0","1","138"
"30/7/2026, 03.20.05","E32_WS (Sector A)","27.52","68.29","100.95","0.33","310","50.12","2","0","0","1","138"
"30/7/2026, 03.20.10","E32_WS (Sector A)","27.52","68.29","100.95","0.48","321","50.12","2","0","0","1","138"
"30/7/2026, 03.20.15","E32_WS (Sector A)","27.52","68.35","100.95","0.39","332","50.12","2","0","0","1","138"
"30/7/2026, 03.20.20","E32_WS (Sector A)","27.52","68.34","100.95","0.54","325","50.12","2","0","0","1","138"
"30/7/2026, 03.20.25","E32_WS (Sector A)","27.52","68.39","100.95","0.51","337","50.12","2","0","0","1","138"
"30/7/2026, 03.20.30","E32_WS (Sector A)","27.52","68.38","100.95","0.42","335","50.12","2","0","0","1","138"
"30/7/2026, 03.20.35","E32_WS (Sector A)","27.52","68.36","100.95","0.41","328","50.12","2","0","0","1","138"
"30/7/2026, 03.20.40","E32_WS (Sector A)","27.52","68.38","100.95","0.38","325","50.12","2","0","0","1","138"
"30/7/2026, 03.20.45","E32_WS (Sector A)","27.52","68.4","100.95","0.45","336","50.12","2","0","0","1","138"
"30/7/2026, 03.20.50","E32_WS (Sector A)","27.52","68.34","100.95","0.37","332","50.12","2","0","0","1","138"
"30/7/2026, 03.20.55","E32_WS (Sector A)","27.52","68.33","100.95","0.43","335","50.12","2","0","0","1","138"
"30/7/2026, 03.21.00","E32_WS (Sector A)","27.52","68.3","100.95","0.44","334","50.12","2","0","0","1","138"
"30/7/2026, 03.21.05","E32_WS (Sector A)","27.52","68.28","100.95","0.45","333","50.12","2","0","0","1","138"
"30/7/2026, 03.21.10","E32_WS (Sector A)","27.52","68.3","100.95","0.45","322","50.12","2","0","0","1","138"
"30/7/2026, 03.21.15","E32_WS (Sector A)","27.51","68.29","100.95","0.43","327","50.12","2","0","0","1","138"
"30/7/2026, 03.21.20","E32_WS (Sector A)","27.51","68.3","100.95","0.42","338","50.12","2","0","0","1","138"
"30/7/2026, 03.21.25","E32_WS (Sector A)","27.51","68.3","100.95","0.41","311","50.12","2","0","0","1","138"
"30/7/2026, 03.21.30","E32_WS (Sector A)","27.51","68.31","100.95","0.39","327","50.12","2","0","0","1","138"
"30/7/2026, 03.21.35","E32_WS (Sector A)","27.51","68.35","100.95","0.41","326","50.12","2","0","0","1","138"
"30/7/2026, 03.21.40","E32_WS (Sector A)","27.51","68.36","100.95","0.41","329","50.12","2","0","0","1","138"
"30/7/2026, 03.21.45","E32_WS (Sector A)","27.51","68.4","100.95","0.35","332","50.12","2","0","0","1","138"
"30/7/2026, 03.21.50","E32_WS (Sector A)","27.51","68.38","100.95","0.41","343","50.12","2","0","0","1","138"
"30/7/2026, 03.21.55","E32_WS (Sector A)","27.51","68.34","100.95","0.39","340","50.12","2","0","0","1","138"
"30/7/2026, 03.22.00","E32_WS (Sector A)","27.51","68.32","100.95","0.25","330","50.12","2","0","0","1","138"
"30/7/2026, 03.22.05","E32_WS (Sector A)","27.51","68.33","100.95","0.43","319","50.12","2","0","0","1","138"
"30/7/2026, 03.22.10","E32_WS (Sector A)","27.51","68.35","100.95","0.43","326","50.12","2","0","0","1","138"
"30/7/2026, 03.22.15","E32_WS (Sector A)","27.51","68.39","100.95","0.42","325","50.12","2","0","0","1","138"
"30/7/2026, 03.22.20","E32_WS (Sector A)","27.5","68.43","100.95","0.42","333","50.12","2","0","0","1","138"
"30/7/2026, 03.22.25","E32_WS (Sector A)","27.51","68.43","100.95","0.48","334","50.12","2","0","0","1","138"
"30/7/2026, 03.22.30","E32_WS (Sector A)","27.51","68.42","100.95","0.52","333","50.12","2","0","0","1","138"
"30/7/2026, 03.22.35","E32_WS (Sector A)","27.51","68.41","100.95","0.49","337","50.12","2","0","0","1","138"
"30/7/2026, 03.22.40","E32_WS (Sector A)","27.51","68.38","100.95","0.46","341","50.12","2","0","0","1","138"
"30/7/2026, 03.22.45","E32_WS (Sector A)","27.51","68.36","100.95","0.43","331","50.12","2","0","0","1","138"
"30/7/2026, 03.22.50","E32_WS (Sector A)","27.51","68.36","100.95","0.45","341","50.12","2","0","0","1","138"
"30/7/2026, 03.22.55","E32_WS (Sector A)","27.51","68.36","100.95","0.53","334","50.12","2","0","0","1","138"
"30/7/2026, 03.23.00","E32_WS (Sector A)","27.51","68.36","100.95","0.46","332","50.12","2","0","0","1","138"
"30/7/2026, 03.23.05","E32_WS (Sector A)","27.51","68.36","100.95","0.41","329","50.12","2","0","0","1","138"
"30/7/2026, 03.23.10","E32_WS (Sector A)","27.51","68.37","100.95","0.45","324","50.12","2","0","0","1","138"
"30/7/2026, 03.23.15","E32_WS (Sector A)","27.51","68.43","100.95","0.46","333","50.12","2","0","0","1","138"
"30/7/2026, 03.23.20","E32_WS (Sector A)","27.51","68.42","100.95","0.45","332","50.12","2","0","0","1","138"
"30/7/2026, 03.23.25","E32_WS (Sector A)","27.51","68.42","100.95","0.43","336","50.12","2","0","0","1","138"
"30/7/2026, 03.23.30","E32_WS (Sector A)","27.51","68.4","100.95","0.45","339","50.12","2","0","0","1","138"
"30/7/2026, 03.23.35","E32_WS (Sector A)","27.51","68.4","100.95","0.43","328","50.12","2","0","0","1","138"
"30/7/2026, 03.23.40","E32_WS (Sector A)","27.51","68.41","100.94","0.42","329","50.12","2","0","0","1","138"
"30/7/2026, 03.23.45","E32_WS (Sector A)","27.51","68.44","100.95","0.43","334","50.12","2","0","0","1","138"
"30/7/2026, 03.23.50","E32_WS (Sector A)","27.51","68.45","100.95","0.42","335","50.12","2","0","0","1","138"
"30/7/2026, 03.23.55","E32_WS (Sector A)","27.51","68.45","100.95","0.45","340","50.12","2","0","0","1","138"
"30/7/2026, 03.24.00","E32_WS (Sector A)","27.51","68.38","100.95","0.51","338","50.12","2","0","0","1","138"
"30/7/2026, 03.24.05","E32_WS (Sector A)","27.51","68.37","100.95","0.51","337","50.12","2","0","0","1","138"
"30/7/2026, 03.24.10","E32_WS (Sector A)","27.51","68.34","100.95","0.54","339","50.12","2","0","0","1","138"
"30/7/2026, 03.24.15","E32_WS (Sector A)","27.51","68.31","100.95","0.49","336","50.12","2","0","0","1","138"
"30/7/2026, 03.24.20","E32_WS (Sector A)","27.51","68.31","100.95","0.39","341","50.12","2","0","0","1","138"
"30/7/2026, 03.24.25","E32_WS (Sector A)","27.51","68.29","100.95","0.44","341","50.12","2","0","0","1","138"
"30/7/2026, 03.24.30","E32_WS (Sector A)","27.51","68.26","100.95","0.38","325","50.12","2","0","0","1","138"
"30/7/2026, 03.24.35","E32_WS (Sector A)","27.51","68.3","100.95","0.38","345","50.12","2","0","0","1","138"
"30/7/2026, 03.24.40","E32_WS (Sector A)","27.51","68.28","100.95","0.45","330","50.12","2","0","0","1","138"
"30/7/2026, 03.24.45","E32_WS (Sector A)","27.51","68.3","100.95","0.4","326","50.12","2","0","0","1","138"
"30/7/2026, 03.24.50","E32_WS (Sector A)","27.51","68.31","100.95","0.49","350","50.12","2","0","0","1","138"
"30/7/2026, 03.24.55","E32_WS (Sector A)","27.51","68.31","100.95","0.54","327","50.12","2","0","0","1","138"
"30/7/2026, 03.25.00","E32_WS (Sector A)","27.5","68.34","100.95","0.5","342","50.12","2","0","0","1","138"
"30/7/2026, 03.25.05","E32_WS (Sector A)","27.5","68.31","100.95","0.51","346","50.12","2","0","0","1","138"
"30/7/2026, 03.25.10","E32_WS (Sector A)","27.5","68.31","100.95","0.45","346","50.12","2","0","0","1","138"
"30/7/2026, 03.25.15","E32_WS (Sector A)","27.51","68.28","100.95","0.5","348","50.12","2","0","0","1","138"
"30/7/2026, 03.25.20","E32_WS (Sector A)","27.51","68.25","100.95","0.42","332","50.12","2","0","0","1","138"
"30/7/2026, 03.25.25","E32_WS (Sector A)","27.51","68.26","100.95","0.39","335","50.12","2","0","0","1","138"
"30/7/2026, 03.25.30","E32_WS (Sector A)","27.51","68.25","100.94","0.37","347","50.12","2","0","0","1","138"
"30/7/2026, 03.25.35","E32_WS (Sector A)","27.5","68.24","100.95","0.41","337","50.12","2","0","0","1","138"
"30/7/2026, 03.25.40","E32_WS (Sector A)","27.51","68.23","100.95","0.42","350","50.12","2","0","0","1","138"
"30/7/2026, 03.25.45","E32_WS (Sector A)","27.51","68.19","100.95","0.41","331","50.12","2","0","0","1","138"
"30/7/2026, 03.25.50","E32_WS (Sector A)","27.51","68.24","100.95","0.48","321","50.12","2","0","0","1","138"
"30/7/2026, 03.25.55","E32_WS (Sector A)","27.51","68.3","100.95","0.4","317","50.12","2","0","0","1","138"
"30/7/2026, 03.26.00","E32_WS (Sector A)","27.5","68.35","100.95","0.44","304","50.12","2","0","0","1","138"
"30/7/2026, 03.26.05","E32_WS (Sector A)","27.5","68.36","100.95","0.36","313","50.12","2","0","0","1","138"
"30/7/2026, 03.26.10","E32_WS (Sector A)","27.5","68.39","100.95","0.41","319","50.12","2","0","0","1","138"
"30/7/2026, 03.26.15","E32_WS (Sector A)","27.49","68.38","100.95","0.5","340","50.12","2","0","0","1","138"
"30/7/2026, 03.26.20","E32_WS (Sector A)","27.5","68.36","100.95","0.49","328","50.12","2","0","0","1","138"
"30/7/2026, 03.26.25","E32_WS (Sector A)","27.5","68.36","100.95","0.51","343","50.12","2","0","0","1","138"
"30/7/2026, 03.26.30","E32_WS (Sector A)","27.5","68.34","100.95","0.43","323","50.12","2","0","0","1","138"
"30/7/2026, 03.26.35","E32_WS (Sector A)","27.5","68.38","100.95","0.38","316","50.12","2","0","0","1","138"
"30/7/2026, 03.26.40","E32_WS (Sector A)","27.5","68.43","100.95","0.36","328","50.12","2","0","0","1","138"
"30/7/2026, 03.26.45","E32_WS (Sector A)","27.5","68.43","100.95","0.36","322","50.12","2","0","0","1","138"
"30/7/2026, 03.26.50","E32_WS (Sector A)","27.5","68.42","100.95","0.38","329","50.12","2","0","0","1","138"
"30/7/2026, 03.26.55","E32_WS (Sector A)","27.5","68.42","100.95","0.41","321","50.12","2","0","0","1","138"
"30/7/2026, 03.27.00","E32_WS (Sector A)","27.5","68.45","100.95","0.37","331","50.12","2","0","0","1","138"
"30/7/2026, 03.27.05","E32_WS (Sector A)","27.5","68.43","100.95","0.35","340","50.12","2","0","0","1","138"
"30/7/2026, 03.27.10","E32_WS (Sector A)","27.5","68.41","100.94","0.44","332","50.12","2","0","0","1","138"
"30/7/2026, 03.27.15","E32_WS (Sector A)","27.5","68.4","100.94","0.47","333","50.12","2","0","0","1","138"
"30/7/2026, 03.27.20","E32_WS (Sector A)","27.5","68.41","100.95","0.48","342","50.12","2","0","0","1","138"
"30/7/2026, 03.27.25","E32_WS (Sector A)","27.49","68.4","100.95","0.42","346","50.12","2","0","0","1","138"
"30/7/2026, 03.27.30","E32_WS (Sector A)","27.5","68.38","100.95","0.42","348","50.12","2","0","0","1","138"
"30/7/2026, 03.27.35","E32_WS (Sector A)","27.5","68.35","100.95","0.44","354","50.12","2","0","0","1","138"
"30/7/2026, 03.27.40","E32_WS (Sector A)","27.5","68.34","100.95","0.46","344","50.12","2","0","0","1","138"
"30/7/2026, 03.27.45","E32_WS (Sector A)","27.5","68.34","100.94","0.46","346","50.12","2","0","0","1","138"
"30/7/2026, 03.27.50","E32_WS (Sector A)","27.5","68.31","100.95","0.45","345","50.12","2","0","0","1","138"
"30/7/2026, 03.27.55","E32_WS (Sector A)","27.5","68.31","100.95","0.5","342","50.12","2","0","0","1","138"
"30/7/2026, 03.28.00","E32_WS (Sector A)","27.5","68.28","100.95","0.45","335","50.12","2","0","0","1","138"
"30/7/2026, 03.28.05","E32_WS (Sector A)","27.5","68.36","100.95","0.4","331","50.12","2","0","0","1","138"
"30/7/2026, 03.28.10","E32_WS (Sector A)","27.5","68.43","100.95","0.39","330","50.12","2","0","0","1","138"
"30/7/2026, 03.28.15","E32_WS (Sector A)","27.5","68.49","100.95","0.4","327","50.12","2","0","0","1","138"
"30/7/2026, 03.28.20","E32_WS (Sector A)","27.5","68.54","100.94","0.41","327","50.12","2","0","0","1","138"
"30/7/2026, 03.28.25","E32_WS (Sector A)","27.51","68.57","100.94","0.45","327","50.12","2","0","0","1","138"
"30/7/2026, 03.28.30","E32_WS (Sector A)","27.5","68.59","100.94","0.45","327","50.12","2","0","0","1","138"
"30/7/2026, 03.28.35","E32_WS (Sector A)","27.5","68.59","100.95","0.43","328","50.12","2","0","0","1","138"
"30/7/2026, 03.28.40","E32_WS (Sector A)","27.5","68.6","100.95","0.52","334","50.12","2","0","0","1","138"
"30/7/2026, 03.28.45","E32_WS (Sector A)","27.5","68.59","100.95","0.34","332","50.12","2","0","0","1","138"
"30/7/2026, 03.28.50","E32_WS (Sector A)","27.5","68.56","100.95","0.49","320","50.12","2","0","0","1","138"
"30/7/2026, 03.28.55","E32_WS (Sector A)","27.5","68.56","100.95","0.4","313","50.12","2","0","0","1","138"
"30/7/2026, 03.29.00","E32_WS (Sector A)","27.5","68.54","100.95","0.45","327","50.12","2","0","0","1","138"
"30/7/2026, 03.29.05","E32_WS (Sector A)","27.5","68.53","100.94","0.54","333","50.12","2","0","0","1","138"
"30/7/2026, 03.29.10","E32_WS (Sector A)","27.5","68.55","100.94","0.49","333","50.12","2","0","0","1","138"
"30/7/2026, 03.29.15","E32_WS (Sector A)","27.5","68.52","100.94","0.46","335","50.12","2","0","0","1","138"
"30/7/2026, 03.29.20","E32_WS (Sector A)","27.5","68.5","100.94","0.46","340","50.12","2","0","0","1","138"
"30/7/2026, 03.29.25","E32_WS (Sector A)","27.5","68.48","100.94","0.49","340","50.12","2","0","0","1","138"
"30/7/2026, 03.29.30","E32_WS (Sector A)","27.5","68.46","100.94","0.46","333","50.12","2","0","0","1","138"
"30/7/2026, 03.29.35","E32_WS (Sector A)","27.5","68.47","100.95","0.46","328","50.12","2","0","0","1","138"
"30/7/2026, 03.29.40","E32_WS (Sector A)","27.5","68.5","100.94","0.48","328","50.12","2","0","0","1","138"
"30/7/2026, 03.29.45","E32_WS (Sector A)","27.5","68.53","100.94","0.39","331","50.12","2","0","0","1","138"
"30/7/2026, 03.29.50","E32_WS (Sector A)","27.5","68.54","100.94","0.49","336","50.12","2","0","0","1","138"
"30/7/2026, 03.29.55","E32_WS (Sector A)","27.5","68.51","100.94","0.47","351","50.12","2","0","0","1","138"
"30/7/2026, 03.30.00","E32_WS (Sector A)","27.5","68.48","100.94","0.34","339","50.12","2","0","0","1","138"
"30/7/2026, 03.30.05","E32_WS (Sector A)","27.5","68.46","100.94","0.44","331","50.12","2","0","0","1","138"
"30/7/2026, 03.30.10","E32_WS (Sector A)","27.5","68.49","100.94","0.42","327","50.12","2","0","0","1","138"
"30/7/2026, 03.30.15","E32_WS (Sector A)","27.5","68.52","100.95","0.42","329","50.12","2","0","0","1","138"
"30/7/2026, 03.30.20","E32_WS (Sector A)","27.5","68.54","100.95","0.38","337","50.12","2","0","0","1","138"
"30/7/2026, 03.30.25","E32_WS (Sector A)","27.5","68.52","100.94","0.35","338","50.12","2","0","0","1","138"
"30/7/2026, 03.30.30","E32_WS (Sector A)","27.51","68.5","100.94","0.39","326","50.12","2","0","0","1","138"
"30/7/2026, 03.30.35","E32_WS (Sector A)","27.5","68.48","100.94","0.32","338","50.12","2","0","0","1","138"
"30/7/2026, 03.30.40","E32_WS (Sector A)","27.5","68.44","100.94","0.29","343","50.12","2","0","0","1","138"
"30/7/2026, 03.30.45","E32_WS (Sector A)","27.5","68.4","100.94","0.31","336","50.12","2","0","0","1","138"
"30/7/2026, 03.30.50","E32_WS (Sector A)","27.5","68.36","100.94","0.37","331","50.12","2","0","0","1","138"
"30/7/2026, 03.30.55","E32_WS (Sector A)","27.5","68.4","100.94","0.38","335","50.12","2","0","0","1","138"
"30/7/2026, 03.31.00","E32_WS (Sector A)","27.5","68.38","100.94","0.44","337","50.12","2","0","0","1","138"
"30/7/2026, 03.31.05","E32_WS (Sector A)","27.5","68.34","100.95","0.45","346","50.12","2","0","0","1","138"
"30/7/2026, 03.31.10","E32_WS (Sector A)","27.5","68.32","100.94","0.46","350","50.12","2","0","0","1","138"
"30/7/2026, 03.31.15","E32_WS (Sector A)","27.5","68.32","100.94","0.45","343","50.12","2","0","0","1","138"
"30/7/2026, 03.31.20","E32_WS (Sector A)","27.5","68.31","100.94","0.47","348","50.12","2","0","0","1","138"
"30/7/2026, 03.31.25","E32_WS (Sector A)","27.5","68.3","100.94","0.52","343","50.12","2","0","0","1","138"
"30/7/2026, 03.31.30","E32_WS (Sector A)","27.51","68.32","100.94","0.49","337","50.12","2","0","0","1","138"
"30/7/2026, 03.31.35","E32_WS (Sector A)","27.51","68.37","100.94","0.45","326","50.12","2","0","0","1","138"
"30/7/2026, 03.31.40","E32_WS (Sector A)","27.51","68.43","100.94","0.4","336","50.12","2","0","0","1","138"
"30/7/2026, 03.31.45","E32_WS (Sector A)","27.5","68.44","100.94","0.43","329","50.12","2","0","0","1","138"
"30/7/2026, 03.31.50","E32_WS (Sector A)","27.51","68.46","100.94","0.42","330","50.12","2","0","0","1","138"
"30/7/2026, 03.31.55","E32_WS (Sector A)","27.51","68.48","100.94","0.43","325","50.12","2","0","0","1","138"
"30/7/2026, 03.32.00","E32_WS (Sector A)","27.5","68.51","100.94","0.44","327","50.12","2","0","0","1","138"
"30/7/2026, 03.32.05","E32_WS (Sector A)","27.5","68.53","100.94","0.44","318","50.12","2","0","0","1","138"
"30/7/2026, 03.32.10","E32_WS (Sector A)","27.51","68.54","100.94","0.4","319","50.12","2","0","0","1","138"
"30/7/2026, 03.32.15","E32_WS (Sector A)","27.5","68.52","100.95","0.39","332","50.12","2","0","0","1","138"
"30/7/2026, 03.32.20","E32_WS (Sector A)","27.5","68.5","100.94","0.44","335","50.12","2","0","0","1","138"
"30/7/2026, 03.32.25","E32_WS (Sector A)","27.5","68.49","100.94","0.43","327","50.12","2","0","0","1","138"
"30/7/2026, 03.32.30","E32_WS (Sector A)","27.5","68.5","100.94","0.43","326","50.12","2","0","0","1","138"
"30/7/2026, 03.32.35","E32_WS (Sector A)","27.5","68.53","100.95","0.39","339","50.12","2","0","0","1","138"
"30/7/2026, 03.32.40","E32_WS (Sector A)","27.5","68.5","100.94","0.41","345","50.12","2","0","0","1","138"
"30/7/2026, 03.32.45","E32_WS (Sector A)","27.5","68.49","100.94","0.4","319","50.12","2","0","0","1","138"
"30/7/2026, 03.32.50","E32_WS (Sector A)","27.5","68.51","100.94","0.44","326","50.12","2","0","0","1","138"
"30/7/2026, 03.32.55","E32_WS (Sector A)","27.5","68.52","100.94","0.48","326","50.12","2","0","0","1","138"
"30/7/2026, 03.33.00","E32_WS (Sector A)","27.5","68.52","100.94","0.44","326","50.12","2","0","0","1","138"
"30/7/2026, 03.33.05","E32_WS (Sector A)","27.5","68.54","100.94","0.44","335","50.12","2","0","0","1","138"
"30/7/2026, 03.33.10","E32_WS (Sector A)","27.5","68.52","100.94","0.43","332","50.12","2","0","0","1","138"
"30/7/2026, 03.33.15","E32_WS (Sector A)","27.5","68.52","100.94","0.4","349","50.12","2","0","0","1","138"
"30/7/2026, 03.33.20","E32_WS (Sector A)","27.5","68.49","100.94","0.46","347","50.12","2","0","0","1","138"
"30/7/2026, 03.33.25","E32_WS (Sector A)","27.5","68.45","100.94","0.47","347","50.12","2","0","0","1","138"
"30/7/2026, 03.33.30","E32_WS (Sector A)","27.5","68.43","100.94","0.45","343","50.12","2","0","0","1","138"
"30/7/2026, 03.33.35","E32_WS (Sector A)","27.51","68.41","100.95","0.39","337","50.12","2","0","0","1","138"
"30/7/2026, 03.33.40","E32_WS (Sector A)","27.5","68.4","100.94","0.42","338","50.12","2","0","0","1","138"
"30/7/2026, 03.33.45","E32_WS (Sector A)","27.5","68.37","100.94","0.43","341","50.12","2","0","0","1","138"
"30/7/2026, 03.33.50","E32_WS (Sector A)","27.51","68.37","100.94","0.43","341","50.12","2","0","0","1","138"
"30/7/2026, 03.33.55","E32_WS (Sector A)","27.51","68.39","100.94","0.42","331","50.12","2","0","0","1","138"
"30/7/2026, 03.34.00","E32_WS (Sector A)","27.51","68.42","100.94","0.41","331","50.12","2","0","0","1","138"
"30/7/2026, 03.34.05","E32_WS (Sector A)","27.51","68.46","100.94","0.47","341","50.12","2","0","0","1","138"
"30/7/2026, 03.34.10","E32_WS (Sector A)","27.5","68.43","100.95","0.44","344","50.12","2","0","0","1","138"
"30/7/2026, 03.34.15","E32_WS (Sector A)","27.51","68.42","100.95","0.47","337","50.12","2","0","0","1","138"
"30/7/2026, 03.34.20","E32_WS (Sector A)","27.51","68.42","100.95","0.48","334","50.12","2","0","0","1","138"
"30/7/2026, 03.34.25","E32_WS (Sector A)","27.51","68.42","100.95","0.43","331","50.12","2","0","0","1","138"
"30/7/2026, 03.34.30","E32_WS (Sector A)","27.51","68.42","100.95","0.42","338","50.12","2","0","0","1","138"
"30/7/2026, 03.34.35","E32_WS (Sector A)","27.5","68.4","100.94","0.39","347","50.12","2","0","0","1","138"
"30/7/2026, 03.34.40","E32_WS (Sector A)","27.51","68.36","100.94","0.37","347","50.12","2","0","0","1","138"
"30/7/2026, 03.34.45","E32_WS (Sector A)","27.51","68.35","100.95","0.42","332","50.12","2","0","0","1","138"
"30/7/2026, 03.34.50","E32_WS (Sector A)","27.51","68.35","100.95","0.34","337","50.12","2","0","0","1","138"
"30/7/2026, 03.34.55","E32_WS (Sector A)","27.51","68.36","100.94","0.42","327","50.12","2","0","0","1","138"
"30/7/2026, 03.35.00","E32_WS (Sector A)","27.51","68.4","100.95","0.48","332","50.12","2","0","0","1","138"
"30/7/2026, 03.35.05","E32_WS (Sector A)","27.51","68.41","100.94","0.49","337","50.12","2","0","0","1","138"
"30/7/2026, 03.35.10","E32_WS (Sector A)","27.51","68.4","100.94","0.48","337","50.12","2","0","0","1","138"
"30/7/2026, 03.35.15","E32_WS (Sector A)","27.51","68.4","100.94","0.44","312","50.12","2","0","0","1","138"
"30/7/2026, 03.35.20","E32_WS (Sector A)","27.51","68.38","100.94","0.4","325","50.12","2","0","0","1","138"
"30/7/2026, 03.35.25","E32_WS (Sector A)","27.51","68.35","100.95","0.43","337","50.12","2","0","0","1","138"
"30/7/2026, 03.35.30","E32_WS (Sector A)","27.5","68.31","100.95","0.48","347","50.12","2","0","0","1","138"
"30/7/2026, 03.35.35","E32_WS (Sector A)","27.5","68.3","100.94","0.49","338","50.12","2","0","0","1","138"
"30/7/2026, 03.35.40","E32_WS (Sector A)","27.5","68.28","100.94","0.43","322","50.12","2","0","0","1","138"
"30/7/2026, 03.35.45","E32_WS (Sector A)","27.5","68.35","100.94","0.46","323","50.12","2","0","0","1","138"
"30/7/2026, 03.35.50","E32_WS (Sector A)","27.51","68.4","100.94","0.45","328","50.12","2","0","0","1","138"
"30/7/2026, 03.35.55","E32_WS (Sector A)","27.5","68.4","100.94","0.45","328","50.12","2","0","0","1","138"
"30/7/2026, 03.36.00","E32_WS (Sector A)","27.5","68.38","100.94","0.46","332","50.12","2","0","0","1","138"
"30/7/2026, 03.36.05","E32_WS (Sector A)","27.5","68.37","100.95","0.42","334","50.12","2","0","0","1","138"
"30/7/2026, 03.36.10","E32_WS (Sector A)","27.51","68.38","100.95","0.41","325","50.12","2","0","0","1","138"
"30/7/2026, 03.36.15","E32_WS (Sector A)","27.51","68.38","100.95","0.38","333","50.12","2","0","0","1","138"
"30/7/2026, 03.36.20","E32_WS (Sector A)","27.5","68.39","100.94","0.38","336","50.12","2","0","0","1","138"
"30/7/2026, 03.36.25","E32_WS (Sector A)","27.51","68.38","100.94","0.41","329","50.12","2","0","0","1","138"
"30/7/2026, 03.36.30","E32_WS (Sector A)","27.51","68.4","100.95","0.39","332","50.12","2","0","0","1","138"
"30/7/2026, 03.36.35","E32_WS (Sector A)","27.5","68.39","100.94","0.38","341","50.12","2","0","0","1","138"
"30/7/2026, 03.36.40","E32_WS (Sector A)","27.5","68.37","100.95","0.42","335","50.12","2","0","0","1","138"
"30/7/2026, 03.36.45","E32_WS (Sector A)","27.5","68.35","100.95","0.49","345","50.12","2","0","0","1","138"
"30/7/2026, 03.36.50","E32_WS (Sector A)","27.5","68.34","100.95","0.49","337","50.12","2","0","0","1","138"
"30/7/2026, 03.36.55","E32_WS (Sector A)","27.51","68.35","100.95","0.54","340","50.12","2","0","0","1","138"
"30/7/2026, 03.37.00","E32_WS (Sector A)","27.51","68.34","100.95","0.42","347","50.12","2","0","0","1","138"
"30/7/2026, 03.37.05","E32_WS (Sector A)","27.5","68.32","100.95","0.45","345","50.12","2","0","0","1","138"
"30/7/2026, 03.37.10","E32_WS (Sector A)","27.5","68.34","100.95","0.51","348","50.12","2","0","0","1","138"
"30/7/2026, 03.37.15","E32_WS (Sector A)","27.5","68.33","100.95","0.45","338","50.12","2","0","0","1","138"
"30/7/2026, 03.37.20","E32_WS (Sector A)","27.5","68.33","100.94","0.48","336","50.12","2","0","0","1","138"
"30/7/2026, 03.37.25","E32_WS (Sector A)","27.51","68.34","100.95","0.44","334","50.12","2","0","0","1","138"
"30/7/2026, 03.37.30","E32_WS (Sector A)","27.51","68.33","100.94","0.43","335","50.12","2","0","0","1","138"
"30/7/2026, 03.37.35","E32_WS (Sector A)","27.51","68.34","100.95","0.42","338","50.12","2","0","0","1","138"
"30/7/2026, 03.37.40","E32_WS (Sector A)","27.51","68.32","100.95","0.43","332","50.12","2","0","0","1","138"
"30/7/2026, 03.37.45","E32_WS (Sector A)","27.51","68.35","100.95","0.37","332","50.12","2","0","0","1","138"
"30/7/2026, 03.37.50","E32_WS (Sector A)","27.5","68.36","100.94","0.36","329","50.12","2","0","0","1","138"
"30/7/2026, 03.37.55","E32_WS (Sector A)","27.51","68.34","100.95","0.22","333","50.12","2","0","0","1","138"
"30/7/2026, 03.38.00","E32_WS (Sector A)","27.51","68.28","100.95","0.31","337","50.12","2","0","0","1","138"
"30/7/2026, 03.38.05","E32_WS (Sector A)","27.5","68.24","100.94","0.45","322","50.12","2","0","0","1","138"
"30/7/2026, 03.38.10","E32_WS (Sector A)","27.51","68.27","100.95","0.39","330","50.12","2","0","0","1","138"
"30/7/2026, 03.38.15","E32_WS (Sector A)","27.5","68.32","100.95","0.24","341","50.12","2","0","0","1","138"
"30/7/2026, 03.38.20","E32_WS (Sector A)","27.51","68.33","100.95","0.47","316","50.12","2","0","0","1","138"
"30/7/2026, 03.38.25","E32_WS (Sector A)","27.5","68.36","100.94","0.44","329","50.12","2","0","0","1","138"
"30/7/2026, 03.38.30","E32_WS (Sector A)","27.51","68.39","100.95","0.45","333","50.12","2","0","0","1","138"
"30/7/2026, 03.38.35","E32_WS (Sector A)","27.5","68.4","100.95","0.44","338","50.12","2","0","0","1","138"
"30/7/2026, 03.38.40","E32_WS (Sector A)","27.5","68.39","100.94","0.42","342","50.12","2","0","0","1","138"
"30/7/2026, 03.38.45","E32_WS (Sector A)","27.5","68.36","100.94","0.42","343","50.12","2","0","0","1","138"
"30/7/2026, 03.38.50","E32_WS (Sector A)","27.5","68.35","100.95","0.45","339","50.12","2","0","0","1","138"
"30/7/2026, 03.38.55","E32_WS (Sector A)","27.5","68.33","100.94","0.45","338","50.12","2","0","0","1","138"
"30/7/2026, 03.39.00","E32_WS (Sector A)","27.5","68.34","100.95","0.41","332","50.12","2","0","0","1","138"
"30/7/2026, 03.39.05","E32_WS (Sector A)","27.51","68.37","100.94","0.39","327","50.12","2","0","0","1","138"
"30/7/2026, 03.39.10","E32_WS (Sector A)","27.5","68.38","100.95","0.4","331","50.12","2","0","0","1","138"
"30/7/2026, 03.39.15","E32_WS (Sector A)","27.51","68.38","100.95","0.35","336","50.12","2","0","0","1","138"
"30/7/2026, 03.39.20","E32_WS (Sector A)","27.51","68.35","100.95","0.36","342","50.12","2","0","0","1","138"
"30/7/2026, 03.39.25","E32_WS (Sector A)","27.51","68.33","100.95","0.47","326","50.12","2","0","0","1","138"
"30/7/2026, 03.39.30","E32_WS (Sector A)","27.51","68.35","100.94","0.51","347","50.12","2","0","0","1","138"
"30/7/2026, 03.39.35","E32_WS (Sector A)","27.5","68.29","100.94","0.38","347","50.12","2","0","0","1","138"
"30/7/2026, 03.39.40","E32_WS (Sector A)","27.5","68.27","100.94","0.35","340","50.12","2","0","0","1","138"
"30/7/2026, 03.39.45","E32_WS (Sector A)","27.5","68.25","100.94","0.43","339","50.12","2","0","0","1","138"
"30/7/2026, 03.39.50","E32_WS (Sector A)","27.5","68.22","100.95","0.45","336","50.12","2","0","0","1","138"
"30/7/2026, 03.39.55","E32_WS (Sector A)","27.5","68.24","100.95","0.4","330","50.12","2","0","0","1","138"
"30/7/2026, 03.40.00","E32_WS (Sector A)","27.5","68.26","100.95","0.37","329","50.12","2","0","0","1","138"
"30/7/2026, 03.40.05","E32_WS (Sector A)","27.5","68.31","100.94","0.34","337","50.12","2","0","0","1","138"
"30/7/2026, 03.40.10","E32_WS (Sector A)","27.5","68.29","100.94","0.37","335","50.12","2","0","0","1","138"
"30/7/2026, 03.40.15","E32_WS (Sector A)","27.5","68.27","100.94","0.35","332","50.12","2","0","0","1","138"
"30/7/2026, 03.40.20","E32_WS (Sector A)","27.5","68.25","100.94","0.35","342","50.12","2","0","0","1","138"
"30/7/2026, 03.40.25","E32_WS (Sector A)","27.51","68.24","100.95","0.37","338","50.12","2","0","0","1","138"
"30/7/2026, 03.40.30","E32_WS (Sector A)","27.51","68.23","100.95","0.43","334","50.12","2","0","0","1","138"
"30/7/2026, 03.40.35","E32_WS (Sector A)","27.5","68.24","100.95","0.47","327","50.12","2","0","0","1","138"
"30/7/2026, 03.40.40","E32_WS (Sector A)","27.5","68.3","100.95","0.45","331","50.12","2","0","0","1","138"
"30/7/2026, 03.40.45","E32_WS (Sector A)","27.5","68.35","100.94","0.43","329","50.12","2","0","0","1","138"
"30/7/2026, 03.40.50","E32_WS (Sector A)","27.5","68.36","100.95","0.45","340","50.12","2","0","0","1","138"
"30/7/2026, 03.40.55","E32_WS (Sector A)","27.5","68.34","100.95","0.5","344","50.12","2","0","0","1","138"
"30/7/2026, 03.41.00","E32_WS (Sector A)","27.5","68.29","100.95","0.55","346","50.12","2","0","0","1","138"
"30/7/2026, 03.41.05","E32_WS (Sector A)","27.5","68.25","100.95","0.46","335","50.12","2","0","0","1","138"
"30/7/2026, 03.41.10","E32_WS (Sector A)","27.5","68.26","100.95","0.42","329","50.12","2","0","0","1","138"
"30/7/2026, 03.41.15","E32_WS (Sector A)","27.5","68.31","100.95","0.41","330","50.12","2","0","0","1","138"
"30/7/2026, 03.41.20","E32_WS (Sector A)","27.5","68.36","100.95","0.45","336","50.12","2","0","0","1","138"
"30/7/2026, 03.41.25","E32_WS (Sector A)","27.5","68.36","100.95","0.38","336","50.12","2","0","0","1","138"
"30/7/2026, 03.41.30","E32_WS (Sector A)","27.51","68.34","100.95","0.42","346","50.12","2","0","0","1","138"
"30/7/2026, 03.41.35","E32_WS (Sector A)","27.51","68.31","100.95","0.32","355","50.12","2","0","0","1","138"
"30/7/2026, 03.41.40","E32_WS (Sector A)","27.5","68.25","100.95","0.29","333","50.12","2","0","0","1","138"
"30/7/2026, 03.41.45","E32_WS (Sector A)","27.5","68.27","100.94","0.33","329","50.12","2","0","0","1","138"
"30/7/2026, 03.41.50","E32_WS (Sector A)","27.51","68.29","100.95","0.3","338","50.12","2","0","0","1","138"
"30/7/2026, 03.41.55","E32_WS (Sector A)","27.5","68.25","100.94","0.31","331","50.12","2","0","0","1","138"
"30/7/2026, 03.42.00","E32_WS (Sector A)","27.51","68.25","100.94","0.32","328","50.12","2","0","0","1","138"
"30/7/2026, 03.42.05","E32_WS (Sector A)","27.51","68.24","100.94","0.36","333","50.12","2","0","0","1","138"
"30/7/2026, 03.42.10","E32_WS (Sector A)","27.51","68.26","100.95","0.36","332","50.12","2","0","0","1","138"
"30/7/2026, 03.42.15","E32_WS (Sector A)","27.5","68.28","100.94","0.33","328","50.12","2","0","0","1","138"
"30/7/2026, 03.42.20","E32_WS (Sector A)","27.5","68.27","100.95","0.45","346","50.12","2","0","0","1","138"
"30/7/2026, 03.42.25","E32_WS (Sector A)","27.51","68.25","100.95","0.35","335","50.12","2","0","0","1","138"
"30/7/2026, 03.42.30","E32_WS (Sector A)","27.5","68.26","100.95","0.35","322","50.12","2","0","0","1","138"
"30/7/2026, 03.42.35","E32_WS (Sector A)","27.5","68.34","100.95","0.37","326","50.12","2","0","0","1","138"
"30/7/2026, 03.42.40","E32_WS (Sector A)","27.5","68.36","100.95","0.35","324","50.12","2","0","0","1","138"
"30/7/2026, 03.42.45","E32_WS (Sector A)","27.5","68.37","100.95","0.39","318","50.12","2","0","0","1","138"
"30/7/2026, 03.42.50","E32_WS (Sector A)","27.5","68.39","100.95","0.41","314","50.12","2","0","0","1","138"
"30/7/2026, 03.42.55","E32_WS (Sector A)","27.5","68.41","100.95","0.4","318","50.12","2","0","0","1","138"
"30/7/2026, 03.43.00","E32_WS (Sector A)","27.5","68.42","100.95","0.39","328","50.12","2","0","0","1","138"
"30/7/2026, 03.43.05","E32_WS (Sector A)","27.5","68.43","100.94","0.4","326","50.12","2","0","0","1","138"
"30/7/2026, 03.43.10","E32_WS (Sector A)","27.49","68.42","100.95","0.42","327","50.12","2","0","0","1","138"
"30/7/2026, 03.43.15","E32_WS (Sector A)","27.49","68.43","100.94","0.44","326","50.12","2","0","0","1","138"
"30/7/2026, 03.43.20","E32_WS (Sector A)","27.49","68.42","100.95","0.45","332","50.12","2","0","0","1","138"
"30/7/2026, 03.43.25","E32_WS (Sector A)","27.49","68.42","100.94","0.45","341","50.12","2","0","0","1","138"
"30/7/2026, 03.43.30","E32_WS (Sector A)","27.5","68.4","100.95","0.44","333","50.12","2","0","0","1","138"
"30/7/2026, 03.43.35","E32_WS (Sector A)","27.5","68.4","100.95","0.45","342","50.12","2","0","0","1","138"
"30/7/2026, 03.43.40","E32_WS (Sector A)","27.49","68.39","100.95","0.48","340","50.12","2","0","0","1","138"
"30/7/2026, 03.43.45","E32_WS (Sector A)","27.5","68.38","100.95","0.4","334","50.12","2","0","0","1","138"
"30/7/2026, 03.43.50","E32_WS (Sector A)","27.49","68.38","100.95","0.4","320","50.12","2","0","0","1","138"
"30/7/2026, 03.43.55","E32_WS (Sector A)","27.49","68.4","100.95","0.39","332","50.12","2","0","0","1","138"
"30/7/2026, 03.44.00","E32_WS (Sector A)","27.49","68.41","100.94","0.41","330","50.12","2","0","0","1","138"
"30/7/2026, 03.44.05","E32_WS (Sector A)","27.49","68.39","100.95","0.42","328","50.12","2","0","0","1","138"
"30/7/2026, 03.44.10","E32_WS (Sector A)","27.49","68.42","100.95","0.42","324","50.12","2","0","0","1","138"
"30/7/2026, 03.44.15","E32_WS (Sector A)","27.49","68.43","100.95","0.35","329","50.12","2","0","0","1","138"
"30/7/2026, 03.44.20","E32_WS (Sector A)","27.49","68.42","100.95","0.4","341","50.12","2","0","0","1","138"
"30/7/2026, 03.44.25","E32_WS (Sector A)","27.49","68.39","100.94","0.47","346","50.12","2","0","0","1","138"
"30/7/2026, 03.44.30","E32_WS (Sector A)","27.49","68.38","100.95","0.46","337","50.12","2","0","0","1","138"
"30/7/2026, 03.44.35","E32_WS (Sector A)","27.49","68.36","100.95","0.43","348","50.12","2","0","0","1","138"
"30/7/2026, 03.44.40","E32_WS (Sector A)","27.49","68.33","100.94","0.44","333","50.12","2","0","0","1","138"
"30/7/2026, 03.44.45","E32_WS (Sector A)","27.48","68.33","100.94","0.48","341","50.12","2","0","0","1","138"
"30/7/2026, 03.44.50","E32_WS (Sector A)","27.49","68.32","100.95","0.47","332","50.12","2","0","0","1","138"
"30/7/2026, 03.44.55","E32_WS (Sector A)","27.49","68.33","100.94","0.34","334","50.12","2","0","0","1","138"
"30/7/2026, 03.45.00","E32_WS (Sector A)","27.49","68.37","100.94","0.39","316","50.12","2","0","0","1","138"
"30/7/2026, 03.45.05","E32_WS (Sector A)","27.49","68.43","100.94","0.36","336","50.12","2","0","0","1","138"
"30/7/2026, 03.45.10","E32_WS (Sector A)","27.48","68.43","100.94","0.41","322","50.12","2","0","0","1","138"
"30/7/2026, 03.45.15","E32_WS (Sector A)","27.48","68.48","100.94","0.42","321","50.12","2","0","0","1","138"
"30/7/2026, 03.45.20","E32_WS (Sector A)","27.48","68.5","100.94","0.36","332","50.12","2","0","0","1","138"
"30/7/2026, 03.45.25","E32_WS (Sector A)","27.48","68.47","100.94","0.41","346","50.12","2","0","0","1","138"
"30/7/2026, 03.45.30","E32_WS (Sector A)","27.49","68.47","100.94","0.39","338","50.12","2","0","0","1","138"
"30/7/2026, 03.45.35","E32_WS (Sector A)","27.48","68.47","100.94","0.37","334","50.12","2","0","0","1","138"
"30/7/2026, 03.45.40","E32_WS (Sector A)","27.48","68.48","100.94","0.41","332","50.12","2","0","0","1","138"
"30/7/2026, 03.45.45","E32_WS (Sector A)","27.48","68.5","100.94","0.4","325","50.12","2","0","0","1","138"
"30/7/2026, 03.45.50","E32_WS (Sector A)","27.48","68.48","100.94","0.34","334","50.12","2","0","0","1","138"
"30/7/2026, 03.45.55","E32_WS (Sector A)","27.48","68.49","100.94","0.33","330","50.12","2","0","0","1","138"
"30/7/2026, 03.46.00","E32_WS (Sector A)","27.48","68.5","100.94","0.33","328","50.12","2","0","0","1","138"
"30/7/2026, 03.46.05","E32_WS (Sector A)","27.48","68.5","100.94","0.39","330","50.12","2","0","0","1","138"
"30/7/2026, 03.46.10","E32_WS (Sector A)","27.48","68.48","100.94","0.44","337","50.12","2","0","0","1","138"
"30/7/2026, 03.46.15","E32_WS (Sector A)","27.47","68.46","100.94","0.41","346","50.12","2","0","0","1","138"
"30/7/2026, 03.46.20","E32_WS (Sector A)","27.48","68.44","100.94","0.42","343","50.12","2","0","0","1","138"
"30/7/2026, 03.46.25","E32_WS (Sector A)","27.47","68.42","100.94","0.44","336","50.12","2","0","0","1","138"
"30/7/2026, 03.46.30","E32_WS (Sector A)","27.48","68.4","100.94","0.41","339","50.12","2","0","0","1","138"
"30/7/2026, 03.46.35","E32_WS (Sector A)","27.48","68.38","100.94","0.37","342","50.12","2","0","0","1","138"
"30/7/2026, 03.46.40","E32_WS (Sector A)","27.47","68.34","100.94","0.39","8","50.12","2","0","0","1","138"
"30/7/2026, 03.46.45","E32_WS (Sector A)","27.48","68.3","100.95","0.53","351","50.12","2","0","0","1","138"
"30/7/2026, 03.46.50","E32_WS (Sector A)","27.47","68.28","100.94","0.43","341","50.12","2","0","0","1","138"
"30/7/2026, 03.46.55","E32_WS (Sector A)","27.47","68.27","100.94","0.37","337","50.12","2","0","0","1","138"
"30/7/2026, 03.47.00","E32_WS (Sector A)","27.48","68.28","100.94","0.38","330","50.12","2","0","0","1","138"
"30/7/2026, 03.47.05","E32_WS (Sector A)","27.47","68.31","100.94","0.37","329","50.12","2","0","0","1","138"
"30/7/2026, 03.47.10","E32_WS (Sector A)","27.47","68.35","100.94","0.36","347","50.12","2","0","0","1","138"
"30/7/2026, 03.47.15","E32_WS (Sector A)","27.47","68.33","100.94","0.44","338","50.12","2","0","0","1","138"
"30/7/2026, 03.47.20","E32_WS (Sector A)","27.47","68.31","100.94","0.35","341","50.12","2","0","0","1","138"
"30/7/2026, 03.47.25","E32_WS (Sector A)","27.47","68.31","100.94","0.42","346","50.12","2","0","0","1","138"
"30/7/2026, 03.47.30","E32_WS (Sector A)","27.47","68.27","100.94","0.39","3","50.12","2","0","0","1","138"
"30/7/2026, 03.47.35","E32_WS (Sector A)","27.47","68.26","100.94","0.38","354","50.12","2","0","0","1","138"
"30/7/2026, 03.47.40","E32_WS (Sector A)","27.47","68.22","100.94","0.38","348","50.12","2","0","0","1","138"
"30/7/2026, 03.47.45","E32_WS (Sector A)","27.47","68.26","100.94","0.36","333","50.12","2","0","0","1","138"
"30/7/2026, 03.47.50","E32_WS (Sector A)","27.47","68.28","100.94","0.32","334","50.12","2","0","0","1","138"
"30/7/2026, 03.47.55","E32_WS (Sector A)","27.47","68.32","100.94","0.42","322","50.12","2","0","0","1","138"
"30/7/2026, 03.48.00","E32_WS (Sector A)","27.47","68.38","100.94","0.36","330","50.12","2","0","0","1","138"
"30/7/2026, 03.48.05","E32_WS (Sector A)","27.46","68.43","100.94","0.42","318","50.12","2","0","0","1","138"
"30/7/2026, 03.48.10","E32_WS (Sector A)","27.46","68.47","100.94","0.39","327","50.12","2","0","0","1","138"
"30/7/2026, 03.48.15","E32_WS (Sector A)","27.46","68.49","100.94","0.38","329","50.12","2","0","0","1","138"
"30/7/2026, 03.48.20","E32_WS (Sector A)","27.47","68.47","100.94","0.33","337","50.12","2","0","0","1","138"
"30/7/2026, 03.48.25","E32_WS (Sector A)","27.47","68.43","100.94","0.36","333","50.12","2","0","0","1","138"
"30/7/2026, 03.48.30","E32_WS (Sector A)","27.46","68.41","100.94","0.31","336","50.12","2","0","0","1","138"
"30/7/2026, 03.48.35","E32_WS (Sector A)","27.46","68.38","100.94","0.28","332","50.12","2","0","0","1","138"
"30/7/2026, 03.48.40","E32_WS (Sector A)","27.47","68.35","100.94","0.37","330","50.12","2","0","0","1","138"
"30/7/2026, 03.48.45","E32_WS (Sector A)","27.46","68.39","100.94","0.37","322","50.12","2","0","0","1","138"
"30/7/2026, 03.48.50","E32_WS (Sector A)","27.46","68.47","100.94","0.38","319","50.12","2","0","0","1","138"
"30/7/2026, 03.48.55","E32_WS (Sector A)","27.46","68.54","100.94","0.39","323","50.12","2","0","0","1","138"
"30/7/2026, 03.49.00","E32_WS (Sector A)","27.46","68.53","100.94","0.43","312","50.12","2","0","0","1","138"
"30/7/2026, 03.49.05","E32_WS (Sector A)","27.46","68.55","100.94","0.48","333","50.12","2","0","0","1","138"
"30/7/2026, 03.49.10","E32_WS (Sector A)","27.46","68.54","100.94","0.5","344","50.12","2","0","0","1","138"
"30/7/2026, 03.49.15","E32_WS (Sector A)","27.46","68.51","100.94","0.43","342","50.12","2","0","0","1","138"
"30/7/2026, 03.49.20","E32_WS (Sector A)","27.46","68.51","100.94","0.5","339","50.12","2","0","0","1","138"
"30/7/2026, 03.49.25","E32_WS (Sector A)","27.46","68.49","100.94","0.44","345","50.12","2","0","0","1","138"
"30/7/2026, 03.49.30","E32_WS (Sector A)","27.45","68.45","100.94","0.44","347","50.12","2","0","0","1","138"
"30/7/2026, 03.49.35","E32_WS (Sector A)","27.45","68.43","100.94","0.46","353","50.12","2","0","0","1","138"
"30/7/2026, 03.49.40","E32_WS (Sector A)","27.46","68.41","100.94","0.45","357","50.12","2","0","0","1","138"
"30/7/2026, 03.49.45","E32_WS (Sector A)","27.46","68.41","100.94","0.49","349","50.12","2","0","0","1","138"
"30/7/2026, 03.49.50","E32_WS (Sector A)","27.46","68.4","100.94","0.57","347","50.12","2","0","0","1","138"
"30/7/2026, 03.49.55","E32_WS (Sector A)","27.46","68.34","100.94","0.57","345","50.12","2","0","0","1","138"
"30/7/2026, 03.50.00","E32_WS (Sector A)","27.46","68.32","100.94","0.5","333","50.12","2","0","0","1","138"
"30/7/2026, 03.50.05","E32_WS (Sector A)","27.45","68.34","100.94","0.45","329","50.12","2","0","0","1","138"
"30/7/2026, 03.50.10","E32_WS (Sector A)","27.45","68.39","100.94","0.47","336","50.12","2","0","0","1","138"
"30/7/2026, 03.50.15","E32_WS (Sector A)","27.45","68.39","100.94","0.41","323","50.12","2","0","0","1","138"
"30/7/2026, 03.50.20","E32_WS (Sector A)","27.45","68.42","100.94","0.33","317","50.12","2","0","0","1","138"
"30/7/2026, 03.50.25","E32_WS (Sector A)","27.45","68.45","100.94","0.36","325","50.12","2","0","0","1","138"
"30/7/2026, 03.50.30","E32_WS (Sector A)","27.45","68.45","100.94","0.33","330","50.12","2","0","0","1","138"
"30/7/2026, 03.50.35","E32_WS (Sector A)","27.45","68.44","100.94","0.36","341","50.12","2","0","0","1","138"
"30/7/2026, 03.50.40","E32_WS (Sector A)","27.45","68.41","100.94","0.43","343","50.12","2","0","0","1","138"
"30/7/2026, 03.50.45","E32_WS (Sector A)","27.45","68.41","100.94","0.39","337","50.12","2","0","0","1","138"
"30/7/2026, 03.50.50","E32_WS (Sector A)","27.45","68.41","100.94","0.43","336","50.12","2","0","0","1","138"
"30/7/2026, 03.50.55","E32_WS (Sector A)","27.45","68.41","100.94","0.42","335","50.12","2","0","0","1","138"
"30/7/2026, 03.51.00","E32_WS (Sector A)","27.45","68.41","100.94","0.42","332","50.12","2","0","0","1","138"
"30/7/2026, 03.51.05","E32_WS (Sector A)","27.45","68.42","100.94","0.41","332","50.12","2","0","0","1","138"
"30/7/2026, 03.51.10","E32_WS (Sector A)","27.45","68.44","100.94","0.44","335","50.12","2","0","0","1","138"
"30/7/2026, 03.51.15","E32_WS (Sector A)","27.45","68.44","100.94","0.44","343","50.12","2","0","0","1","138"
"30/7/2026, 03.51.20","E32_WS (Sector A)","27.45","68.39","100.94","0.4","345","50.12","2","0","0","1","138"
"30/7/2026, 03.51.25","E32_WS (Sector A)","27.45","68.37","100.94","0.44","347","50.12","2","0","0","1","138"
"30/7/2026, 03.51.30","E32_WS (Sector A)","27.45","68.35","100.94","0.41","345","50.12","2","0","0","1","138"
"30/7/2026, 03.51.35","E32_WS (Sector A)","27.45","68.33","100.94","0.43","336","50.12","2","0","0","1","138"
"30/7/2026, 03.51.40","E32_WS (Sector A)","27.45","68.33","100.94","0.41","342","50.12","2","0","0","1","138"
"30/7/2026, 03.51.45","E32_WS (Sector A)","27.45","68.32","100.94","0.39","322","50.12","2","0","0","1","138"
"30/7/2026, 03.51.50","E32_WS (Sector A)","27.44","68.36","100.94","0.39","325","50.12","2","0","0","1","138"
"30/7/2026, 03.51.55","E32_WS (Sector A)","27.44","68.41","100.94","0.4","322","50.12","2","0","0","1","138"
"30/7/2026, 03.52.00","E32_WS (Sector A)","27.44","68.42","100.94","0.48","325","50.12","2","0","0","1","138"
"30/7/2026, 03.52.05","E32_WS (Sector A)","27.44","68.42","100.94","0.42","328","50.12","2","0","0","1","138"
"30/7/2026, 03.52.10","E32_WS (Sector A)","27.44","68.44","100.94","0.4","324","50.12","2","0","0","1","138"
"30/7/2026, 03.52.15","E32_WS (Sector A)","27.44","68.47","100.94","0.41","336","50.12","2","0","0","1","138"
"30/7/2026, 03.52.20","E32_WS (Sector A)","27.44","68.47","100.94","0.41","336","50.12","2","0","0","1","138"
"30/7/2026, 03.52.25","E32_WS (Sector A)","27.44","68.45","100.95","0.42","338","50.12","2","0","0","1","138"
"30/7/2026, 03.52.30","E32_WS (Sector A)","27.43","68.42","100.94","0.43","322","50.12","2","0","0","1","138"
"30/7/2026, 03.52.35","E32_WS (Sector A)","27.43","68.42","100.94","0.38","326","50.12","2","0","0","1","138"
"30/7/2026, 03.52.40","E32_WS (Sector A)","27.43","68.42","100.94","0.44","308","50.12","2","0","0","1","138"
"30/7/2026, 03.52.45","E32_WS (Sector A)","27.43","68.43","100.94","0.39","330","50.12","2","0","0","1","138"
"30/7/2026, 03.52.50","E32_WS (Sector A)","27.42","68.42","100.94","0.46","336","50.12","2","0","0","1","138"
"30/7/2026, 03.52.55","E32_WS (Sector A)","27.43","68.41","100.94","0.49","337","50.12","2","0","0","1","138"
"30/7/2026, 03.53.00","E32_WS (Sector A)","27.43","68.42","100.94","0.41","352","50.12","2","0","0","1","138"
"30/7/2026, 03.53.05","E32_WS (Sector A)","27.43","68.4","100.94","0.44","352","50.12","2","0","0","1","138"
"30/7/2026, 03.53.10","E32_WS (Sector A)","27.43","68.39","100.94","0.37","337","50.12","2","0","0","1","138"
"30/7/2026, 03.53.15","E32_WS (Sector A)","27.43","68.39","100.94","0.38","318","50.12","2","0","0","1","138"
"30/7/2026, 03.53.20","E32_WS (Sector A)","27.42","68.43","100.94","0.44","351","50.12","2","0","0","1","138"
"30/7/2026, 03.53.25","E32_WS (Sector A)","27.42","68.42","100.94","0.44","303","50.12","2","0","0","1","138"
"30/7/2026, 03.53.30","E32_WS (Sector A)","27.41","68.43","100.94","0.34","344","50.12","2","0","0","1","138"
"30/7/2026, 03.53.35","E32_WS (Sector A)","27.42","68.45","100.94","0.43","339","50.12","2","0","0","1","138"
"30/7/2026, 03.53.40","E32_WS (Sector A)","27.42","68.42","100.94","0.46","294","50.12","2","0","0","1","138"
"30/7/2026, 03.53.45","E32_WS (Sector A)","27.41","68.44","100.94","0.47","320","50.12","2","0","0","1","138"
"30/7/2026, 03.53.50","E32_WS (Sector A)","27.41","68.47","100.94","0.42","322","50.12","2","0","0","1","138"
"30/7/2026, 03.53.55","E32_WS (Sector A)","27.41","68.51","100.94","0.35","317","50.12","2","0","0","1","138"
"30/7/2026, 03.54.00","E32_WS (Sector A)","27.4","68.51","100.94","0.41","335","50.12","2","0","0","1","138"
"30/7/2026, 03.54.05","E32_WS (Sector A)","27.41","68.49","100.94","0.23","318","50.12","2","0","0","1","138"
"30/7/2026, 03.54.10","E32_WS (Sector A)","27.4","68.48","100.94","0.34","328","50.12","2","0","0","1","138"
"30/7/2026, 03.54.15","E32_WS (Sector A)","27.4","68.47","100.94","0.34","310","50.12","2","0","0","1","138"
"30/7/2026, 03.54.20","E32_WS (Sector A)","27.39","68.5","100.94","0.36","306","50.12","2","0","0","2","138"
"30/7/2026, 03.54.25","E32_WS (Sector A)","27.39","68.52","100.94","0.34","300","50.12","2","0","0","1","138"
"30/7/2026, 03.54.30","E32_WS (Sector A)","27.39","68.53","100.94","0.39","312","50.12","2","0","0","1","138"
"30/7/2026, 03.54.35","E32_WS (Sector A)","27.39","68.54","100.94","0.31","326","50.12","2","0","0","1","138"
"30/7/2026, 03.54.40","E32_WS (Sector A)","27.39","68.55","100.94","0.48","324","50.12","2","0","0","1","138"
"30/7/2026, 03.54.45","E32_WS (Sector A)","27.39","68.6","100.94","0.41","308","50.12","2","0","0","1","138"
"30/7/2026, 03.54.50","E32_WS (Sector A)","27.39","68.6","100.94","0.37","327","50.12","2","0","0","1","138"
"30/7/2026, 03.54.55","E32_WS (Sector A)","27.38","68.59","100.94","0.46","329","50.12","2","0","0","1","138"
"30/7/2026, 03.55.00","E32_WS (Sector A)","27.39","68.57","100.94","0.44","329","50.12","2","0","0","1","138"
"30/7/2026, 03.55.05","E32_WS (Sector A)","27.38","68.58","100.94","0.44","335","50.12","2","0","0","1","138"
"30/7/2026, 03.55.10","E32_WS (Sector A)","27.38","68.59","100.94","0.43","338","50.12","2","0","0","1","138"
"30/7/2026, 03.55.15","E32_WS (Sector A)","27.38","68.59","100.94","0.39","323","50.12","2","0","0","1","138"
"30/7/2026, 03.55.20","E32_WS (Sector A)","27.39","68.61","100.94","0.42","328","50.12","2","0","0","1","138"
"30/7/2026, 03.55.25","E32_WS (Sector A)","27.38","68.62","100.94","0.41","333","50.12","2","0","0","1","138"
"30/7/2026, 03.55.30","E32_WS (Sector A)","27.38","68.63","100.94","0.46","335","50.12","2","0","0","1","138"
"30/7/2026, 03.55.35","E32_WS (Sector A)","27.38","68.63","100.94","0.36","339","50.12","2","0","0","1","138"
"30/7/2026, 03.55.40","E32_WS (Sector A)","27.39","68.6","100.94","0.42","343","50.12","2","0","0","1","138"
"30/7/2026, 03.55.45","E32_WS (Sector A)","27.39","68.56","100.94","0.44","340","50.12","2","0","0","1","138"
"30/7/2026, 03.55.50","E32_WS (Sector A)","27.39","68.56","100.94","0.46","354","50.12","2","0","0","1","138"
"30/7/2026, 03.55.55","E32_WS (Sector A)","27.38","68.5","100.94","0.27","320","50.12","2","0","0","1","138"
"30/7/2026, 03.56.00","E32_WS (Sector A)","27.38","68.52","100.94","0.35","328","50.12","2","0","0","1","138"
"30/7/2026, 03.56.05","E32_WS (Sector A)","27.38","68.56","100.94","0.34","325","50.12","2","0","0","1","138"
"30/7/2026, 03.56.10","E32_WS (Sector A)","27.38","68.57","100.93","0.49","347","50.12","2","0","0","1","138"
"30/7/2026, 03.56.15","E32_WS (Sector A)","27.38","68.54","100.94","0.42","307","50.12","2","0","0","1","138"
"30/7/2026, 03.56.20","E32_WS (Sector A)","27.38","68.54","100.94","0.34","311","50.12","2","0","0","1","138"
"30/7/2026, 03.56.25","E32_WS (Sector A)","27.38","68.57","100.94","0.51","328","50.12","2","0","0","1","138"
"30/7/2026, 03.56.30","E32_WS (Sector A)","27.38","68.61","100.94","0.48","332","50.12","2","0","0","1","138"
"30/7/2026, 03.56.35","E32_WS (Sector A)","27.38","68.6","100.94","0.56","320","50.12","2","0","0","1","138"
"30/7/2026, 03.56.40","E32_WS (Sector A)","27.38","68.6","100.94","0.54","330","50.12","2","0","0","1","138"
"30/7/2026, 03.56.45","E32_WS (Sector A)","27.38","68.58","100.94","0.56","326","50.12","2","0","0","1","138"
"30/7/2026, 03.56.50","E32_WS (Sector A)","27.38","68.6","100.94","0.44","322","50.12","2","0","0","1","138"
"30/7/2026, 03.56.55","E32_WS (Sector A)","27.38","68.6","100.94","0.47","336","50.12","2","0","0","1","138"
"30/7/2026, 03.57.00","E32_WS (Sector A)","27.38","68.6","100.94","0.47","334","50.12","2","0","0","1","138"
"30/7/2026, 03.57.05","E32_WS (Sector A)","27.38","68.58","100.94","0.44","336","50.12","2","0","0","1","138"
"30/7/2026, 03.57.10","E32_WS (Sector A)","27.38","68.57","100.94","0.45","344","50.12","2","0","0","1","138"
"30/7/2026, 03.57.15","E32_WS (Sector A)","27.38","68.55","100.94","0.5","338","50.12","2","0","0","1","138"
"30/7/2026, 03.57.20","E32_WS (Sector A)","27.38","68.52","100.94","0.45","341","50.12","2","0","0","1","138"
"30/7/2026, 03.57.25","E32_WS (Sector A)","27.38","68.51","100.94","0.38","343","50.12","2","0","0","1","138"
"30/7/2026, 03.57.30","E32_WS (Sector A)","27.38","68.49","100.94","0.41","345","50.12","2","0","0","1","138"
"30/7/2026, 03.57.35","E32_WS (Sector A)","27.38","68.49","100.94","0.52","336","50.12","2","0","0","1","138"
"30/7/2026, 03.57.40","E32_WS (Sector A)","27.38","68.48","100.94","0.45","329","50.12","2","0","0","1","138"
"30/7/2026, 03.57.45","E32_WS (Sector A)","27.38","68.51","100.94","0.25","339","50.12","2","0","0","1","138"
"30/7/2026, 03.57.50","E32_WS (Sector A)","27.38","68.46","100.94","0.38","310","50.12","2","0","0","1","138"
"30/7/2026, 03.57.55","E32_WS (Sector A)","27.38","68.52","100.94","0.38","335","50.12","2","0","0","1","138"
"30/7/2026, 03.58.00","E32_WS (Sector A)","27.38","68.56","100.94","0.44","319","50.12","2","0","0","1","138"
"30/7/2026, 03.58.05","E32_WS (Sector A)","27.38","68.6","100.94","0.3","318","50.12","2","0","0","1","138"
"30/7/2026, 03.58.10","E32_WS (Sector A)","27.37","68.61","100.94","0.42","314","50.12","2","0","0","2","138"
"30/7/2026, 03.58.15","E32_WS (Sector A)","27.37","68.62","100.94","0.41","313","50.12","2","0","0","1","138"
"30/7/2026, 03.58.20","E32_WS (Sector A)","27.37","68.61","100.94","0.37","338","50.12","2","0","0","1","138"
"30/7/2026, 03.58.25","E32_WS (Sector A)","27.37","68.62","100.94","0.42","320","50.12","2","0","0","1","138"
"30/7/2026, 03.58.30","E32_WS (Sector A)","27.37","68.62","100.94","0.46","344","50.12","2","0","0","1","138"
"30/7/2026, 03.58.35","E32_WS (Sector A)","27.37","68.62","100.94","0.4","346","50.12","2","0","0","1","138"
"30/7/2026, 03.58.40","E32_WS (Sector A)","27.38","68.58","100.94","0.41","337","50.12","2","0","0","1","138"
"30/7/2026, 03.58.45","E32_WS (Sector A)","27.37","68.57","100.94","0.45","327","50.12","2","0","0","1","138"
"30/7/2026, 03.58.50","E32_WS (Sector A)","27.37","68.56","100.94","0.44","321","50.12","2","0","0","1","138"
"30/7/2026, 03.58.55","E32_WS (Sector A)","27.37","68.58","100.94","0.4","329","50.12","2","0","0","1","138"
"30/7/2026, 03.59.00","E32_WS (Sector A)","27.37","68.62","100.94","0.37","319","50.12","2","0","0","2","138"
"30/7/2026, 03.59.05","E32_WS (Sector A)","27.37","68.62","100.93","0.36","339","50.12","2","0","0","1","138"
"30/7/2026, 03.59.10","E32_WS (Sector A)","27.37","68.63","100.94","0.42","335","50.12","2","0","0","1","138"
"30/7/2026, 03.59.15","E32_WS (Sector A)","27.37","68.64","100.94","0.42","321","50.12","2","0","0","1","138"
"30/7/2026, 03.59.20","E32_WS (Sector A)","27.37","68.69","100.94","0.42","328","50.12","2","0","0","1","138"
"30/7/2026, 03.59.25","E32_WS (Sector A)","27.37","68.71","100.94","0.48","327","50.12","2","0","0","1","138"
"30/7/2026, 03.59.30","E32_WS (Sector A)","27.37","68.72","100.94","0.46","326","50.12","2","0","0","1","138"
"30/7/2026, 03.59.35","E32_WS (Sector A)","27.37","68.71","100.94","0.46","328","50.12","2","0","0","1","138"
"30/7/2026, 03.59.40","E32_WS (Sector A)","27.37","68.69","100.93","0.41","325","50.12","2","0","0","1","138"
"30/7/2026, 03.59.45","E32_WS (Sector A)","27.37","68.68","100.94","0.42","327","50.12","2","0","0","1","138"
"30/7/2026, 03.59.50","E32_WS (Sector A)","27.37","68.68","100.94","0.4","334","50.12","2","0","0","1","138"
"30/7/2026, 03.59.55","E32_WS (Sector A)","27.37","68.66","100.94","0.41","343","50.12","2","0","0","1","138"
"30/7/2026, 04.00.00","E32_WS (Sector A)","27.37","68.65","100.94","0.47","330","50.12","2","0","0","1","138"
"30/7/2026, 04.00.05","E32_WS (Sector A)","27.37","68.65","100.94","0.54","327","50.12","2","0","0","1","138"
"30/7/2026, 04.00.10","E32_WS (Sector A)","27.37","68.65","100.94","0.53","329","50.12","2","0","0","1","138"
"30/7/2026, 04.00.15","E32_WS (Sector A)","27.37","68.63","100.94","0.47","346","50.12","2","0","0","1","138"
"30/7/2026, 04.00.20","E32_WS (Sector A)","27.37","68.63","100.94","0.42","325","50.12","2","0","0","1","138"
"30/7/2026, 04.00.25","E32_WS (Sector A)","27.36","68.67","100.93","0.42","317","50.12","2","0","0","2","138"
"30/7/2026, 04.00.30","E32_WS (Sector A)","27.36","68.74","100.94","0.37","326","50.12","2","0","0","1","138"
"30/7/2026, 04.00.35","E32_WS (Sector A)","27.37","68.74","100.94","0.31","343","50.12","2","0","0","1","138"
"30/7/2026, 04.00.40","E32_WS (Sector A)","27.36","68.71","100.94","0.67","347","50.12","2","0","0","1","138"
"30/7/2026, 04.00.45","E32_WS (Sector A)","27.37","68.63","100.94","0.6","335","50.12","2","0","0","1","138"
"30/7/2026, 04.00.50","E32_WS (Sector A)","27.37","68.62","100.94","0.48","338","50.12","2","0","0","1","138"
"30/7/2026, 04.00.55","E32_WS (Sector A)","27.37","68.61","100.94","0.39","348","50.12","2","0","0","1","138"
"30/7/2026, 04.01.00","E32_WS (Sector A)","27.36","68.58","100.94","0.4","358","50.12","2","0","0","1","138"
"30/7/2026, 04.01.05","E32_WS (Sector A)","27.37","68.55","100.94","0.35","344","50.12","2","0","0","1","138"
"30/7/2026, 04.01.10","E32_WS (Sector A)","27.36","68.56","100.94","0.38","313","50.12","2","0","0","1","138"
"30/7/2026, 04.01.15","E32_WS (Sector A)","27.36","68.6","100.94","0.48","325","50.12","2","0","0","1","138"
"30/7/2026, 04.01.20","E32_WS (Sector A)","27.36","68.63","100.94","0.46","306","50.12","2","0","0","1","138"
"30/7/2026, 04.01.25","E32_WS (Sector A)","27.36","68.64","100.94","0.43","350","50.12","2","0","0","1","138"
"30/7/2026, 04.01.30","E32_WS (Sector A)","27.36","68.64","100.94","0.44","336","50.12","2","0","0","2","138"
"30/7/2026, 04.01.35","E32_WS (Sector A)","27.36","68.62","100.94","0.38","331","50.12","2","0","0","2","138"
"30/7/2026, 04.01.40","E32_WS (Sector A)","27.36","68.62","100.94","0.48","340","50.12","2","0","0","2","138"
"30/7/2026, 04.01.45","E32_WS (Sector A)","27.36","68.62","100.94","0.37","322","50.12","2","0","0","2","138"
"30/7/2026, 04.01.50","E32_WS (Sector A)","27.36","68.64","100.93","0.46","341","50.12","2","0","0","1","138"
"30/7/2026, 04.01.55","E32_WS (Sector A)","27.36","68.59","100.93","0.53","337","50.12","2","0","0","1","138"
"30/7/2026, 04.02.00","E32_WS (Sector A)","27.36","68.59","100.93","0.39","322","50.12","2","0","0","1","138"
"30/7/2026, 04.02.05","E32_WS (Sector A)","27.36","68.61","100.94","0.4","317","50.12","2","0","0","2","138"
"30/7/2026, 04.02.10","E32_WS (Sector A)","27.35","68.69","100.93","0.39","311","50.12","2","0","0","1","138"
"30/7/2026, 04.02.15","E32_WS (Sector A)","27.35","68.68","100.94","0.52","340","50.12","2","0","0","1","138"
"30/7/2026, 04.02.20","E32_WS (Sector A)","27.35","68.67","100.93","0.49","339","50.12","2","0","0","1","138"
"30/7/2026, 04.02.25","E32_WS (Sector A)","27.35","68.66","100.94","0.42","340","50.12","2","0","0","1","138"
"30/7/2026, 04.02.30","E32_WS (Sector A)","27.35","68.63","100.94","0.37","343","50.12","2","0","0","1","138"
"30/7/2026, 04.02.35","E32_WS (Sector A)","27.35","68.6","100.93","0.47","335","50.12","2","0","0","1","138"
"30/7/2026, 04.02.40","E32_WS (Sector A)","27.36","68.59","100.94","0.47","334","50.12","2","0","0","1","138"
"30/7/2026, 04.02.45","E32_WS (Sector A)","27.35","68.59","100.93","0.47","329","50.12","2","0","0","1","138"
"30/7/2026, 04.02.50","E32_WS (Sector A)","27.35","68.6","100.94","0.46","329","50.12","2","0","0","1","138"
"30/7/2026, 04.02.55","E32_WS (Sector A)","27.35","68.61","100.93","0.49","308","50.12","2","0","0","1","138"
"30/7/2026, 04.03.00","E32_WS (Sector A)","27.35","68.59","100.93","0.46","346","50.12","2","0","0","1","138"
"30/7/2026, 04.03.05","E32_WS (Sector A)","27.34","68.57","100.94","0.38","347","50.12","2","0","0","1","138"
"30/7/2026, 04.03.10","E32_WS (Sector A)","27.34","68.54","100.93","0.38","304","50.12","2","0","0","1","138"
"30/7/2026, 04.03.15","E32_WS (Sector A)","27.34","68.56","100.93","0.26","330","50.12","2","0","0","1","138"
"30/7/2026, 04.03.20","E32_WS (Sector A)","27.35","68.58","100.94","0.41","315","50.12","2","0","0","1","138"
"30/7/2026, 04.03.25","E32_WS (Sector A)","27.34","68.58","100.93","0.51","325","50.12","2","0","0","2","138"
"30/7/2026, 04.03.30","E32_WS (Sector A)","27.34","68.61","100.93","0.51","328","50.12","2","0","0","1","138"
"30/7/2026, 04.03.35","E32_WS (Sector A)","27.34","68.64","100.93","0.38","312","50.12","2","0","0","1","138"
"30/7/2026, 04.03.40","E32_WS (Sector A)","27.34","68.66","100.93","0.48","306","50.12","2","0","0","1","138"
"30/7/2026, 04.03.45","E32_WS (Sector A)","27.34","68.68","100.93","0.61","331","50.12","2","0","0","2","138"
"30/7/2026, 04.03.50","E32_WS (Sector A)","27.34","68.7","100.93","0.48","317","50.12","2","0","0","1","138"
"30/7/2026, 04.03.55","E32_WS (Sector A)","27.34","68.67","100.94","0.45","321","50.12","2","0","0","2","138"
"30/7/2026, 04.04.00","E32_WS (Sector A)","27.34","68.66","100.94","0.41","319","50.12","2","0","0","1","138"
"30/7/2026, 04.04.05","E32_WS (Sector A)","27.33","68.67","100.93","0.4","334","50.12","2","0","0","1","138"
"30/7/2026, 04.04.10","E32_WS (Sector A)","27.33","68.69","100.94","0.45","333","50.12","2","0","0","1","138"
"30/7/2026, 04.04.15","E32_WS (Sector A)","27.34","68.69","100.94","0.46","327","50.12","2","0","0","1","138"
"30/7/2026, 04.04.20","E32_WS (Sector A)","27.33","68.69","100.93","0.45","333","50.12","2","0","0","1","138"
"30/7/2026, 04.04.25","E32_WS (Sector A)","27.33","68.66","100.93","0.44","335","50.12","2","0","0","1","138"
"30/7/2026, 04.04.30","E32_WS (Sector A)","27.33","68.64","100.93","0.43","354","50.12","2","0","0","1","138"
"30/7/2026, 04.04.35","E32_WS (Sector A)","27.34","68.61","100.94","0.46","348","50.12","2","0","0","1","138"
"30/7/2026, 04.04.40","E32_WS (Sector A)","27.33","68.58","100.93","0.41","347","50.12","2","0","0","1","138"
"30/7/2026, 04.04.45","E32_WS (Sector A)","27.34","68.54","100.93","0.33","348","50.12","2","0","0","1","138"
"30/7/2026, 04.04.50","E32_WS (Sector A)","27.34","68.53","100.93","0.41","344","50.12","2","0","0","2","138"
"30/7/2026, 04.04.55","E32_WS (Sector A)","27.34","68.5","100.93","0.32","331","50.12","2","0","0","1","138"
"30/7/2026, 04.05.00","E32_WS (Sector A)","27.34","68.52","100.93","0.48","338","50.12","2","0","0","1","138"
"30/7/2026, 04.05.05","E32_WS (Sector A)","27.34","68.52","100.93","0.6","346","50.12","2","0","0","1","138"
"30/7/2026, 04.05.10","E32_WS (Sector A)","27.34","68.5","100.93","0.53","340","50.12","2","0","0","1","138"
"30/7/2026, 04.05.15","E32_WS (Sector A)","27.34","68.51","100.93","0.52","341","50.12","2","0","0","1","138"
"30/7/2026, 04.05.20","E32_WS (Sector A)","27.34","68.52","100.93","0.45","326","50.12","2","0","0","2","138"
"30/7/2026, 04.05.25","E32_WS (Sector A)","27.34","68.56","100.93","0.42","306","50.12","2","0","0","2","138"
"30/7/2026, 04.05.30","E32_WS (Sector A)","27.33","68.63","100.93","0.48","317","50.12","2","0","0","1","138"
"30/7/2026, 04.05.35","E32_WS (Sector A)","27.33","68.66","100.93","0.53","336","50.12","2","0","0","2","138"
"30/7/2026, 04.05.40","E32_WS (Sector A)","27.33","68.66","100.93","0.55","351","50.12","2","0","0","2","138"
"30/7/2026, 04.05.45","E32_WS (Sector A)","27.34","68.61","100.93","0.57","335","50.12","2","0","0","1","138"
"30/7/2026, 04.05.50","E32_WS (Sector A)","27.33","68.61","100.93","0.61","336","50.12","2","0","0","2","138"
"30/7/2026, 04.05.55","E32_WS (Sector A)","27.34","68.65","100.93","0.41","341","50.12","2","0","0","1","138"
"30/7/2026, 04.06.00","E32_WS (Sector A)","27.33","68.64","100.93","0.35","317","50.12","2","0","0","1","138"
"30/7/2026, 04.06.05","E32_WS (Sector A)","27.33","68.61","100.93","0.35","331","50.12","2","0","0","1","138"
"30/7/2026, 04.06.10","E32_WS (Sector A)","27.33","68.59","100.93","0.52","295","50.12","2","0","0","1","138"
"30/7/2026, 04.06.15","E32_WS (Sector A)","27.32","68.61","100.93","0.33","315","50.12","2","0","0","1","138"
"30/7/2026, 04.06.20","E32_WS (Sector A)","27.32","68.6","100.93","0.39","336","50.12","2","0","0","2","138"
"30/7/2026, 04.06.25","E32_WS (Sector A)","27.32","68.61","100.93","0.54","275","50.12","2","0","0","2","138"
"30/7/2026, 04.06.30","E32_WS (Sector A)","27.31","68.6","100.93","0.29","314","50.12","2","0","0","2","138"
"30/7/2026, 04.06.35","E32_WS (Sector A)","27.31","68.59","100.93","0.33","346","50.12","2","0","0","2","138"
"30/7/2026, 04.06.40","E32_WS (Sector A)","27.31","68.59","100.93","0.19","326","50.12","2","0","0","2","138"
"30/7/2026, 04.06.45","E32_WS (Sector A)","27.31","68.61","100.93","0.42","309","50.12","2","0","0","2","138"
"30/7/2026, 04.06.50","E32_WS (Sector A)","27.31","68.66","100.93","0.45","302","50.12","2","0","0","2","138"
"30/7/2026, 04.06.55","E32_WS (Sector A)","27.31","68.68","100.93","0.4","320","50.12","2","0","0","1","138"
"30/7/2026, 04.07.00","E32_WS (Sector A)","27.3","68.67","100.93","0.45","2","50.12","2","0","0","1","138"
"30/7/2026, 04.07.05","E32_WS (Sector A)","27.3","68.62","100.93","0.33","313","50.12","2","0","0","2","138"
"30/7/2026, 04.07.10","E32_WS (Sector A)","27.3","68.62","100.93","0.49","281","50.12","2","0","0","2","138"
"30/7/2026, 04.07.15","E32_WS (Sector A)","27.29","68.63","100.93","0.26","326","50.12","2","0","0","2","138"
"30/7/2026, 04.07.20","E32_WS (Sector A)","27.29","68.62","100.93","0.28","339","50.12","2","0","0","2","138"
"30/7/2026, 04.07.25","E32_WS (Sector A)","27.29","68.63","100.93","0.09","19","50.12","2","0","0","2","138"
"30/7/2026, 04.07.30","E32_WS (Sector A)","27.29","68.61","100.93","0.25","338","50.12","2","0","0","2","138"
"30/7/2026, 04.07.35","E32_WS (Sector A)","27.29","68.62","100.93","0.22","320","50.12","2","0","0","1","138"
"30/7/2026, 04.07.40","E32_WS (Sector A)","27.29","68.66","100.93","0.28","331","50.12","2","0","0","1","138"
"30/7/2026, 04.07.45","E32_WS (Sector A)","27.29","68.63","100.93","0.29","357","50.12","2","0","0","1","138"
"30/7/2026, 04.07.50","E32_WS (Sector A)","27.29","68.61","100.93","0.38","327","50.12","2","0","0","1","138"
"30/7/2026, 04.07.55","E32_WS (Sector A)","27.29","68.62","100.93","0.27","337","50.12","2","0","0","2","138"
"30/7/2026, 04.08.00","E32_WS (Sector A)","27.29","68.61","100.93","0.27","314","50.12","2","0","0","2","138"
"30/7/2026, 04.08.05","E32_WS (Sector A)","27.29","68.63","100.93","0.33","353","50.12","2","0","0","2","138"
"30/7/2026, 04.08.10","E32_WS (Sector A)","27.29","68.62","100.93","0.41","351","50.12","2","0","0","1","138"
"30/7/2026, 04.08.15","E32_WS (Sector A)","27.29","68.6","100.93","0.4","326","50.12","2","0","0","2","138"
"30/7/2026, 04.08.20","E32_WS (Sector A)","27.29","68.61","100.93","0.37","332","50.12","2","0","0","1","138"
"30/7/2026, 04.08.25","E32_WS (Sector A)","27.29","68.64","100.93","0.25","344","50.12","2","0","0","2","138"
"30/7/2026, 04.08.30","E32_WS (Sector A)","27.29","68.64","100.93","0.27","327","50.12","2","0","0","1","138"
"30/7/2026, 04.08.35","E32_WS (Sector A)","27.28","68.67","100.93","0.37","319","50.12","2","0","0","2","138"
"30/7/2026, 04.08.40","E32_WS (Sector A)","27.28","68.74","100.93","0.53","338","50.12","2","0","0","1","138"
"30/7/2026, 04.08.45","E32_WS (Sector A)","27.28","68.72","100.93","0.45","352","50.12","2","0","0","1","138"
"30/7/2026, 04.08.50","E32_WS (Sector A)","27.28","68.7","100.93","0.46","354","50.12","2","0","0","2","138"
"30/7/2026, 04.08.55","E32_WS (Sector A)","27.28","68.66","100.93","0.51","356","50.12","2","0","0","1","138"
"30/7/2026, 04.09.00","E32_WS (Sector A)","27.29","68.63","100.93","0.36","327","50.12","2","0","0","1","138"
"30/7/2026, 04.09.05","E32_WS (Sector A)","27.29","68.65","100.93","0.36","337","50.12","2","0","0","1","138"
"30/7/2026, 04.09.10","E32_WS (Sector A)","27.29","68.67","100.93","0.45","340","50.12","2","0","0","1","138"
"30/7/2026, 04.09.15","E32_WS (Sector A)","27.29","68.72","100.93","0.45","339","50.12","2","0","0","1","138"
"30/7/2026, 04.09.20","E32_WS (Sector A)","27.28","68.73","100.93","0.41","328","50.12","2","0","0","2","138"
"30/7/2026, 04.09.25","E32_WS (Sector A)","27.28","68.72","100.93","0.33","280","50.12","2","0","0","1","138"
"30/7/2026, 04.09.30","E32_WS (Sector A)","27.28","68.68","100.93","0.21","326","50.12","2","0","0","2","138"
"30/7/2026, 04.09.35","E32_WS (Sector A)","27.28","68.68","100.93","0.47","272","50.12","2","0","0","1","138"
"30/7/2026, 04.09.40","E32_WS (Sector A)","27.28","68.73","100.93","0.46","287","50.12","2","0","0","1","138"
"30/7/2026, 04.09.45","E32_WS (Sector A)","27.27","68.75","100.93","0.4","297","50.12","2","0","0","1","138"
"30/7/2026, 04.09.50","E32_WS (Sector A)","27.27","68.76","100.93","0.39","350","50.12","2","0","0","1","138"
"30/7/2026, 04.09.55","E32_WS (Sector A)","27.28","68.75","100.93","0.31","339","50.12","2","0","0","1","138"
"30/7/2026, 04.10.00","E32_WS (Sector A)","27.27","68.71","100.93","0.31","333","50.12","2","0","0","1","138"
"30/7/2026, 04.10.05","E32_WS (Sector A)","27.27","68.67","100.93","0.49","359","50.12","2","0","0","1","138"
"30/7/2026, 04.10.10","E32_WS (Sector A)","27.27","68.66","100.93","0.49","337","50.12","2","0","0","1","138"
"30/7/2026, 04.10.15","E32_WS (Sector A)","27.27","68.65","100.93","0.31","325","50.12","2","0","0","2","138"
"30/7/2026, 04.10.20","E32_WS (Sector A)","27.27","68.66","100.93","0.4","315","50.12","2","0","0","1","138"
"30/7/2026, 04.10.25","E32_WS (Sector A)","27.28","68.76","100.93","0.47","315","50.12","2","0","0","2","138"
"30/7/2026, 04.10.30","E32_WS (Sector A)","27.27","68.82","100.93","0.53","326","50.12","2","0","0","2","138"
"30/7/2026, 04.10.35","E32_WS (Sector A)","27.27","68.83","100.93","0.53","331","50.12","2","0","0","2","138"
"30/7/2026, 04.10.40","E32_WS (Sector A)","27.27","68.85","100.93","0.44","332","50.12","2","0","0","1","138"
"30/7/2026, 04.10.45","E32_WS (Sector A)","27.28","68.85","100.93","0.48","343","50.12","2","0","0","1","138"
"30/7/2026, 04.10.50","E32_WS (Sector A)","27.27","68.81","100.93","0.21","313","50.12","2","0","0","1","138"
"30/7/2026, 04.10.55","E32_WS (Sector A)","27.27","68.76","100.93","0.28","343","50.12","2","0","0","1","138"
"30/7/2026, 04.11.00","E32_WS (Sector A)","27.27","68.72","100.93","0.39","323","50.12","2","0","0","1","138"
"30/7/2026, 04.11.05","E32_WS (Sector A)","27.27","68.79","100.93","0.46","332","50.12","2","0","0","2","138"
"30/7/2026, 04.11.10","E32_WS (Sector A)","27.27","68.82","100.93","0.43","336","50.12","2","0","0","1","138"
"30/7/2026, 04.11.15","E32_WS (Sector A)","27.27","68.83","100.93","0.36","333","50.12","2","0","0","1","138"
"30/7/2026, 04.11.20","E32_WS (Sector A)","27.28","68.81","100.93","0.42","297","50.12","2","0","0","1","138"
"30/7/2026, 04.11.25","E32_WS (Sector A)","27.27","68.78","100.93","0.39","329","50.12","2","0","0","2","138"
"30/7/2026, 04.11.30","E32_WS (Sector A)","27.27","68.75","100.93","0.43","346","50.12","2","0","0","1","138"
"30/7/2026, 04.11.35","E32_WS (Sector A)","27.27","68.73","100.93","0.35","343","50.12","2","0","0","1","138"
"30/7/2026, 04.11.40","E32_WS (Sector A)","27.27","68.7","100.93","0.45","341","50.12","2","0","0","1","138"
"30/7/2026, 04.11.45","E32_WS (Sector A)","27.28","68.71","100.93","0.42","327","50.12","2","0","0","1","138"
"30/7/2026, 04.11.50","E32_WS (Sector A)","27.28","68.71","100.93","0.44","332","50.12","2","0","0","1","138"
"30/7/2026, 04.11.55","E32_WS (Sector A)","27.28","68.71","100.93","0.5","338","50.12","2","0","0","1","138"
"30/7/2026, 04.12.00","E32_WS (Sector A)","27.28","68.7","100.93","0.52","337","50.12","2","0","0","1","138"
"30/7/2026, 04.12.05","E32_WS (Sector A)","27.28","68.68","100.93","0.41","348","50.12","2","0","0","1","138"
"30/7/2026, 04.12.10","E32_WS (Sector A)","27.28","68.63","100.93","0.43","348","50.12","2","0","0","1","138"
"30/7/2026, 04.12.15","E32_WS (Sector A)","27.28","68.61","100.93","0.53","1","50.12","2","0","0","1","138"
"30/7/2026, 04.12.20","E32_WS (Sector A)","27.28","68.59","100.93","0.36","333","50.12","2","0","0","2","138"
"30/7/2026, 04.12.25","E32_WS (Sector A)","27.28","68.59","100.93","0.35","329","50.12","2","0","0","1","138"
"30/7/2026, 04.12.30","E32_WS (Sector A)","27.28","68.59","100.93","0.41","347","50.12","2","0","0","2","138"
"30/7/2026, 04.12.35","E32_WS (Sector A)","27.28","68.58","100.93","0.43","339","50.12","2","0","0","2","138"
"30/7/2026, 04.12.40","E32_WS (Sector A)","27.28","68.57","100.93","0.42","330","50.12","2","0","0","2","138"
"30/7/2026, 04.12.45","E32_WS (Sector A)","27.28","68.58","100.93","0.28","345","50.12","2","0","0","2","138"
"30/7/2026, 04.12.50","E32_WS (Sector A)","27.28","68.58","100.93","0.21","314","50.12","2","0","0","2","138"
"30/7/2026, 04.12.55","E32_WS (Sector A)","27.28","68.64","100.93","0.41","315","50.12","2","0","0","2","138"
"30/7/2026, 04.13.00","E32_WS (Sector A)","27.28","68.7","100.93","0.42","326","50.12","2","0","0","1","138"
"30/7/2026, 04.13.05","E32_WS (Sector A)","27.28","68.71","100.93","0.53","321","50.12","2","0","0","1","138"
"30/7/2026, 04.13.10","E32_WS (Sector A)","27.28","68.72","100.93","0.44","344","50.12","2","0","0","1","138"
"30/7/2026, 04.13.15","E32_WS (Sector A)","27.28","68.69","100.93","0.51","340","50.12","2","0","0","1","138"
"30/7/2026, 04.13.20","E32_WS (Sector A)","27.28","68.67","100.93","0.5","352","50.12","2","0","0","1","138"
"30/7/2026, 04.13.25","E32_WS (Sector A)","27.28","68.61","100.93","0.7","347","50.12","2","0","0","1","138"
"30/7/2026, 04.13.30","E32_WS (Sector A)","27.28","68.59","100.93","0.67","343","50.12","2","0","0","1","138"
"30/7/2026, 04.13.35","E32_WS (Sector A)","27.28","68.58","100.93","0.44","334","50.12","2","0","0","2","138"
"30/7/2026, 04.13.40","E32_WS (Sector A)","27.28","68.58","100.93","0.37","331","50.12","2","0","0","1","138"
"30/7/2026, 04.13.45","E32_WS (Sector A)","27.28","68.59","100.93","0.42","334","50.12","2","0","0","1","138"
"30/7/2026, 04.13.50","E32_WS (Sector A)","27.28","68.61","100.93","0.43","340","50.12","2","0","0","1","138"
"30/7/2026, 04.13.55","E32_WS (Sector A)","27.28","68.62","100.93","0.49","328","50.12","2","0","0","1","138"
"30/7/2026, 04.14.00","E32_WS (Sector A)","27.29","68.62","100.93","0.36","326","50.12","2","0","0","1","138"
"30/7/2026, 04.14.05","E32_WS (Sector A)","27.28","68.6","100.92","0.21","308","50.12","2","0","0","1","138"
"30/7/2026, 04.14.10","E32_WS (Sector A)","27.28","68.59","100.93","0.31","321","50.12","2","0","0","1","138"
"30/7/2026, 04.14.15","E32_WS (Sector A)","27.27","68.58","100.93","0.27","304","50.12","2","0","0","2","138"
"30/7/2026, 04.14.20","E32_WS (Sector A)","27.28","68.62","100.92","0.47","325","50.12","2","0","0","1","138"
"30/7/2026, 04.14.25","E32_WS (Sector A)","27.28","68.68","100.93","0.54","332","50.12","2","0","0","2","138"
"30/7/2026, 04.14.30","E32_WS (Sector A)","27.28","68.73","100.93","0.6","334","50.12","2","0","0","1","138"
"30/7/2026, 04.14.35","E32_WS (Sector A)","27.28","68.7","100.93","0.61","344","50.12","2","0","0","1","138"
"30/7/2026, 04.14.40","E32_WS (Sector A)","27.28","68.64","100.93","0.59","342","50.12","2","0","0","1","138"
"30/7/2026, 04.14.45","E32_WS (Sector A)","27.28","68.61","100.92","0.65","350","50.12","2","0","0","1","138"
"30/7/2026, 04.14.50","E32_WS (Sector A)","27.28","68.58","100.92","0.73","341","50.12","2","0","0","1","138"
"30/7/2026, 04.14.55","E32_WS (Sector A)","27.28","68.57","100.92","0.64","346","50.12","2","0","0","1","138"
"30/7/2026, 04.15.00","E32_WS (Sector A)","27.28","68.58","100.92","0.41","339","50.12","2","0","0","1","138"
"30/7/2026, 04.15.05","E32_WS (Sector A)","27.29","68.58","100.93","0.36","6","50.12","2","0","0","1","138"
"30/7/2026, 04.15.10","E32_WS (Sector A)","27.28","68.57","100.92","0.36","313","50.12","2","0","0","1","138"
"30/7/2026, 04.15.15","E32_WS (Sector A)","27.28","68.59","100.92","0.37","323","50.12","2","0","0","1","138"
"30/7/2026, 04.15.20","E32_WS (Sector A)","27.28","68.62","100.92","0.4","324","50.12","2","0","0","2","138"
"30/7/2026, 04.15.25","E32_WS (Sector A)","27.28","68.68","100.92","0.32","337","50.12","2","0","0","1","138"
"30/7/2026, 04.15.30","E32_WS (Sector A)","27.28","68.7","100.92","0.43","326","50.12","2","0","0","1","138"
"30/7/2026, 04.15.35","E32_WS (Sector A)","27.28","68.7","100.92","0.42","343","50.12","2","0","0","1","138"
"30/7/2026, 04.15.40","E32_WS (Sector A)","27.28","68.71","100.92","0.43","329","50.12","2","0","0","1","138"
"30/7/2026, 04.15.45","E32_WS (Sector A)","27.28","68.69","100.92","0.5","334","50.12","2","0","0","1","138"
"30/7/2026, 04.15.50","E32_WS (Sector A)","27.28","68.69","100.92","0.51","334","50.12","2","0","0","1","138"
"30/7/2026, 04.15.55","E32_WS (Sector A)","27.28","68.69","100.92","0.43","340","50.12","2","0","0","1","138"
"30/7/2026, 04.16.00","E32_WS (Sector A)","27.28","68.67","100.92","0.32","351","50.12","2","0","0","1","138"
"30/7/2026, 04.16.05","E32_WS (Sector A)","27.28","68.59","100.93","0.55","319","50.12","2","0","0","2","138"
"30/7/2026, 04.16.10","E32_WS (Sector A)","27.28","68.59","100.92","0.6","318","50.12","2","0","0","1","138"
"30/7/2026, 04.16.15","E32_WS (Sector A)","27.27","68.6","100.92","0.48","322","50.12","2","0","0","1","138"
"30/7/2026, 04.16.20","E32_WS (Sector A)","27.27","68.65","100.92","0.45","321","50.12","2","0","0","1","138"
"30/7/2026, 04.16.25","E32_WS (Sector A)","27.28","68.68","100.92","0.39","327","50.12","2","0","0","1","138"
"30/7/2026, 04.16.30","E32_WS (Sector A)","27.27","68.67","100.92","0.34","324","50.12","2","0","0","1","138"
"30/7/2026, 04.16.35","E32_WS (Sector A)","27.27","68.64","100.93","0.43","303","50.12","2","0","0","1","138"
"30/7/2026, 04.16.40","E32_WS (Sector A)","27.27","68.64","100.92","0.41","321","50.12","2","0","0","1","138"
"30/7/2026, 04.16.45","E32_WS (Sector A)","27.27","68.66","100.92","0.41","325","50.12","2","0","0","1","138"
"30/7/2026, 04.16.50","E32_WS (Sector A)","27.27","68.67","100.93","0.33","339","50.12","2","0","0","1","138"
"30/7/2026, 04.16.55","E32_WS (Sector A)","27.27","68.66","100.92","0.38","348","50.12","2","0","0","1","138"
"30/7/2026, 04.17.00","E32_WS (Sector A)","27.27","68.63","100.92","0.5","344","50.12","2","0","0","1","138"
"30/7/2026, 04.17.05","E32_WS (Sector A)","27.27","68.6","100.93","0.45","343","50.12","2","0","0","1","138"
"30/7/2026, 04.17.10","E32_WS (Sector A)","27.27","68.59","100.93","0.51","343","50.12","2","0","0","1","138"
"30/7/2026, 04.17.15","E32_WS (Sector A)","27.27","68.56","100.93","0.57","324","50.12","2","0","0","1","138"
"30/7/2026, 04.17.20","E32_WS (Sector A)","27.27","68.51","100.93","0.32","289","50.12","2","0","0","1","138"
"30/7/2026, 04.17.25","E32_WS (Sector A)","27.26","68.53","100.93","0.56","310","50.12","2","0","0","1","138"
"30/7/2026, 04.17.30","E32_WS (Sector A)","27.26","68.52","100.93","0.37","287","50.12","2","0","0","1","138"
"30/7/2026, 04.17.35","E32_WS (Sector A)","27.25","68.49","100.93","0.44","333","50.12","2","0","0","1","138"
"30/7/2026, 04.17.40","E32_WS (Sector A)","27.26","68.48","100.93","0.39","323","50.12","2","0","0","1","138"
"30/7/2026, 04.17.45","E32_WS (Sector A)","27.25","68.48","100.93","0.38","306","50.12","2","0","0","1","138"
"30/7/2026, 04.17.50","E32_WS (Sector A)","27.25","68.49","100.93","0.38","303","50.12","2","0","0","1","138"
"30/7/2026, 04.17.55","E32_WS (Sector A)","27.24","68.49","100.93","0.33","321","50.12","2","0","0","1","138"
"30/7/2026, 04.18.00","E32_WS (Sector A)","27.25","68.49","100.93","0.32","331","50.12","2","0","0","1","138"
"30/7/2026, 04.18.05","E32_WS (Sector A)","27.24","68.52","100.93","0.37","317","50.12","2","0","0","1","138"
"30/7/2026, 04.18.10","E32_WS (Sector A)","27.24","68.54","100.92","0.35","309","50.12","2","0","0","1","138"
"30/7/2026, 04.18.15","E32_WS (Sector A)","27.24","68.55","100.92","0.35","321","50.12","2","0","0","1","138"
"30/7/2026, 04.18.20","E32_WS (Sector A)","27.24","68.58","100.93","0.43","308","50.12","2","0","0","1","138"
"30/7/2026, 04.18.25","E32_WS (Sector A)","27.24","68.58","100.92","0.51","324","50.12","2","0","0","1","138"
"30/7/2026, 04.18.30","E32_WS (Sector A)","27.24","68.62","100.93","0.4","323","50.12","2","0","0","1","138"
"30/7/2026, 04.18.35","E32_WS (Sector A)","27.24","68.66","100.93","0.35","340","50.12","2","0","0","1","138"
"30/7/2026, 04.18.40","E32_WS (Sector A)","27.24","68.62","100.93","0.29","315","50.12","2","0","0","1","138"
"30/7/2026, 04.18.45","E32_WS (Sector A)","27.24","68.58","100.93","0.26","327","50.12","2","0","0","1","138"
"30/7/2026, 04.18.50","E32_WS (Sector A)","27.23","68.56","100.93","0.25","318","50.12","2","0","0","1","138"
"30/7/2026, 04.18.55","E32_WS (Sector A)","27.23","68.53","100.93","0.36","331","50.12","2","0","0","1","138"
"30/7/2026, 04.19.00","E32_WS (Sector A)","27.23","68.54","100.93","0.45","305","50.12","2","0","0","1","138"
"30/7/2026, 04.19.05","E32_WS (Sector A)","27.23","68.55","100.93","0.3","336","50.12","2","0","0","1","138"
"30/7/2026, 04.19.10","E32_WS (Sector A)","27.22","68.55","100.93","0.33","309","50.12","2","0","0","1","138"
"30/7/2026, 04.19.15","E32_WS (Sector A)","27.22","68.58","100.93","0.44","290","50.12","2","0","0","1","138"
"30/7/2026, 04.19.20","E32_WS (Sector A)","27.22","68.6","100.93","0.48","315","50.12","2","0","0","1","138"
"30/7/2026, 04.19.25","E32_WS (Sector A)","27.22","68.64","100.93","0.38","323","50.12","2","0","0","1","138"
"30/7/2026, 04.19.30","E32_WS (Sector A)","27.22","68.66","100.93","0.38","330","50.12","2","0","0","1","138"
"30/7/2026, 04.19.35","E32_WS (Sector A)","27.22","68.65","100.93","0.5","320","50.12","2","0","0","1","138"
"30/7/2026, 04.19.40","E32_WS (Sector A)","27.22","68.62","100.93","0.42","304","50.12","2","0","0","1","138"
"30/7/2026, 04.19.45","E32_WS (Sector A)","27.22","68.62","100.93","0.37","336","50.12","2","0","0","1","138"
"30/7/2026, 04.19.50","E32_WS (Sector A)","27.22","68.58","100.93","0.15","320","50.12","2","0","0","1","138"
"30/7/2026, 04.19.55","E32_WS (Sector A)","27.21","68.58","100.93","0.43","307","50.12","2","0","0","2","138"
"30/7/2026, 04.20.00","E32_WS (Sector A)","27.21","68.68","100.93","0.36","309","50.12","2","0","0","1","138"
"30/7/2026, 04.20.05","E32_WS (Sector A)","27.21","68.72","100.93","0.29","319","50.12","2","0","0","1","138"
"30/7/2026, 04.20.11","E32_WS (Sector A)","27.21","68.7","100.93","0.44","334","50.12","2","0","0","1","138"
"30/7/2026, 04.20.15","E32_WS (Sector A)","27.21","68.68","100.93","0.48","347","50.12","2","0","0","1","138"
"30/7/2026, 04.20.20","E32_WS (Sector A)","27.21","68.65","100.93","0.42","324","50.12","2","0","0","1","138"
"30/7/2026, 04.20.25","E32_WS (Sector A)","27.21","68.64","100.93","0.32","309","50.12","2","0","0","1","138"
"30/7/2026, 04.20.30","E32_WS (Sector A)","27.21","68.62","100.93","0.39","357","50.12","2","0","0","1","138"
"30/7/2026, 04.20.35","E32_WS (Sector A)","27.21","68.61","100.93","0.28","333","50.12","2","0","0","1","138"
"30/7/2026, 04.20.40","E32_WS (Sector A)","27.21","68.58","100.93","0.36","332","50.12","2","0","0","1","138"
"30/7/2026, 04.20.46","E32_WS (Sector A)","27.21","68.58","100.93","0.12","332","50.12","2","0","0","1","138"
"30/7/2026, 04.20.51","E32_WS (Sector A)","27.21","68.57","100.93","0.34","324","50.12","2","0","0","2","138"
"30/7/2026, 04.20.56","E32_WS (Sector A)","27.2","68.56","100.93","0.62","11","50.12","2","0","0","2","138"
"30/7/2026, 04.21.01","E32_WS (Sector A)","27.2","68.55","100.93","0.72","336","50.12","2","0","0","2","138"
"30/7/2026, 04.21.06","E32_WS (Sector A)","27.2","68.54","100.93","0.5","313","50.12","2","0","0","2","138"
"30/7/2026, 04.21.11","E32_WS (Sector A)","27.2","68.63","100.93","0.59","324","50.12","2","0","0","2","138"
"30/7/2026, 04.21.16","E32_WS (Sector A)","27.2","68.68","100.93","0.43","329","50.12","2","0","0","2","138"
"30/7/2026, 04.21.21","E32_WS (Sector A)","27.2","68.7","100.93","0.49","328","50.12","2","0","0","2","138"
"30/7/2026, 04.21.26","E32_WS (Sector A)","27.21","68.7","100.93","0.5","339","50.12","2","0","0","1","138"
"30/7/2026, 04.21.31","E32_WS (Sector A)","27.21","68.7","100.93","0.52","334","50.12","2","0","0","2","138"
"30/7/2026, 04.21.36","E32_WS (Sector A)","27.21","68.68","100.93","0.43","347","50.12","2","0","0","1","138"
"30/7/2026, 04.21.41","E32_WS (Sector A)","27.21","68.64","100.93","0.28","289","50.12","2","0","0","1","138"
"30/7/2026, 04.21.46","E32_WS (Sector A)","27.2","68.64","100.93","0.18","292","50.12","2","0","0","1","138"
"30/7/2026, 04.21.51","E32_WS (Sector A)","27.2","68.64","100.93","0.31","321","50.12","2","0","0","1","138"
"30/7/2026, 04.21.56","E32_WS (Sector A)","27.2","68.62","100.93","0.21","327","50.12","2","0","0","1","138"
"30/7/2026, 04.22.01","E32_WS (Sector A)","27.2","68.61","100.93","0.35","321","50.12","2","0","0","1","138"
"30/7/2026, 04.22.06","E32_WS (Sector A)","27.2","68.59","100.93","0.44","339","50.12","2","0","0","1","138"
"30/7/2026, 04.22.11","E32_WS (Sector A)","27.2","68.59","100.93","0.48","332","50.12","2","0","0","1","138"
"30/7/2026, 04.22.16","E32_WS (Sector A)","27.2","68.6","100.93","0.28","330","50.12","2","0","0","1","138"
"30/7/2026, 04.22.21","E32_WS (Sector A)","27.19","68.61","100.93","0.52","338","50.12","2","0","0","1","138"
"30/7/2026, 04.22.26","E32_WS (Sector A)","27.2","68.6","100.93","0.36","337","50.12","2","0","0","1","138"
"30/7/2026, 04.22.31","E32_WS (Sector A)","27.2","68.58","100.93","0.39","316","50.12","2","0","0","1","138"
"30/7/2026, 04.22.36","E32_WS (Sector A)","27.2","68.64","100.93","0.31","338","50.12","2","0","0","1","138"
"30/7/2026, 04.22.41","E32_WS (Sector A)","27.2","68.65","100.93","0.37","326","50.12","2","0","0","1","138"
"30/7/2026, 04.22.46","E32_WS (Sector A)","27.2","68.63","100.93","0.27","9","50.12","2","0","0","1","138"
"30/7/2026, 04.22.51","E32_WS (Sector A)","27.2","68.59","100.93","0.17","339","50.12","2","0","0","1","138"
"30/7/2026, 04.22.56","E32_WS (Sector A)","27.2","68.58","100.93","0.39","334","50.12","2","0","0","1","138"
"30/7/2026, 04.23.01","E32_WS (Sector A)","27.2","68.58","100.93","0.44","290","50.12","2","0","0","1","138"
"30/7/2026, 04.23.06","E32_WS (Sector A)","27.19","68.62","100.93","0.29","304","50.12","2","0","0","1","138"
"30/7/2026, 04.23.11","E32_WS (Sector A)","27.19","68.68","100.93","0.43","325","50.12","2","0","0","1","138"
"30/7/2026, 04.23.16","E32_WS (Sector A)","27.19","68.7","100.93","0.38","326","50.12","2","0","0","1","138"
"30/7/2026, 04.23.21","E32_WS (Sector A)","27.19","68.73","100.93","0.35","330","50.12","2","0","0","1","138"
"30/7/2026, 04.23.26","E32_WS (Sector A)","27.19","68.7","100.93","0.27","343","50.12","2","0","0","1","138"
"30/7/2026, 04.23.31","E32_WS (Sector A)","27.19","68.67","100.93","0.38","318","50.12","2","0","0","1","138"
"30/7/2026, 04.23.36","E32_WS (Sector A)","27.19","68.69","100.93","0.4","318","50.12","2","0","0","1","138"
"30/7/2026, 04.23.41","E32_WS (Sector A)","27.19","68.72","100.93","0.35","349","50.12","2","0","0","1","138"
"30/7/2026, 04.23.46","E32_WS (Sector A)","27.19","68.71","100.93","0.35","321","50.12","2","0","0","1","138"
"30/7/2026, 04.23.51","E32_WS (Sector A)","27.19","68.72","100.93","0.3","314","50.12","2","0","0","1","138"
"30/7/2026, 04.23.56","E32_WS (Sector A)","27.19","68.71","100.93","0.2","330","50.12","2","0","0","1","138"
"30/7/2026, 04.24.01","E32_WS (Sector A)","27.19","68.69","100.93","0.41","338","50.12","2","0","0","1","138"
"30/7/2026, 04.24.06","E32_WS (Sector A)","27.19","68.66","100.93","0.4","351","50.12","2","0","0","1","138"
"30/7/2026, 04.24.11","E32_WS (Sector A)","27.19","68.65","100.93","0.29","343","50.12","2","0","0","1","138"
"30/7/2026, 04.24.16","E32_WS (Sector A)","27.19","68.62","100.93","0.53","329","50.12","2","0","0","1","138"
"30/7/2026, 04.24.21","E32_WS (Sector A)","27.19","68.63","100.93","0.45","315","50.12","2","0","0","1","138"
"30/7/2026, 04.24.26","E32_WS (Sector A)","27.19","68.7","100.93","0.44","345","50.12","2","0","0","1","138"
"30/7/2026, 04.24.31","E32_WS (Sector A)","27.19","68.69","100.93","0.4","6","50.12","2","0","0","1","138"
"30/7/2026, 04.24.36","E32_WS (Sector A)","27.19","68.65","100.93","0.37","339","50.12","2","0","0","1","138"
"30/7/2026, 04.24.41","E32_WS (Sector A)","27.19","68.65","100.93","0.37","304","50.12","2","0","0","1","138"
"30/7/2026, 04.24.46","E32_WS (Sector A)","27.19","68.63","100.93","0.2","351","50.12","2","0","0","1","138"
"30/7/2026, 04.24.51","E32_WS (Sector A)","27.19","68.6","100.93","0.24","305","50.12","2","0","0","1","138"
"30/7/2026, 04.24.56","E32_WS (Sector A)","27.19","68.63","100.93","0.25","359","50.12","2","0","0","1","138"
"30/7/2026, 04.25.01","E32_WS (Sector A)","27.19","68.6","100.93","0.25","325","50.12","2","0","0","1","138"
"30/7/2026, 04.25.06","E32_WS (Sector A)","27.19","68.62","100.93","0.31","295","50.12","2","0","0","1","138"
"30/7/2026, 04.25.11","E32_WS (Sector A)","27.19","68.69","100.93","0.37","320","50.12","2","0","0","1","138"
"30/7/2026, 04.25.16","E32_WS (Sector A)","27.19","68.69","100.93","0.45","316","50.12","2","0","0","1","138"
"30/7/2026, 04.25.21","E32_WS (Sector A)","27.19","68.73","100.93","0.36","344","50.12","2","0","0","1","138"
"30/7/2026, 04.25.26","E32_WS (Sector A)","27.2","68.72","100.93","0.5","338","50.12","2","0","0","1","138"
"30/7/2026, 04.25.31","E32_WS (Sector A)","27.19","68.69","100.93","0.57","354","50.12","2","0","0","1","138"
"30/7/2026, 04.25.36","E32_WS (Sector A)","27.2","68.65","100.93","0.34","0","50.12","2","0","0","1","138"
"30/7/2026, 04.25.41","E32_WS (Sector A)","27.2","68.61","100.93","0.39","359","50.12","2","0","0","1","138"
"30/7/2026, 04.25.46","E32_WS (Sector A)","27.2","68.58","100.93","0.48","350","50.12","2","0","0","1","138"
"30/7/2026, 04.25.51","E32_WS (Sector A)","27.2","68.58","100.93","0.55","330","50.12","2","0","0","1","138"
"30/7/2026, 04.25.56","E32_WS (Sector A)","27.2","68.61","100.93","0.42","330","50.12","2","0","0","1","138"
"30/7/2026, 04.26.01","E32_WS (Sector A)","27.2","68.61","100.93","0.51","294","50.12","2","0","0","1","138"
"30/7/2026, 04.26.06","E32_WS (Sector A)","27.19","68.61","100.93","0.44","310","50.12","2","0","0","1","138"
"30/7/2026, 04.26.11","E32_WS (Sector A)","27.19","68.66","100.93","0.31","344","50.12","2","0","0","1","138"
"30/7/2026, 04.26.16","E32_WS (Sector A)","27.2","68.65","100.93","0.41","332","50.12","2","0","0","1","138"
"30/7/2026, 04.26.21","E32_WS (Sector A)","27.2","68.63","100.93","0.39","319","50.12","2","0","0","1","138"
"30/7/2026, 04.26.26","E32_WS (Sector A)","27.2","68.65","100.93","0.38","333","50.12","2","0","0","1","138"
"30/7/2026, 04.26.31","E32_WS (Sector A)","27.2","68.62","100.93","0.38","335","50.12","2","0","0","1","138"
"30/7/2026, 04.26.36","E32_WS (Sector A)","27.19","68.63","100.93","0.38","335","50.12","2","0","0","1","138"
"30/7/2026, 04.26.41","E32_WS (Sector A)","27.2","68.62","100.93","0.35","313","50.12","2","0","0","1","138"
"30/7/2026, 04.26.46","E32_WS (Sector A)","27.2","68.62","100.93","0.32","11","50.12","2","0","0","1","138"
"30/7/2026, 04.26.51","E32_WS (Sector A)","27.2","68.57","100.93","0.38","343","50.12","2","0","0","1","138"
"30/7/2026, 04.26.56","E32_WS (Sector A)","27.2","68.57","100.93","0.56","346","50.12","2","0","0","1","138"
"30/7/2026, 04.27.01","E32_WS (Sector A)","27.2","68.53","100.93","0.55","352","50.12","2","0","0","1","138"
"30/7/2026, 04.27.06","E32_WS (Sector A)","27.2","68.53","100.93","0.49","331","50.12","2","0","0","1","138"
"30/7/2026, 04.27.11","E32_WS (Sector A)","27.2","68.55","100.93","0.41","332","50.12","2","0","0","1","138"
"30/7/2026, 04.27.16","E32_WS (Sector A)","27.2","68.56","100.93","0.32","335","50.12","2","0","0","2","138"
"30/7/2026, 04.27.21","E32_WS (Sector A)","27.2","68.55","100.93","0.34","324","50.12","2","0","0","1","138"
"30/7/2026, 04.27.26","E32_WS (Sector A)","27.2","68.55","100.93","0.36","337","50.12","2","0","0","1","138"
"30/7/2026, 04.27.31","E32_WS (Sector A)","27.2","68.55","100.93","0.32","338","50.12","2","0","0","1","138"
"30/7/2026, 04.27.36","E32_WS (Sector A)","27.2","68.52","100.93","0.36","334","50.12","2","0","0","1","138"
"30/7/2026, 04.27.41","E32_WS (Sector A)","27.2","68.52","100.93","0.36","324","50.12","2","0","0","1","138"
"30/7/2026, 04.27.46","E32_WS (Sector A)","27.2","68.53","100.93","0.42","358","50.12","2","0","0","1","138"
"30/7/2026, 04.27.51","E32_WS (Sector A)","27.2","68.52","100.93","0.41","305","50.12","2","0","0","1","138"
"30/7/2026, 04.27.56","E32_WS (Sector A)","27.19","68.52","100.93","0.4","281","50.12","2","0","0","1","138"
"30/7/2026, 04.28.01","E32_WS (Sector A)","27.18","68.57","100.93","0.36","305","50.12","2","0","0","1","138"
"30/7/2026, 04.28.06","E32_WS (Sector A)","27.18","68.6","100.93","0.38","339","50.12","2","0","0","1","138"
"30/7/2026, 04.28.11","E32_WS (Sector A)","27.18","68.57","100.93","0.66","338","50.12","2","0","0","1","138"
"30/7/2026, 04.28.16","E32_WS (Sector A)","27.18","68.54","100.93","0.51","324","50.12","2","0","0","1","138"
"30/7/2026, 08.48.24","E32_WS (Sector A)","29.36","61.61","101.08","0.47","321","50.12","0","0","0","0","138"
"30/7/2026, 08.48.29","E32_WS (Sector A)","29.36","61.53","101.08","0.55","322","50.12","9463","74","0","1","138"
"30/7/2026, 08.48.34","E32_WS (Sector A)","29.36","61.45","101.08","0.4","310","50.12","9463","74","0","1","138"
"30/7/2026, 08.48.39","E32_WS (Sector A)","29.37","61.44","101.08","0.27","322","50.12","9444","74","0","1","138"
"30/7/2026, 08.48.44","E32_WS (Sector A)","29.37","61.48","101.09","0.45","356","50.12","9444","74","0","1","138"
"30/7/2026, 08.48.49","E32_WS (Sector A)","29.37","61.52","101.08","0.52","346","50.12","9414","74","0","1","138"
"30/7/2026, 08.48.54","E32_WS (Sector A)","29.37","61.6","101.08","0.62","341","50.12","9414","74","0","1","138"
"30/7/2026, 08.48.59","E32_WS (Sector A)","29.38","61.65","101.08","0.57","340","50.12","9313","73","0","1","138"
"30/7/2026, 08.49.04","E32_WS (Sector A)","29.38","61.65","101.08","0.54","342","50.12","9300","73","0","1","138"
"30/7/2026, 08.49.09","E32_WS (Sector A)","29.38","61.66","101.09","0.44","344","50.12","9300","73","0","1","138"
"30/7/2026, 08.49.14","E32_WS (Sector A)","29.38","61.65","101.08","0.32","334","50.12","9254","73","0","1","138"
"30/7/2026, 08.49.19","E32_WS (Sector A)","29.39","61.61","101.08","0.26","345","50.12","9254","73","0","1","138"
"30/7/2026, 08.49.24","E32_WS (Sector A)","29.39","61.58","101.08","0.37","336","50.12","9208","72","0","1","138"
"30/7/2026, 08.49.29","E32_WS (Sector A)","29.39","61.6","101.08","0.37","325","50.12","9208","72","0","1","138"
"30/7/2026, 08.49.34","E32_WS (Sector A)","29.4","61.56","101.08","0.32","319","50.12","9184","72","0","1","138"
"30/7/2026, 08.49.39","E32_WS (Sector A)","29.4","61.53","101.08","0.23","339","50.12","9184","72","0","1","138"
"30/7/2026, 08.49.44","E32_WS (Sector A)","29.4","61.56","101.08","0.29","3","50.12","9174","72","0","1","138"
"30/7/2026, 08.49.49","E32_WS (Sector A)","29.41","61.6","101.08","0.27","359","50.12","9208","72","0","1","138"
"30/7/2026, 08.49.54","E32_WS (Sector A)","29.41","61.59","101.08","0.32","332","50.12","9208","72","0","1","138"
"30/7/2026, 08.49.59","E32_WS (Sector A)","29.41","61.54","101.08","0.39","329","50.12","9235","72","0","1","138"
"30/7/2026, 08.50.04","E32_WS (Sector A)","29.42","61.5","101.09","0.44","330","50.12","9235","72","0","1","138"
"30/7/2026, 08.50.09","E32_WS (Sector A)","29.42","61.49","101.09","0.46","331","50.12","9254","73","0","1","138"
"30/7/2026, 08.50.14","E32_WS (Sector A)","29.42","61.52","101.09","0.36","334","50.12","9254","73","0","1","138"
"30/7/2026, 08.50.19","E32_WS (Sector A)","29.42","61.53","101.09","0.17","3","50.12","9238","72","0","1","138"
"30/7/2026, 08.50.24","E32_WS (Sector A)","29.43","61.51","101.09","0.54","330","50.12","9238","72","0","1","138"
"30/7/2026, 08.50.29","E32_WS (Sector A)","29.43","61.49","101.09","0.48","317","50.12","9345","73","0","1","138"
"30/7/2026, 08.50.34","E32_WS (Sector A)","29.44","61.45","101.09","0.5","356","50.12","9410","74","0","2","138"
"30/7/2026, 08.50.39","E32_WS (Sector A)","29.44","61.41","101.09","0.42","350","50.12","9410","74","0","2","138"
"30/7/2026, 08.50.44","E32_WS (Sector A)","29.44","61.4","101.09","0.5","1","50.12","9508","75","0","2","138"
"30/7/2026, 08.50.49","E32_WS (Sector A)","29.44","61.41","101.09","0.64","314","50.12","9508","75","0","1","138"
"30/7/2026, 08.50.54","E32_WS (Sector A)","29.45","61.29","101.08","0.53","324","50.12","9585","75","0","2","138"
"30/7/2026, 08.50.59","E32_WS (Sector A)","29.45","61.26","101.09","0.43","339","50.12","9585","75","0","2","138"
"30/7/2026, 08.51.04","E32_WS (Sector A)","29.46","61.24","101.09","0.21","336","50.12","9519","75","1","2","138"
"30/7/2026, 08.51.09","E32_WS (Sector A)","29.46","61.28","101.08","0.35","334","50.12","9519","75","1","2","138"
"30/7/2026, 08.51.14","E32_WS (Sector A)","29.47","61.27","101.09","0.46","325","50.12","9517","75","0","2","138"
"30/7/2026, 08.51.19","E32_WS (Sector A)","29.47","61.21","101.09","0.47","338","50.12","9551","75","0","2","138"
"30/7/2026, 08.51.24","E32_WS (Sector A)","29.47","61.25","101.08","0.36","349","50.12","9551","75","1","2","138"
"30/7/2026, 08.51.29","E32_WS (Sector A)","29.48","61.31","101.08","0.34","322","50.12","9483","74","0","2","138"
"30/7/2026, 08.51.34","E32_WS (Sector A)","29.48","61.29","101.08","0.22","320","50.12","9483","74","1","2","138"
"30/7/2026, 08.51.39","E32_WS (Sector A)","29.49","61.28","101.08","0.38","336","50.12","9475","74","1","2","138"
"30/7/2026, 08.51.44","E32_WS (Sector A)","29.49","61.24","101.08","0.47","328","50.12","9475","74","1","2","138"
"30/7/2026, 08.51.49","E32_WS (Sector A)","29.49","61.22","101.08","0.45","348","50.12","9490","74","1","2","138"
"30/7/2026, 08.51.54","E32_WS (Sector A)","29.5","61.28","101.08","0.38","353","50.12","9490","74","1","2","138"
"30/7/2026, 08.51.59","E32_WS (Sector A)","29.5","61.29","101.08","0.52","349","50.12","9542","75","1","2","138"
"30/7/2026, 08.52.04","E32_WS (Sector A)","29.5","61.33","101.08","0.79","334","50.12","9643","76","0","2","138"
"30/7/2026, 08.52.09","E32_WS (Sector A)","29.51","61.34","101.08","0.61","343","50.12","9643","76","0","2","138"
"30/7/2026, 08.52.14","E32_WS (Sector A)","29.51","61.2","101.08","0.52","337","50.12","9762","77","0","2","138"
"30/7/2026, 08.52.19","E32_WS (Sector A)","29.52","61.02","101.08","0.28","324","50.12","9762","77","1","2","138"
"30/7/2026, 08.52.24","E32_WS (Sector A)","29.52","60.99","101.08","0.47","319","50.12","9807","77","1","2","138"
"30/7/2026, 08.52.29","E32_WS (Sector A)","29.53","60.95","101.08","0.47","1","50.12","9807","77","1","2","138"
"30/7/2026, 08.52.34","E32_WS (Sector A)","29.53","60.99","101.08","0.52","338","50.12","9788","77","0","2","138"
"30/7/2026, 08.52.39","E32_WS (Sector A)","29.53","61.02","101.08","0.33","0","50.12","9788","77","0","2","138"
"30/7/2026, 08.52.44","E32_WS (Sector A)","29.54","61.04","101.08","0.36","5","50.12","9779","77","0","2","138"
"30/7/2026, 08.52.49","E32_WS (Sector A)","29.54","61.01","101.08","0.28","319","50.12","9782","77","0","2","138"
"30/7/2026, 08.52.54","E32_WS (Sector A)","29.54","61.03","101.08","0.25","351","50.12","9782","77","0","2","138"
"30/7/2026, 08.52.59","E32_WS (Sector A)","29.55","61","101.08","0.23","318","50.12","9797","77","0","1","138"
"30/7/2026, 08.53.04","E32_WS (Sector A)","29.55","60.97","101.08","0.29","67","50.12","9797","77","0","1","138"
"30/7/2026, 08.53.09","E32_WS (Sector A)","29.55","60.86","101.08","0.22","352","50.12","9831","77","0","1","138"
"30/7/2026, 08.53.14","E32_WS (Sector A)","29.56","60.88","101.08","0.37","337","50.12","9831","77","0","1","138"
"30/7/2026, 08.53.19","E32_WS (Sector A)","29.57","60.92","101.08","0.51","2","50.12","9830","77","0","1","138"
"30/7/2026, 08.53.24","E32_WS (Sector A)","29.57","60.91","101.08","0.56","1","50.12","9830","77","0","1","138"
"30/7/2026, 08.53.29","E32_WS (Sector A)","29.57","61.02","101.08","0.74","344","50.12","9824","77","0","1","138"
"30/7/2026, 08.53.34","E32_WS (Sector A)","29.58","60.94","101.08","0.36","12","50.12","9863","77","0","2","138"
"30/7/2026, 08.53.39","E32_WS (Sector A)","29.58","60.7","101.08","0.54","329","50.12","9863","77","0","2","138"
"30/7/2026, 08.53.44","E32_WS (Sector A)","29.58","60.55","101.08","0.36","300","50.12","9965","78","0","2","138"
"30/7/2026, 08.53.49","E32_WS (Sector A)","29.59","60.48","101.08","0.58","298","50.12","9965","78","1","2","138"
"30/7/2026, 08.53.54","E32_WS (Sector A)","29.6","60.52","101.08","0.55","348","50.12","9916","78","1","2","138"
"30/7/2026, 08.53.59","E32_WS (Sector A)","29.6","60.57","101.08","0.53","10","50.12","9916","78","1","2","138"
"30/7/2026, 08.54.04","E32_WS (Sector A)","29.6","60.62","101.08","0.61","353","50.12","9871","77","0","2","138"
"30/7/2026, 08.54.09","E32_WS (Sector A)","29.61","60.66","101.08","0.66","342","50.12","9871","77","0","2","138"
"30/7/2026, 08.54.14","E32_WS (Sector A)","29.61","60.69","101.08","0.35","356","50.12","9783","77","0","2","138"
"30/7/2026, 08.54.19","E32_WS (Sector A)","29.61","60.68","101.08","0.22","358","50.12","9745","76","0","2","138"
"30/7/2026, 08.54.24","E32_WS (Sector A)","29.62","60.62","101.08","0.55","338","50.12","9745","76","0","1","138"
"30/7/2026, 08.54.29","E32_WS (Sector A)","29.62","60.62","101.08","0.57","306","50.12","9675","76","0","2","138"
"30/7/2026, 08.54.34","E32_WS (Sector A)","29.62","60.46","101.08","0.74","342","50.12","9675","76","0","2","138"
"30/7/2026, 08.54.39","E32_WS (Sector A)","29.62","60.51","101.08","0.61","323","50.12","9626","76","0","2","138"
"30/7/2026, 08.54.44","E32_WS (Sector A)","29.63","60.42","101.08","0.51","359","50.12","9626","76","0","2","138"
"30/7/2026, 08.54.49","E32_WS (Sector A)","29.63","60.35","101.08","0.33","347","50.12","9541","75","0","2","138"
"30/7/2026, 08.54.54","E32_WS (Sector A)","29.64","60.35","101.08","0.44","7","50.12","9541","75","0","2","138"
"30/7/2026, 08.54.59","E32_WS (Sector A)","29.64","60.4","101.08","0.41","5","50.12","9400","74","0","2","138"
"30/7/2026, 08.55.04","E32_WS (Sector A)","29.64","60.45","101.08","0.25","5","50.12","9406","74","0","2","138"
"30/7/2026, 08.55.09","E32_WS (Sector A)","29.64","60.42","101.08","0.22","330","50.12","9406","74","0","2","138"
"30/7/2026, 08.55.14","E32_WS (Sector A)","29.65","60.31","101.08","0.24","326","50.12","9362","73","0","2","138"
"30/7/2026, 08.55.19","E32_WS (Sector A)","29.65","60.28","101.08","0.23","337","50.12","9362","73","0","2","138"
"30/7/2026, 08.55.24","E32_WS (Sector A)","29.66","60.26","101.08","0.21","339","50.12","9364","73","0","2","138"
"30/7/2026, 08.55.29","E32_WS (Sector A)","29.66","60.23","101.08","0.43","303","50.12","9364","73","0","2","138"
"30/7/2026, 08.55.34","E32_WS (Sector A)","29.67","60.16","101.08","0.36","340","50.12","9487","74","0","2","138"
"30/7/2026, 08.55.39","E32_WS (Sector A)","29.67","60.21","101.08","0.38","10","50.12","9585","75","0","2","138"
"30/7/2026, 08.55.44","E32_WS (Sector A)","29.67","60.18","101.08","0.37","353","50.12","9585","75","0","2","138"
"30/7/2026, 08.55.49","E32_WS (Sector A)","29.67","60.18","101.08","0.12","312","50.12","9528","75","0","2","138"
"30/7/2026, 08.55.54","E32_WS (Sector A)","29.68","60.08","101.08","0.4","328","50.12","9528","75","0","2","138"
"30/7/2026, 08.55.59","E32_WS (Sector A)","29.68","60.14","101.08","0.5","340","50.12","9598","75","0","2","138"
"30/7/2026, 08.56.04","E32_WS (Sector A)","29.68","60.12","101.08","0.56","326","50.12","9598","75","0","2","138"
"30/7/2026, 08.56.09","E32_WS (Sector A)","29.69","60.07","101.08","0.46","335","50.12","9853","77","0","2","138"
"30/7/2026, 08.56.14","E32_WS (Sector A)","29.69","60.12","101.08","0.66","292","50.12","9853","77","0","2","138"
"30/7/2026, 08.56.19","E32_WS (Sector A)","29.7","59.9","101.08","0.69","319","50.12","9934","78","0","2","138"
"30/7/2026, 08.56.24","E32_WS (Sector A)","29.71","59.84","101.08","0.48","336","50.12","10096","79","0","1","138"
"30/7/2026, 08.56.29","E32_WS (Sector A)","29.72","59.83","101.08","0.72","336","50.12","10096","79","0","2","138"
"30/7/2026, 08.56.34","E32_WS (Sector A)","29.72","59.96","101.07","0.55","1","50.12","10197","80","1","2","138"
"30/7/2026, 08.56.39","E32_WS (Sector A)","29.72","60.01","101.08","0.54","352","50.12","10197","80","1","2","138"
"30/7/2026, 08.56.44","E32_WS (Sector A)","29.72","60.06","101.08","0.44","357","50.12","10302","81","1","2","138"
"30/7/2026, 08.56.49","E32_WS (Sector A)","29.73","60.06","101.08","0.47","351","50.12","10302","81","1","2","138"
"30/7/2026, 08.56.54","E32_WS (Sector A)","29.73","60.09","101.08","0.63","358","50.12","10520","83","1","2","138"
"30/7/2026, 08.56.59","E32_WS (Sector A)","29.73","60.07","101.08","0.32","333","50.12","10520","83","1","2","138"
"30/7/2026, 08.57.04","E32_WS (Sector A)","29.73","59.95","101.08","0.41","319","50.12","10539","83","1","2","138"
"30/7/2026, 08.57.09","E32_WS (Sector A)","29.73","59.83","101.08","0.55","314","50.12","10533","83","1","2","138"
"30/7/2026, 08.57.14","E32_WS (Sector A)","29.74","59.82","101.08","0.61","11","50.12","10533","83","1","2","138"
"30/7/2026, 08.57.19","E32_WS (Sector A)","29.74","59.73","101.08","0.46","326","50.12","10525","83","0","2","138"
"30/7/2026, 08.57.24","E32_WS (Sector A)","29.75","59.71","101.07","0.5","342","50.12","10525","83","0","1","138"
"30/7/2026, 08.57.29","E32_WS (Sector A)","29.75","59.75","101.08","0.68","346","50.12","10562","83","0","1","138"
"30/7/2026, 08.57.34","E32_WS (Sector A)","29.75","59.92","101.08","0.66","350","50.12","10562","83","0","1","138"
"30/7/2026, 08.57.39","E32_WS (Sector A)","29.76","59.89","101.08","0.37","318","50.12","10575","83","0","2","138"
"30/7/2026, 08.57.44","E32_WS (Sector A)","29.76","59.66","101.08","0.48","327","50.12","10575","83","0","2","138"
"30/7/2026, 08.57.49","E32_WS (Sector A)","29.76","59.55","101.08","0.52","321","50.12","10565","83","0","2","138"
"30/7/2026, 08.57.54","E32_WS (Sector A)","29.76","59.57","101.08","0.53","329","50.12","10525","83","0","2","138"
"30/7/2026, 08.57.59","E32_WS (Sector A)","29.77","59.65","101.07","0.67","334","50.12","10525","83","0","2","138"
"30/7/2026, 08.58.04","E32_WS (Sector A)","29.77","59.77","101.07","0.55","330","50.12","10458","82","0","2","138"
"30/7/2026, 08.58.09","E32_WS (Sector A)","29.77","59.84","101.08","0.65","348","50.12","10458","82","0","2","138"
"30/7/2026, 08.58.14","E32_WS (Sector A)","29.77","59.97","101.07","0.67","351","50.12","10242","80","0","2","138"
"30/7/2026, 08.58.19","E32_WS (Sector A)","29.77","59.94","101.07","0.32","339","50.12","10242","80","0","1","138"
"30/7/2026, 08.58.24","E32_WS (Sector A)","29.78","59.83","101.08","0.66","339","50.12","10118","79","0","2","138"
"30/7/2026, 08.58.29","E32_WS (Sector A)","29.78","59.62","101.07","0.54","319","50.12","10118","79","0","2","138"
"30/7/2026, 08.58.34","E32_WS (Sector A)","29.78","59.5","101.07","0.4","327","50.12","10080","79","0","2","138"
"30/7/2026, 08.58.39","E32_WS (Sector A)","29.79","59.5","101.08","0.32","0","50.12","10075","79","0","2","138"
"30/7/2026, 08.58.44","E32_WS (Sector A)","29.79","59.56","101.08","0.26","334","50.12","10075","79","0","1","138"
"30/7/2026, 08.58.49","E32_WS (Sector A)","29.79","59.45","101.08","0.39","336","50.12","10081","79","0","1","138"
"30/7/2026, 08.58.54","E32_WS (Sector A)","29.8","59.43","101.07","0.46","325","50.12","10081","79","0","2","138"
"30/7/2026, 08.58.59","E32_WS (Sector A)","29.8","59.42","101.07","0.24","316","50.12","10140","80","0","2","138"
"30/7/2026, 08.59.04","E32_WS (Sector A)","29.8","59.48","101.07","0.48","3","50.12","10140","80","0","2","138"
"30/7/2026, 08.59.09","E32_WS (Sector A)","29.8","59.62","101.07","0.53","349","50.12","10230","80","0","2","138"
"30/7/2026, 08.59.14","E32_WS (Sector A)","29.81","59.75","101.07","0.49","324","50.12","10230","80","0","2","138"
"30/7/2026, 08.59.19","E32_WS (Sector A)","29.82","59.67","101.07","0.42","308","50.12","10266","81","1","2","138"
"30/7/2026, 08.59.24","E32_WS (Sector A)","29.81","59.49","101.07","0.42","311","50.12","10332","81","1","2","138"
"30/7/2026, 08.59.29","E32_WS (Sector A)","29.81","59.48","101.07","0.28","325","50.12","10332","81","1","2","138"
"30/7/2026, 08.59.34","E32_WS (Sector A)","29.82","59.57","101.07","0.4","348","50.12","10398","82","1","2","138"
"30/7/2026, 08.59.39","E32_WS (Sector A)","29.82","59.62","101.08","0.39","342","50.12","10398","82","1","2","138"
"30/7/2026, 08.59.44","E32_WS (Sector A)","29.82","59.65","101.08","0.43","337","50.12","10451","82","1","2","138"
"30/7/2026, 08.59.49","E32_WS (Sector A)","29.83","59.7","101.08","0.39","334","50.12","10451","82","1","2","138"
"30/7/2026, 08.59.54","E32_WS (Sector A)","29.83","59.72","101.07","0.38","336","50.12","10487","82","1","2","138"
"30/7/2026, 08.59.59","E32_WS (Sector A)","29.83","59.75","101.07","0.29","317","50.12","10487","82","1","2","138"
"30/7/2026, 09.00.04","E32_WS (Sector A)","29.83","59.6","101.07","0.37","310","50.12","10489","82","0","2","138"
"30/7/2026, 09.00.09","E32_WS (Sector A)","29.84","59.51","101.07","0.42","353","50.12","10453","82","0","2","138"
"30/7/2026, 09.00.14","E32_WS (Sector A)","29.84","59.51","101.08","0.49","330","50.12","10453","82","1","2","138"
"30/7/2026, 09.00.19","E32_WS (Sector A)","29.84","59.39","101.07","0.56","338","50.12","10443","82","1","2","138"
"30/7/2026, 09.00.24","E32_WS (Sector A)","29.84","59.37","101.08","0.45","324","50.12","10443","82","0","2","138"
"30/7/2026, 09.00.29","E32_WS (Sector A)","29.85","59.32","101.08","0.45","329","50.12","10444","82","0","2","138"
"30/7/2026, 09.00.34","E32_WS (Sector A)","29.85","59.27","101.07","0.47","322","50.12","10444","82","0","2","138"
"30/7/2026, 09.00.39","E32_WS (Sector A)","29.85","59.22","101.08","0.44","341","50.12","10447","82","0","2","138"
"30/7/2026, 09.00.44","E32_WS (Sector A)","29.86","59.26","101.07","0.53","340","50.12","10447","82","1","2","138"
"30/7/2026, 09.00.49","E32_WS (Sector A)","29.86","59.22","101.07","0.47","323","50.12","10480","82","1","2","138"
"30/7/2026, 09.00.54","E32_WS (Sector A)","29.86","59.19","101.07","0.37","322","50.12","10485","82","1","2","138"
"30/7/2026, 09.00.59","E32_WS (Sector A)","29.86","59.15","101.07","0.39","321","50.12","10485","82","1","2","138"
"30/7/2026, 09.01.04","E32_WS (Sector A)","29.87","59.14","101.07","0.38","312","50.12","10448","82","1","2","138"
"30/7/2026, 09.01.09","E32_WS (Sector A)","29.87","59.17","101.07","0.41","343","50.12","10448","82","1","2","138"
"30/7/2026, 09.01.14","E32_WS (Sector A)","29.87","59.3","101.07","0.26","337","50.12","10441","82","1","2","138"
"30/7/2026, 09.01.19","E32_WS (Sector A)","29.88","59.36","101.08","0.39","349","50.12","10441","82","1","2","138"
"30/7/2026, 09.01.24","E32_WS (Sector A)","29.88","59.37","101.07","0.46","352","50.12","10445","82","1","2","138"
"30/7/2026, 09.01.29","E32_WS (Sector A)","29.88","59.4","101.08","0.45","342","50.12","10445","82","1","2","138"
"30/7/2026, 09.01.34","E32_WS (Sector A)","29.88","59.44","101.08","0.53","340","50.12","10491","82","1","2","138"
"30/7/2026, 09.01.39","E32_WS (Sector A)","29.88","59.48","101.08","0.5","335","50.12","10544","83","1","2","138"
"30/7/2026, 09.01.44","E32_WS (Sector A)","29.89","59.46","101.07","0.34","327","50.12","10544","83","1","2","138"
"30/7/2026, 09.01.49","E32_WS (Sector A)","29.89","59.41","101.08","0.29","6","50.12","10580","83","1","2","138"
"30/7/2026, 09.01.54","E32_WS (Sector A)","29.89","59.39","101.07","0.36","0","50.12","10580","83","0","2","138"
"30/7/2026, 09.01.59","E32_WS (Sector A)","29.89","59.31","101.07","0.42","326","50.12","10640","84","0","2","138"
"30/7/2026, 09.02.04","E32_WS (Sector A)","29.9","59.16","101.07","0.46","316","50.12","10640","84","0","2","138"
"30/7/2026, 09.02.09","E32_WS (Sector A)","29.9","59.06","101.07","0.43","324","50.12","10711","84","0","2","138"
"30/7/2026, 09.02.14","E32_WS (Sector A)","29.9","59.08","101.08","0.45","329","50.12","10711","84","0","1","138"
"30/7/2026, 09.02.19","E32_WS (Sector A)","29.9","59.06","101.07","0.44","319","50.12","10758","84","0","2","138"
"30/7/2026, 09.02.24","E32_WS (Sector A)","29.9","59.03","101.07","0.41","317","50.12","10834","85","0","2","138"
"30/7/2026, 09.02.29","E32_WS (Sector A)","29.91","59.01","101.07","0.26","328","50.12","10834","85","0","2","138"
"30/7/2026, 09.02.34","E32_WS (Sector A)","29.91","59.12","101.07","0.16","340","50.12","10906","86","0","2","138"
"30/7/2026, 09.02.39","E32_WS (Sector A)","29.91","59.16","101.07","0.33","318","50.12","10906","86","0","2","138"
"30/7/2026, 09.02.44","E32_WS (Sector A)","29.91","59.23","101.07","0.39","4","50.12","10995","86","0","2","138"
"30/7/2026, 09.02.49","E32_WS (Sector A)","29.92","59.37","101.07","0.51","353","50.12","10995","86","0","2","138"
"30/7/2026, 09.02.54","E32_WS (Sector A)","29.92","59.39","101.07","0.45","355","50.12","11072","87","0","2","138"
"30/7/2026, 09.02.59","E32_WS (Sector A)","29.92","59.37","101.07","0.44","2","50.12","11072","87","0","2","138"
"30/7/2026, 09.03.04","E32_WS (Sector A)","29.92","59.38","101.07","0.48","10","50.12","11156","88","1","2","138"
"30/7/2026, 09.03.09","E32_WS (Sector A)","29.92","59.34","101.07","0.35","1","50.12","11233","88","1","2","138"
"30/7/2026, 09.03.14","E32_WS (Sector A)","29.92","59.31","101.07","0.39","352","50.12","11233","88","1","2","138"
"30/7/2026, 09.03.19","E32_WS (Sector A)","29.92","59.35","101.07","0.46","346","50.12","11320","89","1","2","138"
"30/7/2026, 09.03.24","E32_WS (Sector A)","29.93","59.35","101.07","0.53","347","50.12","11320","89","1","2","138"
"30/7/2026, 09.03.29","E32_WS (Sector A)","29.93","59.32","101.07","0.38","345","50.12","11418","90","1","2","138"
"30/7/2026, 09.03.34","E32_WS (Sector A)","29.93","59.35","101.07","0.51","343","50.12","11418","90","1","2","138"
"30/7/2026, 09.03.39","E32_WS (Sector A)","29.93","59.39","101.07","0.51","336","50.12","11469","90","1","2","138"
"30/7/2026, 09.03.44","E32_WS (Sector A)","29.93","59.37","101.07","0.55","340","50.12","11469","90","1","2","138"
"30/7/2026, 09.03.49","E32_WS (Sector A)","29.93","59.35","101.07","0.39","324","50.12","11558","91","1","2","138"
"30/7/2026, 09.03.54","E32_WS (Sector A)","29.93","59.26","101.07","0.36","297","50.12","11593","91","1","2","138"
"30/7/2026, 09.03.59","E32_WS (Sector A)","29.93","59.11","101.07","0.39","306","50.12","11593","91","1","2","138"
"30/7/2026, 09.04.04","E32_WS (Sector A)","29.93","59.06","101.07","0.33","317","50.12","11646","92","1","2","138"
"30/7/2026, 09.04.09","E32_WS (Sector A)","29.94","59.07","101.07","0.6","319","50.12","11646","92","1","2","138"
"30/7/2026, 09.04.14","E32_WS (Sector A)","29.94","59.04","101.07","0.49","10","50.12","11674","92","1","2","138"
"30/7/2026, 09.04.19","E32_WS (Sector A)","29.94","59.07","101.07","0.56","2","50.12","11674","92","1","2","138"
"30/7/2026, 09.04.24","E32_WS (Sector A)","29.95","59.15","101.07","0.53","339","50.12","11706","92","1","2","138"
"30/7/2026, 09.04.29","E32_WS (Sector A)","29.95","59.16","101.07","0.6","341","50.12","11706","92","1","2","138"
"30/7/2026, 09.04.34","E32_WS (Sector A)","29.95","59.24","101.07","0.61","345","50.12","11779","93","1","2","138"
"30/7/2026, 09.04.39","E32_WS (Sector A)","29.95","59.4","101.07","0.56","345","50.12","11821","93","1","2","138"
"30/7/2026, 09.04.44","E32_WS (Sector A)","29.95","59.41","101.07","0.48","347","50.12","11821","93","1","2","138"
"30/7/2026, 09.04.49","E32_WS (Sector A)","29.95","59.44","101.07","0.64","339","50.12","11662","92","1","2","138"
"30/7/2026, 09.04.54","E32_WS (Sector A)","29.96","59.28","101.07","0.75","334","50.12","11662","92","1","2","138"
"30/7/2026, 09.04.59","E32_WS (Sector A)","29.96","59.15","101.07","0.65","332","50.12","11296","89","1","2","138"
"30/7/2026, 09.05.04","E32_WS (Sector A)","29.96","59.14","101.07","0.5","320","50.12","11296","89","1","2","138"
"30/7/2026, 09.05.09","E32_WS (Sector A)","29.96","59.09","101.07","0.28","331","50.12","11067","87","1","2","138"
"30/7/2026, 09.05.14","E32_WS (Sector A)","29.96","58.95","101.07","0.51","310","50.12","11067","87","1","2","138"
"30/7/2026, 09.05.19","E32_WS (Sector A)","29.96","58.84","101.07","0.68","321","50.12","10955","86","1","2","138"
"30/7/2026, 09.05.24","E32_WS (Sector A)","29.96","58.9","101.07","0.52","326","50.12","10966","86","0","2","138"
"30/7/2026, 09.05.29","E32_WS (Sector A)","29.97","58.93","101.07","0.47","345","50.12","10966","86","1","2","138"
"30/7/2026, 09.05.34","E32_WS (Sector A)","29.96","59.04","101.07","0.54","340","50.12","11205","88","1","2","138"
"30/7/2026, 09.05.39","E32_WS (Sector A)","29.96","59.07","101.07","0.62","346","50.12","11205","88","1","2","138"
"30/7/2026, 09.05.44","E32_WS (Sector A)","29.97","59.17","101.07","0.58","344","50.12","11417","90","1","2","138"
"30/7/2026, 09.05.49","E32_WS (Sector A)","29.98","59.25","101.07","0.53","343","50.12","11417","90","1","2","138"
"30/7/2026, 09.05.54","E32_WS (Sector A)","29.98","59.2","101.07","0.47","329","50.12","11419","90","1","2","138"
"30/7/2026, 09.05.59","E32_WS (Sector A)","29.97","59.11","101.07","0.33","11","50.12","11419","90","1","2","138"
"30/7/2026, 09.06.04","E32_WS (Sector A)","29.98","59.06","101.07","0.47","1","50.12","11362","89","1","2","138"
"30/7/2026, 09.06.09","E32_WS (Sector A)","29.98","59.09","101.07","0.43","349","50.12","11316","89","1","2","138"
"30/7/2026, 09.06.14","E32_WS (Sector A)","29.98","59.05","101.07","0.53","343","50.12","11316","89","1","2","138"
"30/7/2026, 09.06.19","E32_WS (Sector A)","29.98","59.06","101.07","0.33","331","50.12","11316","89","1","2","138"
"30/7/2026, 09.06.24","E32_WS (Sector A)","29.98","59.07","101.07","0.55","314","50.12","11316","89","1","2","138"
"30/7/2026, 09.06.29","E32_WS (Sector A)","29.99","58.84","101.07","0.66","271","50.12","11392","89","1","2","138"
"30/7/2026, 09.06.34","E32_WS (Sector A)","29.99","58.66","101.07","0.41","255","50.12","11392","89","1","2","138"
"30/7/2026, 09.06.39","E32_WS (Sector A)","29.99","58.63","101.07","0.55","299","50.12","11305","89","1","2","138"
"30/7/2026, 09.06.44","E32_WS (Sector A)","29.98","58.45","101.07","0.54","292","50.12","11305","89","1","2","138"
"30/7/2026, 09.06.49","E32_WS (Sector A)","29.99","58.4","101.07","0.53","294","50.12","11067","87","1","2","138"
"30/7/2026, 09.06.54","E32_WS (Sector A)","29.98","58.31","101.07","0.51","290","50.12","10827","85","1","2","138"
"30/7/2026, 09.06.59","E32_WS (Sector A)","29.98","58.45","101.07","0.62","297","50.12","10827","85","1","2","138"
"30/7/2026, 09.07.04","E32_WS (Sector A)","29.98","58.58","101.07","0.49","323","50.12","10763","85","0","2","138"
"30/7/2026, 09.07.09","E32_WS (Sector A)","29.99","58.65","101.07","0.53","335","50.12","10763","85","1","2","138"
"30/7/2026, 09.07.14","E32_WS (Sector A)","29.99","58.74","101.07","0.5","337","50.12","10687","84","1","2","138"
"30/7/2026, 09.07.19","E32_WS (Sector A)","29.99","58.74","101.07","0.53","320","50.12","10687","84","1","2","138"
"30/7/2026, 09.07.24","E32_WS (Sector A)","29.99","58.58","101.07","0.76","314","50.12","10554","83","1","3","138"
"30/7/2026, 09.07.29","E32_WS (Sector A)","29.99","58.49","101.07","0.63","317","50.12","10554","83","1","3","138"
"30/7/2026, 09.07.34","E32_WS (Sector A)","29.99","58.48","101.07","0.59","306","50.12","10442","82","1","3","138"
"30/7/2026, 09.07.39","E32_WS (Sector A)","29.99","58.5","101.07","0.42","322","50.12","10401","82","1","3","138"
"30/7/2026, 09.07.44","E32_WS (Sector A)","30","58.5","101.07","0.59","266","50.12","10401","82","2","4","138"
"30/7/2026, 09.07.49","E32_WS (Sector A)","30","58.43","101.07","0.51","296","50.12","10586","83","2","4","138"
"30/7/2026, 09.07.54","E32_WS (Sector A)","30.01","58.42","101.07","0.22","290","50.12","10586","83","2","4","138"
"30/7/2026, 09.07.59","E32_WS (Sector A)","30","58.42","101.07","0.38","303","50.12","10596","83","2","4","138"
"30/7/2026, 09.08.04","E32_WS (Sector A)","30","58.46","101.07","0.43","333","50.12","10596","83","2","4","138"
"30/7/2026, 09.08.09","E32_WS (Sector A)","30.01","58.55","101.07","0.46","324","50.12","10708","84","2","4","138"
"30/7/2026, 09.08.14","E32_WS (Sector A)","30.01","58.56","101.07","0.45","332","50.12","10728","84","2","4","138"
"30/7/2026, 09.08.19","E32_WS (Sector A)","30.01","58.62","101.07","0.5","348","50.12","10728","84","2","4","138"
"30/7/2026, 09.08.24","E32_WS (Sector A)","30.01","58.66","101.07","0.43","5","50.12","10801","85","2","5","138"
"30/7/2026, 09.08.29","E32_WS (Sector A)","30.01","58.66","101.07","0.29","356","50.12","10801","85","2","4","138"
"30/7/2026, 09.08.34","E32_WS (Sector A)","30.02","58.62","101.07","0.33","358","50.12","10841","85","2","4","138"
"30/7/2026, 09.08.39","E32_WS (Sector A)","30.02","58.61","101.07","0.3","344","50.12","10841","85","1","3","138"
"30/7/2026, 09.08.44","E32_WS (Sector A)","30.02","58.61","101.07","0.32","1","50.12","10868","85","1","3","138"
"30/7/2026, 09.08.49","E32_WS (Sector A)","30.02","58.57","101.07","0.35","326","50.12","10868","85","1","3","138"
"30/7/2026, 09.08.54","E32_WS (Sector A)","30.03","58.56","101.07","0.27","342","50.12","10825","85","2","4","138"
"30/7/2026, 09.08.59","E32_WS (Sector A)","30.03","58.59","101.07","0.33","359","50.12","10816","85","2","4","138"
"30/7/2026, 09.09.04","E32_WS (Sector A)","30.03","58.63","101.07","0.35","346","50.12","10816","85","2","4","138"
"30/7/2026, 09.09.09","E32_WS (Sector A)","30.04","58.64","101.07","0.46","338","50.12","10878","85","2","4","138"
"30/7/2026, 09.09.14","E32_WS (Sector A)","30.04","58.66","101.07","0.33","344","50.12","10878","85","2","4","138"
"30/7/2026, 09.09.19","E32_WS (Sector A)","30.04","58.68","101.07","0.49","332","50.12","10932","86","2","4","138"
"30/7/2026, 09.09.24","E32_WS (Sector A)","30.05","58.59","101.07","0.5","315","50.12","10932","86","2","4","138"
"30/7/2026, 09.09.29","E32_WS (Sector A)","30.05","58.49","101.07","0.47","313","50.12","10986","86","2","4","138"
"30/7/2026, 09.09.34","E32_WS (Sector A)","30.05","58.5","101.07","0.48","318","50.12","10986","86","2","4","138"
"30/7/2026, 09.09.39","E32_WS (Sector A)","30.06","58.48","101.07","0.56","302","50.12","11067","87","1","3","138"
"30/7/2026, 09.09.44","E32_WS (Sector A)","30.06","58.5","101.07","0.55","336","50.12","11078","87","1","3","138"
"30/7/2026, 09.09.49","E32_WS (Sector A)","30.07","58.53","101.07","0.47","341","50.12","11078","87","1","3","138"
"30/7/2026, 09.09.54","E32_WS (Sector A)","30.07","58.59","101.07","0.47","341","50.12","11013","87","1","3","138"
"30/7/2026, 09.09.59","E32_WS (Sector A)","30.07","58.63","101.07","0.44","335","50.12","11013","87","1","3","138"
"30/7/2026, 09.10.04","E32_WS (Sector A)","30.07","58.63","101.07","0.31","343","50.12","11169","88","1","3","138"
"30/7/2026, 09.10.09","E32_WS (Sector A)","30.07","58.61","101.07","0.43","278","50.12","11169","88","1","3","138"
"30/7/2026, 09.10.14","E32_WS (Sector A)","30.08","58.41","101.07","0.3","287","50.12","11075","87","1","3","138"
"30/7/2026, 09.10.19","E32_WS (Sector A)","30.08","58.41","101.07","0.35","311","50.12","11075","87","1","3","138"
"30/7/2026, 09.10.24","E32_WS (Sector A)","30.08","58.38","101.07","0.39","0","50.12","11004","86","2","3","138"
"30/7/2026, 09.10.29","E32_WS (Sector A)","30.09","58.43","101.07","0.39","320","50.12","11055","87","2","4","138"
"30/7/2026, 09.10.34","E32_WS (Sector A)","30.09","58.43","101.07","0.28","6","50.12","11055","87","2","4","138"
"30/7/2026, 09.10.39","E32_WS (Sector A)","30.09","58.46","101.07","0.4","26","50.12","11102","87","2","4","138"
"30/7/2026, 09.10.44","E32_WS (Sector A)","30.09","58.45","101.07","0.57","3","50.12","11102","87","2","4","138"
"30/7/2026, 09.10.49","E32_WS (Sector A)","30.1","58.44","101.07","0.56","341","50.12","11115","87","2","4","138"
"30/7/2026, 09.10.54","E32_WS (Sector A)","30.1","58.43","101.07","0.52","332","50.12","11115","87","1","3","138"
"30/7/2026, 09.10.59","E32_WS (Sector A)","30.11","58.48","101.07","0.61","338","50.12","11070","87","2","3","138"
"30/7/2026, 09.11.04","E32_WS (Sector A)","30.11","58.48","101.07","0.72","348","50.12","11070","87","2","4","138"
"30/7/2026, 09.11.09","E32_WS (Sector A)","30.11","58.66","101.07","0.74","345","50.12","10983","86","2","4","138"
"30/7/2026, 09.11.14","E32_WS (Sector A)","30.11","58.64","101.07","0.67","338","50.12","11035","87","2","4","138"
"30/7/2026, 09.11.19","E32_WS (Sector A)","30.11","58.58","101.07","0.32","340","50.12","11035","87","1","3","138"
"30/7/2026, 09.11.24","E32_WS (Sector A)","30.12","58.55","101.07","0.25","346","50.12","11086","87","1","3","138"
"30/7/2026, 09.11.29","E32_WS (Sector A)","30.12","58.55","101.07","0.37","1","50.12","11086","87","1","3","138"
"30/7/2026, 09.11.34","E32_WS (Sector A)","30.12","58.55","101.07","0.42","351","50.12","11130","87","2","4","138"
"30/7/2026, 09.11.39","E32_WS (Sector A)","30.13","58.52","101.07","0.5","340","50.12","11130","87","2","3","138"
"30/7/2026, 09.11.44","E32_WS (Sector A)","30.13","58.47","101.07","0.55","345","50.12","11132","87","2","4","138"
"30/7/2026, 09.11.49","E32_WS (Sector A)","30.14","58.44","101.07","0.53","340","50.12","11132","87","1","3","138"
"30/7/2026, 09.11.54","E32_WS (Sector A)","30.14","58.18","101.07","0.52","302","50.12","11098","87","1","3","138"
"30/7/2026, 09.11.59","E32_WS (Sector A)","30.14","58.2","101.07","0.64","310","50.12","11068","87","1","3","138"
"30/7/2026, 09.12.04","E32_WS (Sector A)","30.14","58.18","101.07","0.66","323","50.12","11068","87","1","3","138"
"30/7/2026, 09.12.09","E32_WS (Sector A)","30.15","58.17","101.07","0.65","328","50.12","11056","87","1","3","138"
"30/7/2026, 09.12.14","E32_WS (Sector A)","30.15","58.24","101.07","0.64","340","50.12","11056","87","1","3","138"
"30/7/2026, 09.12.19","E32_WS (Sector A)","30.15","58.32","101.07","0.62","334","50.12","11087","87","1","3","138"
"30/7/2026, 09.12.24","E32_WS (Sector A)","30.15","58.29","101.07","0.62","355","50.12","11087","87","1","3","138"
"30/7/2026, 09.12.29","E32_WS (Sector A)","30.15","58.35","101.07","0.55","322","50.12","11106","87","1","3","138"
"30/7/2026, 09.12.34","E32_WS (Sector A)","30.16","58.18","101.07","0.59","308","50.12","11106","87","1","2","138"
"30/7/2026, 09.12.39","E32_WS (Sector A)","30.16","58.08","101.07","0.62","338","50.12","11108","87","1","2","138"
"30/7/2026, 09.12.44","E32_WS (Sector A)","30.17","58.11","101.07","0.56","349","50.12","11116","87","1","2","138"
"30/7/2026, 09.12.49","E32_WS (Sector A)","30.17","58.13","101.07","0.25","5","50.12","11116","87","1","2","138"
"30/7/2026, 09.12.54","E32_WS (Sector A)","30.17","58.16","101.07","0.14","6","50.12","11062","87","1","2","138"
"30/7/2026, 09.12.59","E32_WS (Sector A)","30.17","58.17","101.07","0.37","329","50.12","11062","87","1","2","138"
"30/7/2026, 09.13.04","E32_WS (Sector A)","30.18","58.16","101.07","0.55","341","50.12","11119","87","1","2","138"
"30/7/2026, 09.13.09","E32_WS (Sector A)","30.18","58.22","101.07","0.55","341","50.12","11119","87","1","2","138"
"30/7/2026, 09.13.14","E32_WS (Sector A)","30.19","58.31","101.07","0.49","335","50.12","11139","87","1","2","138"
"30/7/2026, 09.13.19","E32_WS (Sector A)","30.19","58.32","101.07","0.36","338","50.12","11139","87","1","2","138"
"30/7/2026, 09.13.24","E32_WS (Sector A)","30.19","58.35","101.07","0.63","351","50.12","11300","89","1","2","138"
"30/7/2026, 09.13.29","E32_WS (Sector A)","30.19","58.4","101.07","0.63","321","50.12","11284","89","1","2","138"
"30/7/2026, 09.13.34","E32_WS (Sector A)","30.19","58.05","101.07","0.61","326","50.12","11284","89","1","2","138"
"30/7/2026, 09.13.39","E32_WS (Sector A)","30.19","57.79","101.07","0.81","336","50.12","11530","91","1","2","138"
"30/7/2026, 09.13.44","E32_WS (Sector A)","30.2","57.84","101.07","0.43","295","50.12","11530","91","1","2","138"
"30/7/2026, 09.13.49","E32_WS (Sector A)","30.2","57.76","101.07","0.43","313","50.12","11735","92","1","2","138"
"30/7/2026, 09.13.54","E32_WS (Sector A)","30.2","57.73","101.07","0.58","341","50.12","11735","92","1","2","138"
"30/7/2026, 09.13.59","E32_WS (Sector A)","30.2","57.7","101.07","0.58","305","50.12","12006","94","1","2","138"
"30/7/2026, 09.14.04","E32_WS (Sector A)","30.21","57.79","101.07","0.43","324","50.12","12006","94","1","2","138"
"30/7/2026, 09.14.09","E32_WS (Sector A)","30.21","57.83","101.07","0.58","321","50.12","11964","94","1","2","138"
"30/7/2026, 09.14.14","E32_WS (Sector A)","30.21","57.84","101.07","0.57","329","50.12","11927","94","1","2","138"
"30/7/2026, 09.14.19","E32_WS (Sector A)","30.22","57.82","101.08","0.68","337","50.12","11927","94","1","2","138"
"30/7/2026, 09.14.24","E32_WS (Sector A)","30.22","57.78","101.07","0.73","343","50.12","12061","95","1","2","138"
"30/7/2026, 09.14.29","E32_WS (Sector A)","30.22","57.76","101.07","0.54","325","50.12","12061","95","1","2","138"
"30/7/2026, 09.14.34","E32_WS (Sector A)","30.22","57.49","101.07","0.35","292","50.12","12063","95","1","2","138"
"30/7/2026, 09.14.39","E32_WS (Sector A)","30.22","57.43","101.07","0.53","318","50.12","12063","95","1","2","138"
"30/7/2026, 09.14.44","E32_WS (Sector A)","30.22","57.46","101.07","0.56","313","50.12","12067","95","1","2","138"
"30/7/2026, 09.14.49","E32_WS (Sector A)","30.22","57.4","101.07","0.38","333","50.12","12067","95","1","2","138"
"30/7/2026, 09.14.54","E32_WS (Sector A)","30.23","57.42","101.07","0.34","330","50.12","12143","95","1","2","138"
"30/7/2026, 09.14.59","E32_WS (Sector A)","30.22","57.44","101.07","0.49","287","50.12","12190","96","1","2","138"
"30/7/2026, 09.15.04","E32_WS (Sector A)","30.23","57.42","101.07","0.59","326","50.12","12190","96","1","2","138"
"30/7/2026, 09.15.09","E32_WS (Sector A)","30.23","57.45","101.07","0.36","316","50.12","12295","97","1","2","138"
"30/7/2026, 09.15.14","E32_WS (Sector A)","30.24","57.49","101.07","0.4","264","50.12","12295","97","1","2","138"
"30/7/2026, 09.15.19","E32_WS (Sector A)","30.23","57.43","101.07","0.43","280","50.12","12555","99","1","2","138"
"30/7/2026, 09.15.24","E32_WS (Sector A)","30.23","57.38","101.07","0.43","294","50.12","12555","99","1","2","138"
"30/7/2026, 09.15.29","E32_WS (Sector A)","30.23","57.33","101.07","0.5","314","50.12","12563","99","1","2","138"
"30/7/2026, 09.15.34","E32_WS (Sector A)","30.24","57.34","101.07","0.48","307","50.12","12563","99","1","2","138"
"30/7/2026, 09.15.39","E32_WS (Sector A)","30.24","57.33","101.07","0.58","322","50.12","12634","99","1","2","138"
"30/7/2026, 09.15.44","E32_WS (Sector A)","30.23","57.36","101.07","0.61","322","50.12","12629","99","1","2","138"
"30/7/2026, 09.15.49","E32_WS (Sector A)","30.23","57.41","101.07","0.57","319","50.12","12629","99","1","2","138"
"30/7/2026, 09.15.54","E32_WS (Sector A)","30.24","57.31","101.07","0.13","282","50.12","12695","100","1","2","138"
"30/7/2026, 09.15.59","E32_WS (Sector A)","30.23","57.34","101.07","0.41","283","50.12","12695","100","1","2","138"
"30/7/2026, 09.16.04","E32_WS (Sector A)","30.23","57.16","101.07","0.62","282","50.12","12773","100","1","2","138"
"30/7/2026, 09.16.09","E32_WS (Sector A)","30.23","57.21","101.07","0.53","299","50.12","12773","100","1","2","138"
"30/7/2026, 09.16.14","E32_WS (Sector A)","30.23","57.19","101.07","0.45","314","50.12","12596","99","1","2","138"
"30/7/2026, 09.16.19","E32_WS (Sector A)","30.23","57.26","101.07","0.56","314","50.12","12596","99","1","2","138"
"30/7/2026, 09.16.24","E32_WS (Sector A)","30.23","57.42","101.07","0.5","330","50.12","12529","98","1","2","138"
"30/7/2026, 09.16.29","E32_WS (Sector A)","30.24","57.51","101.07","0.58","329","50.12","12154","96","1","2","138"
"30/7/2026, 09.16.34","E32_WS (Sector A)","30.24","57.53","101.07","0.47","326","50.12","12154","96","1","2","138"
"30/7/2026, 09.16.39","E32_WS (Sector A)","30.24","57.42","101.07","0.54","304","50.12","11944","94","1","2","138"
"30/7/2026, 09.16.44","E32_WS (Sector A)","30.24","57.26","101.07","0.51","327","50.12","11944","94","1","2","138"
"30/7/2026, 09.16.49","E32_WS (Sector A)","30.24","57.17","101.07","0.48","328","50.12","11798","93","1","2","138"
"30/7/2026, 09.16.54","E32_WS (Sector A)","30.24","57.26","101.07","0.48","331","50.12","11798","93","1","2","138"
"30/7/2026, 09.16.59","E32_WS (Sector A)","30.24","57.35","101.07","0.4","328","50.12","11734","92","1","2","138"
"30/7/2026, 09.17.04","E32_WS (Sector A)","30.24","57.42","101.07","0.3","346","50.12","11734","92","1","2","138"
"30/7/2026, 09.17.09","E32_WS (Sector A)","30.24","57.48","101.07","0.35","348","50.12","11661","92","1","2","138"
"30/7/2026, 09.17.14","E32_WS (Sector A)","30.24","57.5","101.07","0.43","356","50.12","11643","91","1","2","138"
"30/7/2026, 09.17.19","E32_WS (Sector A)","30.25","57.48","101.07","0.39","357","50.12","11643","91","1","2","138"
"30/7/2026, 09.17.24","E32_WS (Sector A)","30.25","57.44","101.07","0.31","0","50.12","11586","91","1","2","138"
"30/7/2026, 09.17.29","E32_WS (Sector A)","30.25","57.42","101.07","0.54","328","50.12","11586","91","1","2","138"
"30/7/2026, 09.17.34","E32_WS (Sector A)","30.25","57.47","101.07","0.47","339","50.12","11719","92","1","2","138"
"30/7/2026, 09.17.39","E32_WS (Sector A)","30.25","57.54","101.07","0.37","344","50.12","11719","92","1","2","138"
"30/7/2026, 09.17.44","E32_WS (Sector A)","30.25","57.55","101.07","0.45","295","50.12","12091","95","1","2","138"
"30/7/2026, 09.17.49","E32_WS (Sector A)","30.26","57.25","101.07","0.28","10","50.12","12091","95","1","2","138"
"30/7/2026, 09.17.54","E32_WS (Sector A)","30.26","57.3","101.07","0.26","326","50.12","12328","97","1","2","138"
"30/7/2026, 09.17.59","E32_WS (Sector A)","30.26","57.18","101.07","0.46","351","50.12","12320","97","1","2","138"
"30/7/2026, 09.18.04","E32_WS (Sector A)","30.26","57.21","101.07","0.37","334","50.12","12320","97","1","2","138"
"30/7/2026, 09.18.09","E32_WS (Sector A)","30.26","57.22","101.07","0.47","312","50.12","12435","98","1","2","138"
"30/7/2026, 09.18.14","E32_WS (Sector A)","30.26","57.12","101.07","0.4","310","50.12","12435","98","1","2","138"
"30/7/2026, 09.18.19","E32_WS (Sector A)","30.27","57.08","101.07","0.23","324","50.12","12425","98","1","2","138"
"30/7/2026, 09.18.24","E32_WS (Sector A)","30.27","57.11","101.07","0.23","3","50.12","12425","98","1","2","138"
"30/7/2026, 09.18.29","E32_WS (Sector A)","30.27","57.19","101.07","0.22","354","50.12","12409","98","1","2","138"
"30/7/2026, 09.18.34","E32_WS (Sector A)","30.27","57.2","101.07","0.18","331","50.12","12409","98","1","2","138"
"30/7/2026, 09.18.39","E32_WS (Sector A)","30.28","57.18","101.07","0.23","33","50.12","12307","97","1","2","138"
"30/7/2026, 09.18.44","E32_WS (Sector A)","30.28","57.11","101.07","0.34","331","50.12","12281","97","1","2","138"
"30/7/2026, 09.18.49","E32_WS (Sector A)","30.29","57.09","101.07","0.41","331","50.12","12281","97","1","2","138"
"30/7/2026, 09.18.54","E32_WS (Sector A)","30.29","57.13","101.07","0.35","332","50.12","12239","96","1","2","138"
"30/7/2026, 09.18.59","E32_WS (Sector A)","30.29","57.19","101.07","0.2","7","50.12","12239","96","1","2","138"
"30/7/2026, 09.19.04","E32_WS (Sector A)","30.3","57.15","101.07","0.41","1","50.12","12244","96","1","2","138"
"30/7/2026, 09.19.09","E32_WS (Sector A)","30.3","57.14","101.07","0.36","340","50.12","12244","96","1","2","138"
"30/7/2026, 09.19.14","E32_WS (Sector A)","30.3","57.17","101.07","0.43","344","50.12","12171","96","1","2","138"
"30/7/2026, 09.19.19","E32_WS (Sector A)","30.31","57.22","101.07","0.43","348","50.12","12171","96","1","2","138"
"30/7/2026, 09.19.24","E32_WS (Sector A)","30.31","57.24","101.06","0.41","359","50.12","12122","95","1","2","138"
"30/7/2026, 09.19.29","E32_WS (Sector A)","30.31","57.23","101.07","0.37","9","50.12","12096","95","1","2","138"
"30/7/2026, 09.19.34","E32_WS (Sector A)","30.31","57.17","101.06","0.35","324","50.12","12096","95","1","2","138"
"30/7/2026, 09.19.39","E32_WS (Sector A)","30.32","57.01","101.07","0.41","320","50.12","12205","96","1","2","138"
"30/7/2026, 09.19.44","E32_WS (Sector A)","30.32","56.94","101.07","0.23","3","50.12","12205","96","1","2","138"
"30/7/2026, 09.19.49","E32_WS (Sector A)","30.32","57","101.07","0.27","353","50.12","12287","97","1","2","138"
"30/7/2026, 09.19.54","E32_WS (Sector A)","30.32","56.99","101.07","0.28","345","50.12","12287","97","1","2","138"
"30/7/2026, 09.19.59","E32_WS (Sector A)","30.33","56.91","101.07","0.47","332","50.12","12343","97","1","2","138"
"30/7/2026, 09.20.04","E32_WS (Sector A)","30.33","56.89","101.07","0.55","335","50.12","12343","97","1","2","138"
"30/7/2026, 09.20.09","E32_WS (Sector A)","30.33","56.9","101.07","0.47","342","50.12","12352","97","1","2","138"
"30/7/2026, 09.20.14","E32_WS (Sector A)","30.33","56.97","101.06","0.39","352","50.12","12207","96","1","2","138"
"30/7/2026, 09.20.19","E32_WS (Sector A)","30.34","57.05","101.07","0.46","345","50.12","12207","96","1","2","138"
"30/7/2026, 09.20.24","E32_WS (Sector A)","30.34","57.1","101.07","0.52","344","50.12","12189","96","1","2","138"
"30/7/2026, 09.20.29","E32_WS (Sector A)","30.35","57.18","101.07","0.56","341","50.12","12189","96","1","2","138"
"30/7/2026, 09.20.34","E32_WS (Sector A)","30.35","57.31","101.07","0.46","344","50.12","12280","97","1","2","138"
"30/7/2026, 09.20.39","E32_WS (Sector A)","30.36","57.21","101.07","0.5","327","50.12","12280","97","1","2","138"
"30/7/2026, 09.20.44","E32_WS (Sector A)","30.36","56.93","101.07","0.61","302","50.12","12282","97","0","2","138"
"30/7/2026, 09.20.49","E32_WS (Sector A)","30.37","56.84","101.07","0.68","311","50.12","12282","97","0","2","138"
"30/7/2026, 09.20.54","E32_WS (Sector A)","30.37","56.78","101.07","0.55","318","50.12","12320","97","0","2","138"
"30/7/2026, 09.20.59","E32_WS (Sector A)","30.37","56.78","101.07","0.3","327","50.12","12395","97","0","1","138"
"30/7/2026, 09.21.04","E32_WS (Sector A)","30.37","56.76","101.07","0.42","329","50.12","12395","97","0","2","138"
"30/7/2026, 09.21.09","E32_WS (Sector A)","30.38","56.72","101.07","0.4","355","50.12","12357","97","0","2","138"
"30/7/2026, 09.21.14","E32_WS (Sector A)","30.39","56.76","101.07","0.52","352","50.12","12357","97","0","2","138"
"30/7/2026, 09.21.19","E32_WS (Sector A)","30.39","56.78","101.07","0.17","6","50.12","12633","99","0","2","138"
"30/7/2026, 09.21.24","E32_WS (Sector A)","30.39","56.81","101.07","0.35","17","50.12","12633","99","0","2","138"
"30/7/2026, 09.21.29","E32_WS (Sector A)","30.39","56.77","101.07","0.5","338","50.12","12398","97","0","2","138"
"30/7/2026, 09.21.34","E32_WS (Sector A)","30.4","56.87","101.07","0.63","352","50.12","12471","98","0","2","138"
"30/7/2026, 09.21.39","E32_WS (Sector A)","30.4","56.93","101.07","0.51","330","50.12","12471","98","1","2","138"
"30/7/2026, 09.21.44","E32_WS (Sector A)","30.4","56.79","101.07","0.57","346","50.12","12482","98","1","2","138"
"30/7/2026, 09.21.49","E32_WS (Sector A)","30.4","56.75","101.07","0.31","349","50.12","12482","98","0","2","138"
"30/7/2026, 09.21.54","E32_WS (Sector A)","30.41","56.62","101.07","0.47","345","50.12","12427","98","0","2","138"
"30/7/2026, 09.21.59","E32_WS (Sector A)","30.41","56.6","101.07","0.53","339","50.12","12427","98","0","1","138"
"30/7/2026, 09.22.04","E32_WS (Sector A)","30.42","56.69","101.07","0.39","347","50.12","11983","94","0","2","138"
"30/7/2026, 09.22.09","E32_WS (Sector A)","30.42","56.77","101.07","0.37","0","50.12","11983","94","0","2","138"
"30/7/2026, 09.22.14","E32_WS (Sector A)","30.42","56.74","101.07","0.17","326","50.12","11797","93","0","2","138"
"30/7/2026, 09.22.19","E32_WS (Sector A)","30.43","56.43","101.07","0.28","276","50.12","11707","92","0","2","138"
"30/7/2026, 09.22.24","E32_WS (Sector A)","30.44","56.26","101.07","0.42","296","50.12","11707","92","0","2","138"
"30/7/2026, 09.22.29","E32_WS (Sector A)","30.44","56.27","101.07","0.28","328","50.12","11697","92","0","2","138"
"30/7/2026, 09.22.34","E32_WS (Sector A)","30.44","56.31","101.06","0.18","42","50.12","11697","92","0","1","138"
"30/7/2026, 09.22.39","E32_WS (Sector A)","30.45","56.28","101.06","0.35","342","50.12","11756","92","0","2","138"
"30/7/2026, 09.22.44","E32_WS (Sector A)","30.45","56.2","101.06","0.35","328","50.12","11756","92","0","2","138"
"30/7/2026, 09.22.49","E32_WS (Sector A)","30.46","56.23","101.06","0.46","352","50.12","11545","91","0","1","138"
"30/7/2026, 09.22.54","E32_WS (Sector A)","30.46","56.33","101.06","0.47","10","50.12","11545","91","0","1","138"
"30/7/2026, 09.22.59","E32_WS (Sector A)","30.46","56.34","101.06","0.41","324","50.12","11641","91","0","1","138"
"30/7/2026, 09.23.04","E32_WS (Sector A)","30.47","56.21","101.06","0.42","0","50.12","11976","94","0","1","138"
"30/7/2026, 09.23.09","E32_WS (Sector A)","30.47","56.24","101.07","0.43","356","50.12","11976","94","0","1","138"
"30/7/2026, 09.23.14","E32_WS (Sector A)","30.48","56.29","101.06","0.52","346","50.12","12182","96","0","1","138"
"30/7/2026, 09.23.19","E32_WS (Sector A)","30.48","56.23","101.06","0.69","339","50.12","12182","96","0","1","138"
"30/7/2026, 11.29.50","E32_WS (Sector A)","30.48","56.23","101.06","0.69","339","50.12","12182","96","0","1","138"
"30/7/2026, 11.37.30","E32_WS (Sector A)","30.48","56.23","101.06","0.69","339","50.12","12182","96","0","1","138"
"30/7/2026, 11.37.54","E32_WS (Sector A)","30.48","56.23","101.06","0.69","339","50.12","12182","96","0","1","138"
"30/7/2026, 11.54.47","E32_WS (Sector A)","30.48","56.23","101.06","0.69","339","50.12","12182","96","0","1","138"
"30/7/2026, 21.28.23","E32_WS (Sector A)","28.95","68.92","101.07","0.37","352","50.12","0","0","0","0","138"
"30/7/2026, 21.28.28","E32_WS (Sector A)","28.95","68.91","101.07","0.39","347","50.12","2","0","0","1","138"
"30/7/2026, 21.28.33","E32_WS (Sector A)","28.95","68.86","101.07","0.34","356","50.12","2","0","0","1","138"
"30/7/2026, 21.28.38","E32_WS (Sector A)","28.95","68.82","101.07","0.52","337","50.12","2","0","0","1","138"
"30/7/2026, 21.28.43","E32_WS (Sector A)","28.95","68.85","101.07","0.41","321","50.12","2","0","0","1","138"
"30/7/2026, 21.28.48","E32_WS (Sector A)","28.95","68.88","101.07","0.38","345","50.12","2","0","0","2","138"
"30/7/2026, 21.28.53","E32_WS (Sector A)","28.95","68.87","101.07","0.37","349","50.12","2","0","0","2","138"
"30/7/2026, 21.28.58","E32_WS (Sector A)","28.95","68.85","101.07","0.55","21","50.12","2","0","0","1","138"
"30/7/2026, 21.29.03","E32_WS (Sector A)","28.95","68.91","101.07","0.29","3","50.12","2","0","0","2","138"
"30/7/2026, 21.29.08","E32_WS (Sector A)","28.95","68.92","101.07","0.38","307","50.12","2","0","0","2","138"
"30/7/2026, 21.29.13","E32_WS (Sector A)","28.96","68.96","101.07","0.22","329","50.12","2","0","0","2","138"
"30/7/2026, 21.29.18","E32_WS (Sector A)","28.95","68.9","101.07","0.41","28","50.12","2","0","0","2","138"
"30/7/2026, 21.29.23","E32_WS (Sector A)","28.95","68.9","101.07","0.35","344","50.12","2","0","0","2","138"
"30/7/2026, 21.29.28","E32_WS (Sector A)","28.95","68.83","101.07","0.5","305","50.12","2","0","0","1","138"
"30/7/2026, 21.29.33","E32_WS (Sector A)","28.95","68.63","101.07","0.48","316","50.12","2","0","0","1","138"
"30/7/2026, 21.29.38","E32_WS (Sector A)","28.94","68.5","101.07","0.43","315","50.12","2","0","0","1","138"
"30/7/2026, 21.29.43","E32_WS (Sector A)","28.95","68.4","101.07","0.37","330","50.12","2","0","0","1","138"
"30/7/2026, 21.29.48","E32_WS (Sector A)","28.95","68.38","101.07","0.51","349","50.12","2","0","0","1","138"
"30/7/2026, 21.29.53","E32_WS (Sector A)","28.95","68.42","101.07","0.58","343","50.12","2","0","0","1","138"
"30/7/2026, 21.29.58","E32_WS (Sector A)","28.95","68.56","101.07","0.73","341","50.12","2","0","0","2","138"
"30/7/2026, 21.30.03","E32_WS (Sector A)","28.95","68.59","101.07","0.69","347","50.12","2","0","0","2","138"
"30/7/2026, 21.30.08","E32_WS (Sector A)","28.95","68.67","101.07","0.71","350","50.12","2","0","0","2","138"
"30/7/2026, 21.30.13","E32_WS (Sector A)","28.95","68.73","101.07","0.38","347","50.12","2","0","0","1","138"
"30/7/2026, 21.30.18","E32_WS (Sector A)","28.95","68.79","101.07","0.54","302","50.12","2","0","0","1","138"
"30/7/2026, 21.30.23","E32_WS (Sector A)","28.95","68.79","101.07","0.55","314","50.12","2","0","0","1","138"
"30/7/2026, 21.30.28","E32_WS (Sector A)","28.95","68.81","101.07","0.43","344","50.12","2","0","0","1","138"
"30/7/2026, 21.30.33","E32_WS (Sector A)","28.95","68.8","101.07","0.45","322","50.12","2","0","0","1","138"
"30/7/2026, 21.30.38","E32_WS (Sector A)","28.95","68.73","101.07","0.39","333","50.12","2","0","0","1","138"
"30/7/2026, 21.30.43","E32_WS (Sector A)","28.95","68.67","101.07","0.41","350","50.12","2","0","0","2","138"
"30/7/2026, 21.30.48","E32_WS (Sector A)","28.95","68.64","101.07","0.38","325","50.12","2","0","0","1","138"
"30/7/2026, 21.30.53","E32_WS (Sector A)","28.95","68.62","101.07","0.54","354","50.12","2","0","0","1","138"
"30/7/2026, 21.30.58","E32_WS (Sector A)","28.95","68.62","101.07","0.43","332","50.12","2","0","0","1","138"
"30/7/2026, 21.31.03","E32_WS (Sector A)","28.95","68.65","101.07","0.44","312","50.12","2","0","0","1","138"
"30/7/2026, 21.31.08","E32_WS (Sector A)","28.94","68.69","101.07","0.46","307","50.12","2","0","0","1","138"
"30/7/2026, 21.31.13","E32_WS (Sector A)","28.95","68.69","101.07","0.45","318","50.12","2","0","0","1","138"
"30/7/2026, 21.31.18","E32_WS (Sector A)","28.95","68.64","101.07","0.49","351","50.12","2","0","0","1","138"
"30/7/2026, 21.31.23","E32_WS (Sector A)","28.95","68.63","101.07","0.64","343","50.12","2","0","0","1","138"
"30/7/2026, 21.31.28","E32_WS (Sector A)","28.95","68.64","101.07","0.47","358","50.12","2","0","0","1","138"
"30/7/2026, 21.31.33","E32_WS (Sector A)","28.95","68.71","101.07","0.53","340","50.12","2","0","0","2","138"
"30/7/2026, 21.31.38","E32_WS (Sector A)","28.95","68.76","101.07","0.2","14","50.12","2","0","0","1","138"
"30/7/2026, 21.31.43","E32_WS (Sector A)","28.95","68.81","101.07","0.33","313","50.12","2","0","0","1","138"
"30/7/2026, 21.31.48","E32_WS (Sector A)","28.95","68.79","101.07","0.54","6","50.12","2","0","0","1","138"
"30/7/2026, 21.31.53","E32_WS (Sector A)","28.95","68.8","101.07","0.52","303","50.12","2","0","0","1","138"
"30/7/2026, 21.31.58","E32_WS (Sector A)","28.95","68.65","101.07","0.45","303","50.12","2","0","0","1","138"
"30/7/2026, 21.32.03","E32_WS (Sector A)","28.94","68.61","101.07","0.43","313","50.12","2","0","0","1","138"
"30/7/2026, 21.32.08","E32_WS (Sector A)","28.94","68.62","101.07","0.41","320","50.12","2","0","0","1","138"
"30/7/2026, 21.32.13","E32_WS (Sector A)","28.95","68.6","101.07","0.38","29","50.12","2","0","0","1","138"
"30/7/2026, 21.32.18","E32_WS (Sector A)","28.95","68.62","101.07","0.31","332","50.12","2","0","0","1","138"
"30/7/2026, 21.32.23","E32_WS (Sector A)","28.95","68.67","101.07","0.54","322","50.12","2","0","0","1","138"
"30/7/2026, 21.32.28","E32_WS (Sector A)","28.95","68.68","101.07","0.54","327","50.12","2","0","0","1","138"
"30/7/2026, 21.32.33","E32_WS (Sector A)","28.95","68.67","101.07","0.59","320","50.12","2","0","0","1","138"
"30/7/2026, 21.32.38","E32_WS (Sector A)","28.95","68.65","101.07","0.39","326","50.12","2","0","0","1","138"
"30/7/2026, 21.32.43","E32_WS (Sector A)","28.95","68.63","101.07","0.54","343","50.12","2","0","0","1","138"
"30/7/2026, 21.32.48","E32_WS (Sector A)","28.95","68.62","101.07","0.57","326","50.12","2","0","0","1","138"
"30/7/2026, 21.32.53","E32_WS (Sector A)","28.95","68.7","101.07","0.54","313","50.12","2","0","0","1","138"
"30/7/2026, 21.32.58","E32_WS (Sector A)","28.95","68.73","101.07","0.69","330","50.12","2","0","0","1","138"
"30/7/2026, 21.33.03","E32_WS (Sector A)","28.95","68.71","101.06","0.39","29","50.12","2","0","0","2","138"
"30/7/2026, 21.33.08","E32_WS (Sector A)","28.95","68.71","101.07","0.44","323","50.12","2","0","0","2","138"
"30/7/2026, 21.33.13","E32_WS (Sector A)","28.95","68.7","101.07","0.58","2","50.12","2","0","0","1","138"
"30/7/2026, 21.33.18","E32_WS (Sector A)","28.95","68.73","101.07","0.31","349","50.12","2","0","0","1","138"
"30/7/2026, 21.33.23","E32_WS (Sector A)","28.95","68.76","101.07","0.52","309","50.12","2","0","0","1","138"
"30/7/2026, 21.33.28","E32_WS (Sector A)","28.96","68.79","101.07","0.46","347","50.12","2","0","0","1","138"
"30/7/2026, 21.33.33","E32_WS (Sector A)","28.95","68.8","101.06","0.14","323","50.12","2","0","0","1","138"
"30/7/2026, 21.33.38","E32_WS (Sector A)","28.95","68.81","101.07","0.36","328","50.12","2","0","0","1","138"
"30/7/2026, 21.33.43","E32_WS (Sector A)","28.96","68.82","101.07","0.48","330","50.12","2","0","0","1","138"
"30/7/2026, 21.33.48","E32_WS (Sector A)","28.95","68.8","101.07","0.48","346","50.12","2","0","0","1","138"
"30/7/2026, 21.33.53","E32_WS (Sector A)","28.95","68.8","101.07","0.35","328","50.12","2","0","0","1","138"
"30/7/2026, 21.33.58","E32_WS (Sector A)","28.95","68.79","101.07","0.35","341","50.12","2","0","0","1","138"
"30/7/2026, 21.34.03","E32_WS (Sector A)","28.96","68.74","101.07","0.39","338","50.12","2","0","0","1","138"
"30/7/2026, 21.34.08","E32_WS (Sector A)","28.96","68.77","101.07","0.41","331","50.12","2","0","0","1","138"
"30/7/2026, 21.34.13","E32_WS (Sector A)","28.95","68.81","101.07","0.35","323","50.12","2","0","0","1","138"
"30/7/2026, 21.34.18","E32_WS (Sector A)","28.96","68.85","101.07","0.4","334","50.12","2","0","0","1","138"
"30/7/2026, 21.34.23","E32_WS (Sector A)","28.96","68.84","101.07","0.38","317","50.12","2","0","0","1","138"
"30/7/2026, 21.34.28","E32_WS (Sector A)","28.95","68.82","101.07","0.41","314","50.12","2","0","0","1","138"
"30/7/2026, 21.34.33","E32_WS (Sector A)","28.95","68.85","101.07","0.31","330","50.12","2","0","0","1","138"
"30/7/2026, 21.34.38","E32_WS (Sector A)","28.96","68.82","101.07","0.38","339","50.12","2","0","0","1","138"
"30/7/2026, 21.34.43","E32_WS (Sector A)","28.96","68.8","101.07","0.41","325","50.12","2","0","0","1","138"
"30/7/2026, 21.34.48","E32_WS (Sector A)","28.95","68.85","101.07","0.4","342","50.12","2","0","0","1","138"
"30/7/2026, 21.34.53","E32_WS (Sector A)","28.96","68.83","101.07","0.59","329","50.12","2","0","0","1","138"
"30/7/2026, 21.34.58","E32_WS (Sector A)","28.96","68.87","101.07","0.76","340","50.12","2","0","0","1","138"
"30/7/2026, 21.35.03","E32_WS (Sector A)","28.96","68.8","101.07","0.46","359","50.12","2","0","0","1","138"
"30/7/2026, 21.35.08","E32_WS (Sector A)","28.96","68.79","101.07","0.61","340","50.12","2","0","0","1","138"
"30/7/2026, 21.35.13","E32_WS (Sector A)","28.96","68.86","101.07","0.41","350","50.12","2","0","0","1","138"
"30/7/2026, 21.35.18","E32_WS (Sector A)","28.96","68.87","101.07","0.3","322","50.12","2","0","0","1","138"
"30/7/2026, 21.35.23","E32_WS (Sector A)","28.96","68.89","101.07","0.39","321","50.12","2","0","0","1","138"
"30/7/2026, 21.35.28","E32_WS (Sector A)","28.96","68.88","101.07","0.24","324","50.12","2","0","0","1","138"
"30/7/2026, 21.35.33","E32_WS (Sector A)","28.96","68.85","101.07","0.47","339","50.12","2","0","0","1","138"
"30/7/2026, 21.35.38","E32_WS (Sector A)","28.96","68.83","101.07","0.41","353","50.12","2","0","0","1","138"
"30/7/2026, 21.35.43","E32_WS (Sector A)","28.96","68.81","101.08","0.35","343","50.12","2","0","0","1","138"
"30/7/2026, 21.35.48","E32_WS (Sector A)","28.96","68.79","101.07","0.45","335","50.12","2","0","0","1","138"
"30/7/2026, 21.35.53","E32_WS (Sector A)","28.96","68.81","101.07","0.28","352","50.12","2","0","0","1","138"
"30/7/2026, 21.35.58","E32_WS (Sector A)","28.96","68.88","101.07","0.34","332","50.12","2","0","0","1","138"
"30/7/2026, 21.36.03","E32_WS (Sector A)","28.97","68.89","101.07","0.3","339","50.12","2","0","0","1","138"
"30/7/2026, 21.36.08","E32_WS (Sector A)","28.97","68.86","101.07","0.49","327","50.12","2","0","0","1","138"
"30/7/2026, 21.36.13","E32_WS (Sector A)","28.97","68.91","101.07","0.3","328","50.12","2","0","0","1","138"
"30/7/2026, 21.36.18","E32_WS (Sector A)","28.97","68.91","101.07","0.38","6","50.12","2","0","0","1","138"
"30/7/2026, 21.36.23","E32_WS (Sector A)","28.97","68.88","101.08","0.45","318","50.12","2","0","0","1","138"
"30/7/2026, 21.36.28","E32_WS (Sector A)","28.97","68.93","101.08","0.46","317","50.12","2","0","0","1","138"
"30/7/2026, 21.36.33","E32_WS (Sector A)","28.96","68.97","101.07","0.38","331","50.12","2","0","0","1","138"
"30/7/2026, 21.36.38","E32_WS (Sector A)","28.97","68.98","101.07","0.43","12","50.12","2","0","0","1","138"
"30/7/2026, 21.36.43","E32_WS (Sector A)","28.97","68.92","101.07","0.16","298","50.12","2","0","0","1","138"
"30/7/2026, 21.36.48","E32_WS (Sector A)","28.97","68.94","101.08","0.43","324","50.12","2","0","0","1","138"
"30/7/2026, 21.36.53","E32_WS (Sector A)","28.97","68.94","101.07","0.54","333","50.12","2","0","0","1","138"
"30/7/2026, 21.36.58","E32_WS (Sector A)","28.97","68.91","101.07","0.48","341","50.12","2","0","0","1","138"
"30/7/2026, 21.37.03","E32_WS (Sector A)","28.97","68.92","101.07","0.78","1","50.12","2","0","0","1","138"
"30/7/2026, 21.37.08","E32_WS (Sector A)","28.97","68.94","101.07","0.7","314","50.12","2","0","0","1","138"
"30/7/2026, 21.37.13","E32_WS (Sector A)","28.97","69","101.07","0.91","331","50.12","2","0","0","1","138"
"30/7/2026, 21.37.18","E32_WS (Sector A)","28.97","68.97","101.08","0.53","325","50.12","2","0","0","1","138"
"30/7/2026, 21.37.23","E32_WS (Sector A)","28.97","69.01","101.08","0.39","328","50.12","2","0","0","1","138"
"30/7/2026, 21.37.28","E32_WS (Sector A)","28.97","69.02","101.07","0.62","330","50.12","2","0","0","1","138"
"30/7/2026, 21.37.33","E32_WS (Sector A)","28.97","68.97","101.07","0.42","331","50.12","2","0","0","1","138"
"30/7/2026, 21.37.38","E32_WS (Sector A)","28.97","69.01","101.07","0.49","322","50.12","2","0","0","1","138"
"30/7/2026, 21.37.43","E32_WS (Sector A)","28.97","69.04","101.07","0.49","358","50.12","2","0","0","1","138"
"30/7/2026, 21.37.48","E32_WS (Sector A)","28.96","69.02","101.07","0.26","312","50.12","2","0","0","1","138"
"30/7/2026, 21.37.53","E32_WS (Sector A)","28.97","69.02","101.07","0.29","0","50.12","2","0","0","1","138"
"30/7/2026, 21.37.58","E32_WS (Sector A)","28.97","69.01","101.07","0.48","3","50.12","2","0","0","1","138"
"30/7/2026, 21.38.03","E32_WS (Sector A)","28.97","69.03","101.08","0.69","320","50.12","2","0","0","1","138"
"30/7/2026, 21.38.08","E32_WS (Sector A)","28.97","69.05","101.07","0.56","341","50.12","2","0","0","1","138"
"30/7/2026, 21.38.13","E32_WS (Sector A)","28.97","69.04","101.07","0.39","349","50.12","2","0","0","1","138"
"30/7/2026, 21.38.18","E32_WS (Sector A)","28.97","69.06","101.07","0.6","346","50.12","2","0","0","1","138"
"30/7/2026, 21.38.23","E32_WS (Sector A)","28.97","69","101.08","0.56","353","50.12","2","0","0","1","138"
"30/7/2026, 21.38.28","E32_WS (Sector A)","28.97","68.97","101.08","0.28","338","50.12","2","0","0","1","138"
"30/7/2026, 21.38.33","E32_WS (Sector A)","28.97","68.97","101.08","0.44","310","50.12","2","0","0","1","138"
"30/7/2026, 21.38.38","E32_WS (Sector A)","28.97","69.03","101.08","0.43","315","50.12","2","0","0","1","138"
"30/7/2026, 21.38.43","E32_WS (Sector A)","28.97","69.07","101.08","0.46","323","50.12","2","0","0","1","138"
"30/7/2026, 21.38.48","E32_WS (Sector A)","28.98","69.06","101.08","0.53","327","50.12","2","0","0","1","138"
"30/7/2026, 21.38.53","E32_WS (Sector A)","28.97","69.07","101.08","0.38","338","50.12","2","0","0","1","138"
"30/7/2026, 21.38.58","E32_WS (Sector A)","28.97","69.06","101.08","0.65","335","50.12","2","0","0","1","138"
"30/7/2026, 21.39.03","E32_WS (Sector A)","28.97","69.06","101.07","0.53","343","50.12","2","0","0","1","138"
"30/7/2026, 21.39.08","E32_WS (Sector A)","28.97","69.01","101.08","0.32","8","50.12","2","0","0","1","138"
"30/7/2026, 21.39.13","E32_WS (Sector A)","28.97","69.01","101.08","0.36","319","50.12","2","0","0","1","138"
"30/7/2026, 21.39.18","E32_WS (Sector A)","28.97","69.05","101.08","0.4","344","50.12","2","0","0","1","138"
"30/7/2026, 21.39.23","E32_WS (Sector A)","28.97","69.06","101.08","0.41","338","50.12","2","0","0","1","138"
"30/7/2026, 21.39.28","E32_WS (Sector A)","28.97","69.02","101.08","0.41","321","50.12","2","0","0","1","138"
"30/7/2026, 21.39.33","E32_WS (Sector A)","28.97","69.08","101.08","0.51","309","50.12","2","0","0","1","138"
"30/7/2026, 21.39.38","E32_WS (Sector A)","28.97","69.11","101.08","0.48","321","50.12","2","0","0","1","138"
"30/7/2026, 21.39.43","E32_WS (Sector A)","28.98","69.13","101.08","0.45","328","50.12","2","0","0","1","138"
"30/7/2026, 21.39.48","E32_WS (Sector A)","28.98","69.11","101.08","0.57","352","50.12","2","0","0","1","138"
"30/7/2026, 21.39.53","E32_WS (Sector A)","28.98","69.05","101.08","0.53","344","50.12","2","0","0","1","138"
"30/7/2026, 21.39.58","E32_WS (Sector A)","28.98","69.03","101.08","0.3","325","50.12","2","0","0","1","138"
"30/7/2026, 21.40.03","E32_WS (Sector A)","28.98","69","101.08","0.41","327","50.12","2","0","0","1","138"
"30/7/2026, 21.40.08","E32_WS (Sector A)","28.98","69.02","101.08","0.47","333","50.12","2","0","0","1","138"
"30/7/2026, 21.40.13","E32_WS (Sector A)","28.98","69.02","101.08","0.47","334","50.12","2","0","0","1","138"
"30/7/2026, 21.40.18","E32_WS (Sector A)","28.97","69.02","101.07","0.65","333","50.12","2","0","0","1","138"
"30/7/2026, 21.40.23","E32_WS (Sector A)","28.98","69.03","101.07","0.29","358","50.12","2","0","0","1","138"
"30/7/2026, 21.40.28","E32_WS (Sector A)","28.98","69.01","101.08","0.36","310","50.12","2","0","0","1","138"
"30/7/2026, 21.40.33","E32_WS (Sector A)","28.98","69.04","101.08","0.31","326","50.12","2","0","0","1","138"
"30/7/2026, 21.40.38","E32_WS (Sector A)","28.98","68.99","101.08","0.31","337","50.12","2","0","0","1","138"
"30/7/2026, 21.40.43","E32_WS (Sector A)","28.98","68.99","101.08","0.41","316","50.12","2","0","0","1","138"
"30/7/2026, 21.40.49","E32_WS (Sector A)","28.98","69.02","101.08","0.48","317","50.12","2","0","0","1","138"
"30/7/2026, 21.40.53","E32_WS (Sector A)","28.98","69.06","101.08","0.4","316","50.12","2","0","0","1","138"
"30/7/2026, 21.40.58","E32_WS (Sector A)","28.97","69.07","101.08","0.34","312","50.12","2","0","0","1","138"
"30/7/2026, 21.41.03","E32_WS (Sector A)","28.98","69.06","101.08","0.39","322","50.12","2","0","0","1","138"
"30/7/2026, 21.41.08","E32_WS (Sector A)","28.98","69.07","101.08","0.44","327","50.12","2","0","0","1","138"
"30/7/2026, 21.41.13","E32_WS (Sector A)","28.98","69.07","101.08","0.4","338","50.12","2","0","0","1","138"
"30/7/2026, 21.41.18","E32_WS (Sector A)","28.98","69.05","101.08","0.52","346","50.12","2","0","0","1","138"
"30/7/2026, 21.41.23","E32_WS (Sector A)","28.98","68.98","101.08","0.54","358","50.12","2","0","0","1","138"
"30/7/2026, 21.41.28","E32_WS (Sector A)","28.98","68.95","101.08","0.48","341","50.12","2","0","0","1","138"
"30/7/2026, 21.41.33","E32_WS (Sector A)","28.98","68.91","101.08","0.72","342","50.12","2","0","0","1","138"
"30/7/2026, 21.41.38","E32_WS (Sector A)","28.99","68.94","101.08","0.47","310","50.12","2","0","0","1","138"
"30/7/2026, 21.41.43","E32_WS (Sector A)","28.98","69","101.08","0.34","337","50.12","2","0","0","1","138"
"30/7/2026, 21.41.48","E32_WS (Sector A)","28.98","68.97","101.08","0.41","5","50.12","2","0","0","1","138"
"30/7/2026, 21.41.53","E32_WS (Sector A)","28.98","68.95","101.08","0.17","7","50.12","2","0","0","1","138"
"30/7/2026, 21.41.58","E32_WS (Sector A)","28.99","68.97","101.08","0.33","333","50.12","2","0","0","1","138"
"30/7/2026, 21.42.03","E32_WS (Sector A)","28.98","68.99","101.07","0.49","357","50.12","2","0","0","1","138"
"30/7/2026, 21.42.08","E32_WS (Sector A)","28.99","69","101.07","0.71","324","50.12","2","0","0","1","138"
"30/7/2026, 21.42.13","E32_WS (Sector A)","28.98","69.01","101.08","0.54","330","50.12","2","0","0","1","138"
"30/7/2026, 21.42.18","E32_WS (Sector A)","28.98","69.03","101.08","0.39","328","50.12","2","0","0","1","138"
"30/7/2026, 21.42.23","E32_WS (Sector A)","28.98","69.04","101.08","0.67","343","50.12","2","0","0","1","138"
"30/7/2026, 21.42.28","E32_WS (Sector A)","28.99","69","101.08","0.66","338","50.12","2","0","0","1","138"
"30/7/2026, 21.42.33","E32_WS (Sector A)","28.99","68.96","101.08","0.55","334","50.12","2","0","0","1","138"
"30/7/2026, 21.42.38","E32_WS (Sector A)","28.99","68.96","101.08","0.35","343","50.12","2","0","0","1","138"
"30/7/2026, 21.42.43","E32_WS (Sector A)","28.99","68.91","101.08","0.42","333","50.12","2","0","0","1","138"
"30/7/2026, 21.42.48","E32_WS (Sector A)","28.99","68.94","101.08","0.45","318","50.12","2","0","0","1","138"
"30/7/2026, 21.42.53","E32_WS (Sector A)","28.99","68.99","101.08","0.33","347","50.12","2","0","0","1","138"
"30/7/2026, 21.42.58","E32_WS (Sector A)","28.99","68.98","101.08","0.67","333","50.12","2","0","0","1","138"
"30/7/2026, 21.43.03","E32_WS (Sector A)","28.99","69.01","101.08","0.58","324","50.12","2","0","0","1","138"
"30/7/2026, 21.43.08","E32_WS (Sector A)","28.99","69.03","101.08","0.49","333","50.12","2","0","0","1","138"
"30/7/2026, 21.43.13","E32_WS (Sector A)","28.99","69.02","101.08","0.45","321","50.12","2","0","0","1","138"
"30/7/2026, 21.43.18","E32_WS (Sector A)","28.99","69.02","101.08","0.43","325","50.12","2","0","0","1","138"
"30/7/2026, 21.43.23","E32_WS (Sector A)","28.99","69.04","101.08","0.4","345","50.12","2","0","0","1","138"
"30/7/2026, 21.43.28","E32_WS (Sector A)","28.99","68.98","101.08","0.35","330","50.12","2","0","0","1","138"
"30/7/2026, 21.43.33","E32_WS (Sector A)","28.99","68.99","101.08","0.71","354","50.12","2","0","0","1","138"
"30/7/2026, 21.43.38","E32_WS (Sector A)","29","68.92","101.08","0.74","356","50.12","2","0","0","1","138"
"30/7/2026, 21.43.43","E32_WS (Sector A)","29","68.9","101.08","0.49","353","50.12","2","0","0","1","138"
"30/7/2026, 21.43.48","E32_WS (Sector A)","29","68.93","101.08","0.42","347","50.12","2","0","0","1","138"
"30/7/2026, 21.43.53","E32_WS (Sector A)","29","68.93","101.08","0.44","318","50.12","2","0","0","1","138"
"30/7/2026, 21.43.58","E32_WS (Sector A)","29","68.99","101.08","0.45","322","50.12","2","0","0","1","138"
"30/7/2026, 21.44.03","E32_WS (Sector A)","29","68.98","101.08","0.45","334","50.12","2","0","0","1","138"
"30/7/2026, 21.44.08","E32_WS (Sector A)","29","68.98","101.08","0.46","313","50.12","2","0","0","1","138"
"30/7/2026, 21.44.13","E32_WS (Sector A)","29","69.01","101.08","0.47","313","50.12","2","0","0","1","138"
"30/7/2026, 21.44.18","E32_WS (Sector A)","29","69.05","101.08","0.38","326","50.12","2","0","0","1","138"
"30/7/2026, 21.44.23","E32_WS (Sector A)","29","69.03","101.08","0.39","335","50.12","2","0","0","1","138"
"30/7/2026, 21.44.28","E32_WS (Sector A)","29","68.98","101.08","0.49","342","50.12","2","0","0","1","138"
"30/7/2026, 21.44.33","E32_WS (Sector A)","29","68.97","101.08","0.32","352","50.12","2","0","0","1","138"
"30/7/2026, 21.44.38","E32_WS (Sector A)","29.01","68.93","101.08","0.5","305","50.12","2","0","0","1","138"
"30/7/2026, 21.44.43","E32_WS (Sector A)","29","69","101.08","0.32","328","50.12","2","0","0","1","138"
"30/7/2026, 21.44.48","E32_WS (Sector A)","29","69.01","101.08","0.63","347","50.12","2","0","0","1","138"
"30/7/2026, 21.44.53","E32_WS (Sector A)","29","68.99","101.08","0.61","338","50.12","2","0","0","1","138"
"30/7/2026, 21.44.58","E32_WS (Sector A)","29","68.99","101.08","0.52","333","50.12","2","0","0","1","138"
"30/7/2026, 21.45.03","E32_WS (Sector A)","29","68.99","101.08","0.5","340","50.12","2","0","0","1","138"
"30/7/2026, 21.45.08","E32_WS (Sector A)","29.01","68.98","101.08","0.4","339","50.12","2","0","0","1","138"
"30/7/2026, 21.45.13","E32_WS (Sector A)","29","68.99","101.08","0.54","305","50.12","2","0","0","1","138"
"30/7/2026, 21.45.18","E32_WS (Sector A)","29","69.04","101.08","0.56","305","50.12","2","0","0","1","138"
"30/7/2026, 21.45.23","E32_WS (Sector A)","29","69.05","101.08","0.51","319","50.12","2","0","0","1","138"
"30/7/2026, 21.45.28","E32_WS (Sector A)","29","69.05","101.08","0.5","338","50.12","2","0","0","1","138"
"30/7/2026, 21.45.33","E32_WS (Sector A)","29","69.03","101.08","0.46","344","50.12","2","0","0","1","138"
"30/7/2026, 21.45.38","E32_WS (Sector A)","29.01","69","101.08","0.5","355","50.12","2","0","0","1","138"
"30/7/2026, 21.45.43","E32_WS (Sector A)","29.01","68.95","101.08","0.61","325","50.12","2","0","0","1","138"
"30/7/2026, 21.45.48","E32_WS (Sector A)","29","68.99","101.08","0.44","316","50.12","2","0","0","1","138"
"30/7/2026, 21.45.53","E32_WS (Sector A)","29","69.01","101.08","0.56","336","50.12","2","0","0","1","138"
"30/7/2026, 21.45.58","E32_WS (Sector A)","29","68.99","101.08","0.49","343","50.12","2","0","0","1","138"
"30/7/2026, 21.46.03","E32_WS (Sector A)","29.01","68.98","101.08","0.39","338","50.12","2","0","0","1","138"
"30/7/2026, 21.46.08","E32_WS (Sector A)","29.01","68.94","101.08","0.34","344","50.12","2","0","0","1","138"
"30/7/2026, 21.46.13","E32_WS (Sector A)","29.01","68.9","101.08","0.27","354","50.12","2","0","0","1","138"
"30/7/2026, 21.46.18","E32_WS (Sector A)","29.01","68.88","101.08","0.43","309","50.12","2","0","0","1","138"
"30/7/2026, 21.46.23","E32_WS (Sector A)","29.01","68.92","101.08","0.55","306","50.12","2","0","0","1","138"
"30/7/2026, 21.46.28","E32_WS (Sector A)","29.01","68.98","101.07","0.49","339","50.12","2","0","0","1","138"
"30/7/2026, 21.46.33","E32_WS (Sector A)","29.01","68.98","101.08","0.59","353","50.12","2","0","0","1","138"
"30/7/2026, 21.46.38","E32_WS (Sector A)","29.01","68.94","101.08","0.4","354","50.12","2","0","0","1","138"
"30/7/2026, 21.46.43","E32_WS (Sector A)","29.01","68.9","101.08","0.37","1","50.12","2","0","0","1","138"
"30/7/2026, 21.46.48","E32_WS (Sector A)","29.01","68.89","101.08","0.38","354","50.12","2","0","0","1","138"
"30/7/2026, 21.46.53","E32_WS (Sector A)","29.01","68.88","101.08","0.49","352","50.12","2","0","0","1","138"
"30/7/2026, 21.46.58","E32_WS (Sector A)","29.02","68.85","101.08","0.34","339","50.12","2","0","0","1","138"
"30/7/2026, 21.47.03","E32_WS (Sector A)","29.01","68.85","101.08","0.39","343","50.12","2","0","0","1","138"
"30/7/2026, 21.47.08","E32_WS (Sector A)","29.02","68.83","101.08","0.59","345","50.12","2","0","0","1","138"
"30/7/2026, 21.47.13","E32_WS (Sector A)","29.01","68.81","101.08","0.89","323","50.12","2","0","0","1","138"
"30/7/2026, 21.47.18","E32_WS (Sector A)","29.02","68.84","101.08","0.54","342","50.12","2","0","0","1","138"
"30/7/2026, 21.47.23","E32_WS (Sector A)","29.02","68.87","101.08","0.38","317","50.12","2","0","0","1","138"
"30/7/2026, 21.47.28","E32_WS (Sector A)","29.01","68.88","101.08","0.76","329","50.12","2","0","0","1","138"
"30/7/2026, 21.47.33","E32_WS (Sector A)","29.02","68.89","101.08","0.73","334","50.12","2","0","0","1","138"
"30/7/2026, 21.47.38","E32_WS (Sector A)","29.02","68.86","101.08","0.67","346","50.12","2","0","0","1","138"
"30/7/2026, 21.47.43","E32_WS (Sector A)","29.02","68.84","101.08","0.47","323","50.12","2","0","0","1","138"
"30/7/2026, 21.47.48","E32_WS (Sector A)","29.02","68.83","101.08","0.55","295","50.12","2","0","0","1","138"
"30/7/2026, 21.47.53","E32_WS (Sector A)","29.02","68.86","101.08","0.57","326","50.12","2","0","0","1","138"
"30/7/2026, 21.47.58","E32_WS (Sector A)","29.02","68.85","101.08","0.57","355","50.12","2","0","0","1","138"
"30/7/2026, 21.48.03","E32_WS (Sector A)","29.03","68.82","101.08","0.67","344","50.12","2","0","0","1","138"
"30/7/2026, 21.48.08","E32_WS (Sector A)","29.03","68.8","101.08","0.43","334","50.12","2","0","0","1","138"
"30/7/2026, 21.48.13","E32_WS (Sector A)","29.03","68.83","101.08","0.29","358","50.12","2","0","0","1","138"
"30/7/2026, 21.48.18","E32_WS (Sector A)","29.03","68.81","101.08","0.6","343","50.12","2","0","0","1","138"
"30/7/2026, 21.48.23","E32_WS (Sector A)","29.03","68.79","101.08","0.54","332","50.12","2","0","0","1","138"
"30/7/2026, 21.48.28","E32_WS (Sector A)","29.03","68.8","101.08","0.7","14","50.12","2","0","0","1","138"
"30/7/2026, 21.48.33","E32_WS (Sector A)","29.04","68.8","101.08","0.87","344","50.12","2","0","0","1","138"
"30/7/2026, 21.48.38","E32_WS (Sector A)","29.03","68.8","101.08","0.65","347","50.12","2","0","0","1","138"
"30/7/2026, 21.48.43","E32_WS (Sector A)","29.03","68.81","101.08","0.77","4","50.12","2","0","0","1","138"
"30/7/2026, 21.48.48","E32_WS (Sector A)","29.04","68.84","101.08","0.21","357","50.12","2","0","0","1","138"
"30/7/2026, 21.48.53","E32_WS (Sector A)","29.04","68.82","101.08","0.31","295","50.12","2","0","0","1","138"
"30/7/2026, 21.48.58","E32_WS (Sector A)","29.04","68.86","101.08","0.28","347","50.12","2","0","0","1","138"
"30/7/2026, 21.49.03","E32_WS (Sector A)","29.04","68.85","101.08","0.82","315","50.12","2","0","0","1","138"
"30/7/2026, 21.49.08","E32_WS (Sector A)","29.04","68.84","101.08","0.4","323","50.12","2","0","0","1","138"
"30/7/2026, 21.49.13","E32_WS (Sector A)","29.04","68.83","101.09","0.54","312","50.12","2","0","0","1","138"
"30/7/2026, 21.49.18","E32_WS (Sector A)","29.04","68.82","101.08","0.8","346","50.12","2","0","0","1","138"
"30/7/2026, 21.49.23","E32_WS (Sector A)","29.05","68.8","101.08","0.3","26","50.12","2","0","0","1","138"
"30/7/2026, 21.49.28","E32_WS (Sector A)","29.05","68.81","101.08","0.32","309","50.12","2","0","0","1","138"
"30/7/2026, 21.49.33","E32_WS (Sector A)","29.05","68.81","101.08","0.16","331","50.12","2","0","0","1","138"
"30/7/2026, 21.49.38","E32_WS (Sector A)","29.05","68.8","101.08","0.57","333","50.12","2","0","0","1","138"
"30/7/2026, 21.49.43","E32_WS (Sector A)","29.05","68.82","101.08","0.42","329","50.12","2","0","0","1","138"
"30/7/2026, 21.49.48","E32_WS (Sector A)","29.05","68.81","101.08","0.35","332","50.12","2","0","0","1","138"
"30/7/2026, 21.49.53","E32_WS (Sector A)","29.05","68.8","101.08","0.51","345","50.12","2","0","0","1","138"
"30/7/2026, 21.49.58","E32_WS (Sector A)","29.05","68.79","101.08","0.47","330","50.12","2","0","0","1","138"
"30/7/2026, 21.50.03","E32_WS (Sector A)","29.05","68.8","101.08","0.5","337","50.12","2","0","0","1","138"
"30/7/2026, 21.50.08","E32_WS (Sector A)","29.05","68.79","101.08","0.85","350","50.12","2","0","0","1","138"
"30/7/2026, 21.50.13","E32_WS (Sector A)","29.05","68.74","101.09","0.46","344","50.12","2","0","0","1","138"
"30/7/2026, 21.50.18","E32_WS (Sector A)","29.05","68.72","101.08","0.66","346","50.12","2","0","0","1","138"
"30/7/2026, 21.50.23","E32_WS (Sector A)","29.06","68.69","101.09","0.56","338","50.12","2","0","0","1","138"
"30/7/2026, 21.50.28","E32_WS (Sector A)","29.06","68.7","101.08","0.63","346","50.12","2","0","0","1","138"
"30/7/2026, 21.50.33","E32_WS (Sector A)","29.06","68.75","101.08","0.42","333","50.12","2","0","0","1","138"
"30/7/2026, 21.50.38","E32_WS (Sector A)","29.06","68.79","101.08","0.54","296","50.12","2","0","0","1","138"
"30/7/2026, 21.50.43","E32_WS (Sector A)","29.06","68.84","101.08","0.46","307","50.12","2","0","0","1","138"
"30/7/2026, 21.50.48","E32_WS (Sector A)","29.06","68.86","101.08","0.54","333","50.12","2","0","0","1","138"
"30/7/2026, 21.50.53","E32_WS (Sector A)","29.06","68.84","101.08","0.53","345","50.12","2","0","0","1","138"
"30/7/2026, 21.50.58","E32_WS (Sector A)","29.06","68.8","101.08","0.44","325","50.12","2","0","0","1","138"
"30/7/2026, 21.51.03","E32_WS (Sector A)","29.06","68.84","101.08","0.42","317","50.12","2","0","0","1","138"
"30/7/2026, 21.51.08","E32_WS (Sector A)","29.06","68.85","101.08","0.28","321","50.12","2","0","0","1","138"
"30/7/2026, 21.51.13","E32_WS (Sector A)","29.06","68.83","101.08","0.56","347","50.12","2","0","0","1","138"
"30/7/2026, 21.51.18","E32_WS (Sector A)","29.06","68.8","101.08","0.44","28","50.12","2","0","0","1","138"
"30/7/2026, 21.51.23","E32_WS (Sector A)","29.06","68.8","101.08","0.52","353","50.12","2","0","0","1","138"
"30/7/2026, 21.51.28","E32_WS (Sector A)","29.06","68.79","101.08","0.31","342","50.12","2","0","0","1","138"
"30/7/2026, 21.51.33","E32_WS (Sector A)","29.06","68.77","101.08","0.47","325","50.12","2","0","0","1","138"
"30/7/2026, 21.51.38","E32_WS (Sector A)","29.06","68.77","101.08","0.47","345","50.12","2","0","0","1","138"
"30/7/2026, 21.51.43","E32_WS (Sector A)","29.06","68.72","101.08","0.47","329","50.12","2","0","0","1","138"
"30/7/2026, 21.51.48","E32_WS (Sector A)","29.06","68.72","101.08","0.45","326","50.12","2","0","0","1","138"
"30/7/2026, 21.51.53","E32_WS (Sector A)","29.06","68.78","101.08","0.5","327","50.12","2","0","0","1","138"
"30/7/2026, 21.51.58","E32_WS (Sector A)","29.06","68.77","101.08","0.4","351","50.12","2","0","0","1","138"
"30/7/2026, 21.52.03","E32_WS (Sector A)","29.06","68.72","101.08","0.36","316","50.12","2","0","0","1","138"
"30/7/2026, 21.52.08","E32_WS (Sector A)","29.07","68.77","101.08","0.42","341","50.12","2","0","0","1","138"
"30/7/2026, 21.52.13","E32_WS (Sector A)","29.07","68.74","101.08","0.31","12","50.12","2","0","0","1","138"
"30/7/2026, 21.52.18","E32_WS (Sector A)","29.06","68.73","101.08","0.48","337","50.12","2","0","0","1","138"
"30/7/2026, 21.52.23","E32_WS (Sector A)","29.06","68.73","101.08","0.48","323","50.12","2","0","0","1","138"
"30/7/2026, 21.52.28","E32_WS (Sector A)","29.06","68.78","101.08","0.51","306","50.12","2","0","0","1","138"
"30/7/2026, 21.52.33","E32_WS (Sector A)","29.06","68.84","101.08","0.37","327","50.12","2","0","0","1","138"
"30/7/2026, 21.52.38","E32_WS (Sector A)","29.06","68.82","101.08","0.5","335","50.12","2","0","0","1","138"
"30/7/2026, 21.52.43","E32_WS (Sector A)","29.06","68.82","101.08","0.6","338","50.12","2","0","0","1","138"
"30/7/2026, 21.52.48","E32_WS (Sector A)","29.06","68.83","101.08","0.47","348","50.12","2","0","0","1","138"
"30/7/2026, 21.52.53","E32_WS (Sector A)","29.06","68.8","101.08","0.66","18","50.12","2","0","0","1","138"
"30/7/2026, 21.52.58","E32_WS (Sector A)","29.06","68.76","101.08","0.38","315","50.12","2","0","0","1","138"
"30/7/2026, 21.53.03","E32_WS (Sector A)","29.06","68.79","101.08","0.58","306","50.12","2","0","0","1","138"
"30/7/2026, 21.53.08","E32_WS (Sector A)","29.06","68.84","101.08","0.47","332","50.12","2","0","0","1","138"
"30/7/2026, 21.53.13","E32_WS (Sector A)","29.06","68.85","101.08","0.57","322","50.12","2","0","0","1","138"
"30/7/2026, 21.53.18","E32_WS (Sector A)","29.05","68.86","101.08","0.51","312","50.12","2","0","0","1","138"
"30/7/2026, 21.53.23","E32_WS (Sector A)","29.06","68.86","101.08","0.62","334","50.12","2","0","0","1","138"
"30/7/2026, 21.53.28","E32_WS (Sector A)","29.06","68.87","101.08","0.56","321","50.12","2","0","0","1","138"
"30/7/2026, 21.53.33","E32_WS (Sector A)","29.05","68.87","101.08","0.57","340","50.12","2","0","0","1","138"
"30/7/2026, 21.53.38","E32_WS (Sector A)","29.05","68.84","101.08","0.46","341","50.12","2","0","0","1","138"
"30/7/2026, 21.53.43","E32_WS (Sector A)","29.05","68.83","101.08","0.42","310","50.12","2","0","0","1","138"
"30/7/2026, 21.53.48","E32_WS (Sector A)","29.05","68.85","101.08","0.49","292","50.12","2","0","0","1","138"
"30/7/2026, 21.53.53","E32_WS (Sector A)","29.05","68.87","101.08","0.22","344","50.12","2","0","0","1","138"
"30/7/2026, 21.53.58","E32_WS (Sector A)","29.05","68.85","101.08","0.67","313","50.12","2","0","0","1","138"
"30/7/2026, 21.54.03","E32_WS (Sector A)","29.05","68.88","101.07","0.19","339","50.12","2","0","0","1","138"
"30/7/2026, 21.54.08","E32_WS (Sector A)","29.05","68.87","101.08","0.3","314","50.12","2","0","0","1","138"
"30/7/2026, 21.54.13","E32_WS (Sector A)","29.05","68.88","101.08","0.54","6","50.12","2","0","0","1","138"
"30/7/2026, 21.54.18","E32_WS (Sector A)","29.05","68.83","101.08","0.39","324","50.12","2","0","0","1","138"
"30/7/2026, 21.54.23","E32_WS (Sector A)","29.05","68.88","101.08","0.49","318","50.12","2","0","0","1","138"
"30/7/2026, 21.54.28","E32_WS (Sector A)","29.05","68.89","101.08","0.63","318","50.12","2","0","0","1","138"
"30/7/2026, 21.54.33","E32_WS (Sector A)","29.05","68.9","101.08","0.49","329","50.12","2","0","0","1","138"
"30/7/2026, 21.54.38","E32_WS (Sector A)","29.05","68.9","101.08","0.43","324","50.12","2","0","0","1","138"
"30/7/2026, 21.54.43","E32_WS (Sector A)","29.05","68.9","101.08","0.4","315","50.12","2","0","0","1","138"
"30/7/2026, 21.54.48","E32_WS (Sector A)","29.05","68.9","101.07","0.32","337","50.12","2","0","0","1","138"
"30/7/2026, 21.54.53","E32_WS (Sector A)","29.05","68.88","101.08","0.51","336","50.12","2","0","0","1","138"
"30/7/2026, 21.54.58","E32_WS (Sector A)","29.05","68.84","101.08","0.56","344","50.12","2","0","0","1","138"
"30/7/2026, 21.55.03","E32_WS (Sector A)","29.06","68.81","101.08","0.53","337","50.12","2","0","0","1","138"
"30/7/2026, 21.55.08","E32_WS (Sector A)","29.05","68.78","101.08","0.42","335","50.12","2","0","0","1","138"
"30/7/2026, 21.55.13","E32_WS (Sector A)","29.05","68.8","101.07","0.28","328","50.12","2","0","0","1","138"
"30/7/2026, 21.55.18","E32_WS (Sector A)","29.05","68.86","101.07","0.61","320","50.12","2","0","0","1","138"
"30/7/2026, 21.55.23","E32_WS (Sector A)","29.05","68.89","101.07","0.65","345","50.12","2","0","0","1","138"
"30/7/2026, 21.55.28","E32_WS (Sector A)","29.05","68.86","101.08","0.53","324","50.12","2","0","0","1","138"
"30/7/2026, 21.55.33","E32_WS (Sector A)","29.05","68.86","101.08","0.54","337","50.12","2","0","0","1","138"
"30/7/2026, 21.55.38","E32_WS (Sector A)","29.05","68.85","101.08","0.52","325","50.12","2","0","0","1","138"
"30/7/2026, 21.55.43","E32_WS (Sector A)","29.05","68.87","101.08","0.43","317","50.12","2","0","0","1","138"
"30/7/2026, 21.55.48","E32_WS (Sector A)","29.05","68.89","101.08","0.67","322","50.12","2","0","0","1","138"
"30/7/2026, 21.55.53","E32_WS (Sector A)","29.05","68.89","101.08","0.41","346","50.12","2","0","0","1","138"
"30/7/2026, 21.55.58","E32_WS (Sector A)","29.05","68.86","101.08","0.52","344","50.12","2","0","0","1","138"
"30/7/2026, 21.56.03","E32_WS (Sector A)","29.05","68.83","101.08","0.58","354","50.12","2","0","0","1","138"
"30/7/2026, 21.56.08","E32_WS (Sector A)","29.05","68.8","101.08","0.55","327","50.12","2","0","0","1","138"
"30/7/2026, 21.56.13","E32_WS (Sector A)","29.05","68.78","101.08","0.48","329","50.12","2","0","0","1","138"
"30/7/2026, 21.56.18","E32_WS (Sector A)","29.05","68.81","101.08","0.46","327","50.12","2","0","0","1","138"
"30/7/2026, 21.56.23","E32_WS (Sector A)","29.05","68.84","101.08","0.45","323","50.12","2","0","0","1","138"
"30/7/2026, 21.56.28","E32_WS (Sector A)","29.05","68.85","101.08","0.48","326","50.12","2","0","0","1","138"
"30/7/2026, 21.56.33","E32_WS (Sector A)","29.05","68.87","101.08","0.56","322","50.12","2","0","0","1","138"
"30/7/2026, 21.56.38","E32_WS (Sector A)","29.05","68.89","101.07","0.48","337","50.12","2","0","0","1","138"
"30/7/2026, 21.56.43","E32_WS (Sector A)","29.05","68.86","101.08","0.55","349","50.12","2","0","0","1","138"
"30/7/2026, 21.56.48","E32_WS (Sector A)","29.05","68.8","101.08","0.63","340","50.12","2","0","0","1","138"
"30/7/2026, 21.56.53","E32_WS (Sector A)","29.05","68.76","101.07","0.3","359","50.12","2","0","0","1","138"
"30/7/2026, 21.56.58","E32_WS (Sector A)","29.05","68.74","101.07","0.51","3","50.12","2","0","0","1","138"
"30/7/2026, 21.57.03","E32_WS (Sector A)","29.05","68.73","101.07","0.6","340","50.12","2","0","0","1","138"
"30/7/2026, 21.57.08","E32_WS (Sector A)","29.05","68.72","101.07","0.57","344","50.12","2","0","0","1","138"
"30/7/2026, 21.57.13","E32_WS (Sector A)","29.05","68.72","101.07","0.56","338","50.12","2","0","0","1","138"
"30/7/2026, 21.57.18","E32_WS (Sector A)","29.05","68.74","101.07","0.58","346","50.12","2","0","0","1","138"
"30/7/2026, 21.57.23","E32_WS (Sector A)","29.05","68.73","101.07","0.49","6","50.12","2","0","0","1","138"
"30/7/2026, 21.57.28","E32_WS (Sector A)","29.05","68.78","101.07","0.44","324","50.12","2","0","0","1","138"
"30/7/2026, 21.57.33","E32_WS (Sector A)","29.05","68.83","101.07","0.45","350","50.12","2","0","0","1","138"
"30/7/2026, 21.57.38","E32_WS (Sector A)","29.05","68.8","101.07","0.53","327","50.12","2","0","0","1","138"
"30/7/2026, 21.57.43","E32_WS (Sector A)","29.05","68.81","101.08","0.52","321","50.12","2","0","0","1","138"
"30/7/2026, 21.57.48","E32_WS (Sector A)","29.04","68.87","101.08","0.55","318","50.12","2","0","0","1","138"
"30/7/2026, 21.57.53","E32_WS (Sector A)","29.05","68.9","101.08","0.55","322","50.12","2","0","0","1","138"
"30/7/2026, 21.57.58","E32_WS (Sector A)","29.05","68.9","101.08","0.6","347","50.12","2","0","0","1","138"
"30/7/2026, 21.58.03","E32_WS (Sector A)","29.05","68.84","101.08","0.5","359","50.12","2","0","0","1","138"
"30/7/2026, 21.58.08","E32_WS (Sector A)","29.05","68.83","101.08","0.53","317","50.12","2","0","0","1","138"
"30/7/2026, 21.58.13","E32_WS (Sector A)","29.05","68.89","101.08","0.46","334","50.12","2","0","0","1","138"
"30/7/2026, 21.58.18","E32_WS (Sector A)","29.05","68.9","101.08","0.39","335","50.12","2","0","0","1","138"
"30/7/2026, 21.58.23","E32_WS (Sector A)","29.05","68.88","101.08","0.43","358","50.12","2","0","0","1","138"
"30/7/2026, 21.58.28","E32_WS (Sector A)","29.05","68.82","101.08","0.4","352","50.12","2","0","0","1","138"
"30/7/2026, 21.58.33","E32_WS (Sector A)","29.05","68.8","101.08","0.32","332","50.12","2","0","0","1","138"
"30/7/2026, 21.58.38","E32_WS (Sector A)","29.05","68.78","101.08","0.46","317","50.12","2","0","0","1","138"
"30/7/2026, 21.58.43","E32_WS (Sector A)","29.05","68.87","101.08","0.18","311","50.12","2","0","0","1","138"
"30/7/2026, 21.58.48","E32_WS (Sector A)","29.05","68.86","101.08","0.42","325","50.12","2","0","0","1","138"
"30/7/2026, 21.58.53","E32_WS (Sector A)","29.05","68.87","101.08","0.48","340","50.12","2","0","0","1","138"
"30/7/2026, 21.58.58","E32_WS (Sector A)","29.05","68.92","101.08","0.5","301","50.12","2","0","0","1","138"
"30/7/2026, 21.59.03","E32_WS (Sector A)","29.04","68.95","101.07","0.46","321","50.12","2","0","0","1","138"
"30/7/2026, 21.59.08","E32_WS (Sector A)","29.04","68.96","101.08","0.47","328","50.12","2","0","0","1","138"
"30/7/2026, 21.59.13","E32_WS (Sector A)","29.05","68.95","101.08","0.46","327","50.12","2","0","0","1","138"
"30/7/2026, 21.59.18","E32_WS (Sector A)","29.04","68.96","101.08","0.54","332","50.12","2","0","0","1","138"
"30/7/2026, 21.59.23","E32_WS (Sector A)","29.04","68.96","101.08","0.54","334","50.12","2","0","0","1","138"
"30/7/2026, 21.59.28","E32_WS (Sector A)","29.05","68.95","101.07","0.41","335","50.12","2","0","0","1","138"
"30/7/2026, 21.59.33","E32_WS (Sector A)","29.04","68.92","101.08","0.47","330","50.12","2","0","0","1","138"
"30/7/2026, 21.59.38","E32_WS (Sector A)","29.04","68.9","101.08","0.54","334","50.12","2","0","0","1","138"
"30/7/2026, 21.59.43","E32_WS (Sector A)","29.04","68.88","101.08","0.36","341","50.12","2","0","0","1","138"
"30/7/2026, 21.59.48","E32_WS (Sector A)","29.04","68.85","101.08","0.4","328","50.12","2","0","0","1","138"
"30/7/2026, 21.59.53","E32_WS (Sector A)","29.04","68.87","101.08","0.54","308","50.12","2","0","0","1","138"
"30/7/2026, 21.59.58","E32_WS (Sector A)","29.04","68.95","101.08","0.46","314","50.12","2","0","0","1","138"
"30/7/2026, 22.00.03","E32_WS (Sector A)","29.04","68.98","101.08","0.5","321","50.12","2","0","0","1","138"
"30/7/2026, 22.00.08","E32_WS (Sector A)","29.04","68.98","101.08","0.43","333","50.12","2","0","0","1","138"
"30/7/2026, 22.00.13","E32_WS (Sector A)","29.04","68.96","101.08","0.45","328","50.12","2","0","0","1","138"
"30/7/2026, 22.00.18","E32_WS (Sector A)","29.03","68.95","101.08","0.46","312","50.12","2","0","0","1","138"
"30/7/2026, 22.00.23","E32_WS (Sector A)","29.03","68.97","101.08","0.52","309","50.12","2","0","0","1","138"
"30/7/2026, 22.00.28","E32_WS (Sector A)","29.03","69.01","101.08","0.38","326","50.12","2","0","0","1","138"
"30/7/2026, 22.00.33","E32_WS (Sector A)","29.03","69","101.08","0.45","319","50.12","2","0","0","1","138"
"30/7/2026, 22.00.38","E32_WS (Sector A)","29.03","69.01","101.08","0.46","321","50.12","2","0","0","1","138"
"30/7/2026, 22.00.43","E32_WS (Sector A)","29.03","69.01","101.08","0.46","331","50.12","2","0","0","1","138"
"30/7/2026, 22.00.48","E32_WS (Sector A)","29.03","68.97","101.08","0.47","340","50.12","2","0","0","1","138"
"30/7/2026, 22.00.53","E32_WS (Sector A)","29.04","68.95","101.08","0.46","341","50.12","2","0","0","1","138"
"30/7/2026, 22.00.58","E32_WS (Sector A)","29.04","68.91","101.08","0.54","331","50.12","2","0","0","1","138"
"30/7/2026, 22.01.03","E32_WS (Sector A)","29.04","68.93","101.08","0.38","346","50.12","2","0","0","1","138"
"30/7/2026, 22.01.08","E32_WS (Sector A)","29.03","68.95","101.08","0.55","342","50.12","2","0","0","1","138"
"30/7/2026, 22.01.13","E32_WS (Sector A)","29.03","68.91","101.08","0.28","337","50.12","2","0","0","1","138"
"30/7/2026, 22.01.18","E32_WS (Sector A)","29.04","68.92","101.08","0.32","319","50.12","2","0","0","1","138"
"30/7/2026, 22.01.23","E32_WS (Sector A)","29.03","68.95","101.08","0.36","320","50.12","2","0","0","1","138"
"30/7/2026, 22.01.28","E32_WS (Sector A)","29.03","68.96","101.08","0.35","335","50.12","2","0","0","1","138"
"30/7/2026, 22.01.33","E32_WS (Sector A)","29.03","68.92","101.08","0.46","330","50.12","2","0","0","1","138"
"30/7/2026, 22.01.38","E32_WS (Sector A)","29.03","68.89","101.08","0.39","339","50.12","2","0","0","1","138"
"30/7/2026, 22.01.43","E32_WS (Sector A)","29.04","68.85","101.08","0.5","333","50.12","2","0","0","1","138"
"30/7/2026, 22.01.48","E32_WS (Sector A)","29.03","68.86","101.08","0.44","321","50.12","2","0","0","1","138"
"30/7/2026, 22.01.53","E32_WS (Sector A)","29.03","68.93","101.08","0.39","335","50.12","2","0","0","1","138"
"30/7/2026, 22.01.58","E32_WS (Sector A)","29.03","68.93","101.08","0.23","21","50.12","2","0","0","1","138"
"30/7/2026, 22.02.03","E32_WS (Sector A)","29.03","68.89","101.08","0.3","348","50.12","2","0","0","1","138"
"30/7/2026, 22.02.08","E32_WS (Sector A)","29.04","68.92","101.08","0.6","320","50.12","2","0","0","1","138"
"30/7/2026, 22.02.13","E32_WS (Sector A)","29.03","68.97","101.08","0.45","324","50.12","2","0","0","1","138"
"30/7/2026, 22.02.18","E32_WS (Sector A)","29.03","68.99","101.08","0.45","325","50.12","2","0","0","1","138"
"30/7/2026, 22.02.23","E32_WS (Sector A)","29.04","68.99","101.08","0.3","347","50.12","2","0","0","1","138"
"30/7/2026, 22.02.28","E32_WS (Sector A)","29.04","68.92","101.08","0.45","347","50.12","2","0","0","1","138"
"30/7/2026, 22.02.33","E32_WS (Sector A)","29.03","68.9","101.08","0.57","331","50.12","2","0","0","1","138"
"30/7/2026, 22.02.38","E32_WS (Sector A)","29.04","68.94","101.08","0.55","334","50.12","2","0","0","1","138"
"30/7/2026, 22.02.43","E32_WS (Sector A)","29.04","68.9","101.08","0.42","329","50.12","2","0","0","1","138"
"30/7/2026, 22.02.48","E32_WS (Sector A)","29.04","68.89","101.08","0.5","336","50.12","2","0","0","1","138"
"30/7/2026, 22.02.53","E32_WS (Sector A)","29.04","68.86","101.08","0.25","356","50.12","2","0","0","1","138"
"30/7/2026, 22.02.58","E32_WS (Sector A)","29.04","68.87","101.08","0.46","325","50.12","2","0","0","1","138"
"30/7/2026, 22.03.03","E32_WS (Sector A)","29.04","68.91","101.08","0.45","325","50.12","2","0","0","1","138"
"30/7/2026, 22.03.08","E32_WS (Sector A)","29.04","68.91","101.08","0.46","318","50.12","2","0","0","1","138"
"30/7/2026, 22.03.13","E32_WS (Sector A)","29.04","68.95","101.08","0.5","318","50.12","2","0","0","1","138"
"30/7/2026, 22.03.18","E32_WS (Sector A)","29.04","68.98","101.08","0.51","337","50.12","2","0","0","1","138"
"30/7/2026, 22.03.23","E32_WS (Sector A)","29.04","68.93","101.08","0.39","330","50.12","2","0","0","1","138"
"30/7/2026, 22.03.28","E32_WS (Sector A)","29.03","68.91","101.08","0.47","338","50.12","2","0","0","1","138"
"30/7/2026, 22.03.33","E32_WS (Sector A)","29.04","68.89","101.08","0.41","332","50.12","2","0","0","1","138"
"30/7/2026, 22.03.38","E32_WS (Sector A)","29.04","68.85","101.08","0.51","339","50.12","2","0","0","1","138"
"30/7/2026, 22.03.43","E32_WS (Sector A)","29.04","68.84","101.08","0.56","321","50.12","2","0","0","1","138"
"30/7/2026, 22.03.48","E32_WS (Sector A)","29.04","68.9","101.08","0.54","298","50.12","2","0","0","1","138"
"30/7/2026, 22.03.53","E32_WS (Sector A)","29.04","68.97","101.08","0.41","321","50.12","2","0","0","1","138"
"30/7/2026, 22.03.58","E32_WS (Sector A)","29.04","68.99","101.08","0.5","329","50.12","2","0","0","1","138"
"30/7/2026, 22.04.03","E32_WS (Sector A)","29.03","68.99","101.08","0.53","323","50.12","2","0","0","1","138"
"30/7/2026, 22.04.08","E32_WS (Sector A)","29.03","69.02","101.08","0.59","344","50.12","2","0","0","1","138"
"30/7/2026, 22.04.13","E32_WS (Sector A)","29.04","68.98","101.08","0.56","346","50.12","2","0","0","1","138"
"30/7/2026, 22.04.18","E32_WS (Sector A)","29.04","68.95","101.08","0.44","335","50.12","2","0","0","1","138"
"30/7/2026, 22.04.23","E32_WS (Sector A)","29.04","68.96","101.08","0.44","320","50.12","2","0","0","1","138"
"30/7/2026, 22.04.28","E32_WS (Sector A)","29.04","68.99","101.08","0.39","351","50.12","2","0","0","1","138"
"30/7/2026, 22.04.33","E32_WS (Sector A)","29.03","68.95","101.08","0.35","342","50.12","2","0","0","1","138"
"30/7/2026, 22.04.38","E32_WS (Sector A)","29.03","68.89","101.08","0.43","323","50.12","2","0","0","1","138"
"30/7/2026, 22.04.43","E32_WS (Sector A)","29.04","68.93","101.08","0.41","342","50.12","2","0","0","1","138"
"30/7/2026, 22.04.48","E32_WS (Sector A)","29.03","68.88","101.08","0.64","351","50.12","2","0","0","1","138"
"30/7/2026, 22.04.53","E32_WS (Sector A)","29.04","68.85","101.08","0.59","340","50.12","2","0","0","1","138"
"30/7/2026, 22.04.58","E32_WS (Sector A)","29.04","68.86","101.08","0.26","354","50.12","2","0","0","1","138"
"30/7/2026, 22.05.03","E32_WS (Sector A)","29.04","68.87","101.08","0.31","349","50.12","2","0","0","1","138"
"30/7/2026, 22.05.08","E32_WS (Sector A)","29.04","68.9","101.08","0.46","310","50.12","2","0","0","1","138"
"30/7/2026, 22.05.13","E32_WS (Sector A)","29.04","68.96","101.08","0.42","326","50.12","2","0","0","1","138"
"30/7/2026, 22.05.18","E32_WS (Sector A)","29.03","68.95","101.08","0.49","319","50.12","2","0","0","1","138"
"30/7/2026, 22.05.23","E32_WS (Sector A)","29.03","68.98","101.08","0.38","339","50.12","2","0","0","1","138"
"30/7/2026, 22.05.28","E32_WS (Sector A)","29.04","68.97","101.08","0.52","320","50.12","2","0","0","1","138"
"30/7/2026, 22.05.33","E32_WS (Sector A)","29.04","68.99","101.08","0.42","328","50.12","2","0","0","1","138"
"30/7/2026, 22.05.38","E32_WS (Sector A)","29.04","69.01","101.08","0.42","337","50.12","2","0","0","1","138"
"30/7/2026, 22.05.43","E32_WS (Sector A)","29.04","69","101.08","0.71","328","50.12","2","0","0","1","138"
"30/7/2026, 22.05.48","E32_WS (Sector A)","29.04","69","101.08","0.43","2","50.12","2","0","0","1","138"
"30/7/2026, 22.05.53","E32_WS (Sector A)","29.04","68.97","101.08","0.43","316","50.12","2","0","0","1","138"
"30/7/2026, 22.05.58","E32_WS (Sector A)","29.03","68.99","101.08","0.47","326","50.12","2","0","0","1","138"
"30/7/2026, 22.06.03","E32_WS (Sector A)","29.04","69.04","101.08","0.41","330","50.12","2","0","0","1","138"
"30/7/2026, 22.06.08","E32_WS (Sector A)","29.03","68.99","101.08","0.38","352","50.12","2","0","0","1","138"
"30/7/2026, 22.06.13","E32_WS (Sector A)","29.04","68.95","101.08","0.48","6","50.12","2","0","0","1","138"
"30/7/2026, 22.06.18","E32_WS (Sector A)","29.03","68.93","101.08","0.59","335","50.12","2","0","0","1","138"
"30/7/2026, 22.06.23","E32_WS (Sector A)","29.04","68.95","101.08","0.43","343","50.12","2","0","0","1","138"
"30/7/2026, 22.06.28","E32_WS (Sector A)","29.04","68.93","101.08","0.58","340","50.12","2","0","0","1","138"
"30/7/2026, 22.06.33","E32_WS (Sector A)","29.04","68.97","101.08","0.33","354","50.12","2","0","0","1","138"
"30/7/2026, 22.06.38","E32_WS (Sector A)","29.04","68.92","101.08","0.42","320","50.12","2","0","0","1","138"
"30/7/2026, 22.06.43","E32_WS (Sector A)","29.04","68.96","101.08","0.46","352","50.12","2","0","0","1","138"
"30/7/2026, 22.06.48","E32_WS (Sector A)","29.04","68.93","101.08","0.42","326","50.12","2","0","0","1","138"
"30/7/2026, 22.06.53","E32_WS (Sector A)","29.03","68.98","101.08","0.5","309","50.12","2","0","0","1","138"
"30/7/2026, 22.06.58","E32_WS (Sector A)","29.03","69.04","101.08","0.44","330","50.12","2","0","0","1","138"
"30/7/2026, 22.07.03","E32_WS (Sector A)","29.04","69.02","101.08","0.37","332","50.12","2","0","0","1","138"
"30/7/2026, 22.07.08","E32_WS (Sector A)","29.04","68.96","101.08","0.51","312","50.12","2","0","0","1","138"
"30/7/2026, 22.07.13","E32_WS (Sector A)","29.03","69.02","101.07","0.62","318","50.12","2","0","0","1","138"
"30/7/2026, 22.07.18","E32_WS (Sector A)","29.03","69.07","101.07","0.46","321","50.12","2","0","0","1","138"
"30/7/2026, 22.07.23","E32_WS (Sector A)","29.03","69.08","101.08","0.44","324","50.12","2","0","0","1","138"
"30/7/2026, 22.07.28","E32_WS (Sector A)","29.03","69.1","101.07","0.47","318","50.12","2","0","0","1","138"
"30/7/2026, 22.07.33","E32_WS (Sector A)","29.03","69.09","101.07","0.5","323","50.12","2","0","0","1","138"
"30/7/2026, 22.07.38","E32_WS (Sector A)","29.03","69.09","101.08","0.54","344","50.12","2","0","0","1","138"
"30/7/2026, 22.07.43","E32_WS (Sector A)","29.03","69.06","101.08","0.17","326","50.12","2","0","0","1","138"
"30/7/2026, 22.07.48","E32_WS (Sector A)","29.03","69.06","101.08","0.47","294","50.12","2","0","0","1","138"
"30/7/2026, 22.07.53","E32_WS (Sector A)","29.02","69.07","101.07","0.6","320","50.12","2","0","0","1","138"
"30/7/2026, 22.07.58","E32_WS (Sector A)","29.02","69.08","101.07","0.78","317","50.12","2","0","0","1","138"
"30/7/2026, 22.08.03","E32_WS (Sector A)","29.02","69.09","101.07","0.44","351","50.12","2","0","0","1","138"
"30/7/2026, 22.08.08","E32_WS (Sector A)","29.02","69.07","101.07","0.32","9","50.12","2","0","0","1","138"
"30/7/2026, 22.08.13","E32_WS (Sector A)","29.02","69.04","101.07","0.36","358","50.12","2","0","0","1","138"
"30/7/2026, 22.08.18","E32_WS (Sector A)","29.02","69.04","101.07","0.55","336","50.12","2","0","0","1","138"
"30/7/2026, 22.08.23","E32_WS (Sector A)","29.02","69.05","101.07","0.44","352","50.12","2","0","0","1","138"
"30/7/2026, 22.08.28","E32_WS (Sector A)","29.02","68.99","101.07","0.59","350","50.12","2","0","0","1","138"
"30/7/2026, 22.08.33","E32_WS (Sector A)","29.02","68.96","101.07","0.63","352","50.12","2","0","0","1","138"
"30/7/2026, 22.08.38","E32_WS (Sector A)","29.02","68.97","101.07","0.27","21","50.12","2","0","0","1","138"
"30/7/2026, 22.08.43","E32_WS (Sector A)","29.02","69","101.07","0.41","326","50.12","2","0","0","1","138"
"30/7/2026, 22.08.48","E32_WS (Sector A)","29.02","68.99","101.08","0.38","1","50.12","2","0","0","1","138"
"30/7/2026, 22.08.53","E32_WS (Sector A)","29.02","68.98","101.07","0.34","352","50.12","2","0","0","1","138"
"30/7/2026, 22.08.58","E32_WS (Sector A)","29.02","69","101.07","0.34","332","50.12","2","0","0","1","138"
"30/7/2026, 22.09.03","E32_WS (Sector A)","29.02","69.03","101.07","0.38","333","50.12","2","0","0","1","138"
"30/7/2026, 22.09.08","E32_WS (Sector A)","29.02","69","101.07","0.62","318","50.12","2","0","0","1","138"
"30/7/2026, 22.09.13","E32_WS (Sector A)","29.02","69.06","101.07","0.4","319","50.12","2","0","0","1","138"
"30/7/2026, 22.09.18","E32_WS (Sector A)","29.02","69.08","101.07","0.41","325","50.12","2","0","0","1","138"
"30/7/2026, 22.09.23","E32_WS (Sector A)","29.02","69.07","101.07","0.52","318","50.12","2","0","0","1","138"
"30/7/2026, 22.09.28","E32_WS (Sector A)","29.01","69.13","101.07","0.23","342","50.12","2","0","0","1","138"
"30/7/2026, 22.09.33","E32_WS (Sector A)","29.01","69.1","101.07","0.39","326","50.12","2","0","0","1","138"
"30/7/2026, 22.09.38","E32_WS (Sector A)","29.02","69.11","101.07","0.43","329","50.12","2","0","0","1","138"
"30/7/2026, 22.09.43","E32_WS (Sector A)","29.01","69.1","101.07","0.48","316","50.12","2","0","0","1","138"
"30/7/2026, 22.09.48","E32_WS (Sector A)","29.01","69.15","101.07","0.49","336","50.12","2","0","0","1","138"
"30/7/2026, 22.09.53","E32_WS (Sector A)","29.01","69.15","101.07","0.4","302","50.12","2","0","0","1","138"
"30/7/2026, 22.09.58","E32_WS (Sector A)","29.01","69.16","101.07","0.4","310","50.12","2","0","0","1","138"
"30/7/2026, 22.10.03","E32_WS (Sector A)","29.01","69.2","101.07","0.69","314","50.12","2","0","0","1","138"
"30/7/2026, 22.10.08","E32_WS (Sector A)","29.01","69.2","101.07","0.13","350","50.12","2","0","0","1","138"
"30/7/2026, 22.10.13","E32_WS (Sector A)","29.01","69.14","101.07","0.37","328","50.12","2","0","0","1","138"
"30/7/2026, 22.10.18","E32_WS (Sector A)","29.01","69.15","101.07","0.53","312","50.12","2","0","0","1","138"
"30/7/2026, 22.10.23","E32_WS (Sector A)","29.01","69.16","101.07","0.69","336","50.12","2","0","0","1","138"
"30/7/2026, 22.10.28","E32_WS (Sector A)","29.01","69.16","101.07","0.62","349","50.12","2","0","0","1","138"
"30/7/2026, 22.10.33","E32_WS (Sector A)","29","69.14","101.07","0.42","315","50.12","2","0","0","1","138"
"30/7/2026, 22.10.38","E32_WS (Sector A)","29","69.16","101.07","0.61","310","50.12","2","0","0","1","138"
"30/7/2026, 22.10.43","E32_WS (Sector A)","29","69.17","101.07","0.58","357","50.12","2","0","0","1","138"
"30/7/2026, 22.10.48","E32_WS (Sector A)","29","69.12","101.07","0.45","338","50.12","2","0","0","1","138"
"30/7/2026, 22.10.53","E32_WS (Sector A)","29","69.11","101.07","0.53","314","50.12","2","0","0","1","138"
"30/7/2026, 22.10.58","E32_WS (Sector A)","29","69.16","101.07","0.44","307","50.12","2","0","0","1","138"
"30/7/2026, 22.11.03","E32_WS (Sector A)","29","69.18","101.07","0.49","312","50.12","2","0","0","1","138"
"30/7/2026, 22.11.08","E32_WS (Sector A)","29","69.17","101.07","0.51","317","50.12","2","0","0","1","138"
"30/7/2026, 22.11.13","E32_WS (Sector A)","29","69.18","101.07","0.3","347","50.12","2","0","0","1","138"
"30/7/2026, 22.11.18","E32_WS (Sector A)","29","69.15","101.07","0.43","5","50.12","2","0","0","1","138"
"30/7/2026, 22.11.23","E32_WS (Sector A)","29","69.13","101.08","0.27","321","50.12","2","0","0","1","138"
"30/7/2026, 22.11.28","E32_WS (Sector A)","29","69.16","101.07","0.33","320","50.12","2","0","0","1","138"
"30/7/2026, 22.11.33","E32_WS (Sector A)","29","69.14","101.07","0.37","348","50.12","2","0","0","1","138"
"30/7/2026, 22.11.38","E32_WS (Sector A)","29","69.12","101.07","0.38","301","50.12","2","0","0","1","138"
"30/7/2026, 22.11.43","E32_WS (Sector A)","28.99","69.16","101.07","0.47","314","50.12","2","0","0","1","138"
"30/7/2026, 22.11.48","E32_WS (Sector A)","28.99","69.24","101.07","0.48","316","50.12","2","0","0","1","138"
"30/7/2026, 22.11.53","E32_WS (Sector A)","28.99","69.25","101.07","0.34","323","50.12","2","0","0","1","138"
"30/7/2026, 22.11.58","E32_WS (Sector A)","28.99","69.22","101.07","0.56","3","50.12","2","0","0","1","138"
"30/7/2026, 22.12.03","E32_WS (Sector A)","28.99","69.19","101.07","0.66","325","50.12","2","0","0","1","138"
"30/7/2026, 22.12.08","E32_WS (Sector A)","28.99","69.19","101.07","0.65","356","50.12","2","0","0","1","138"
"30/7/2026, 22.12.13","E32_WS (Sector A)","28.99","69.14","101.07","0.5","337","50.12","2","0","0","1","138"
"30/7/2026, 22.12.18","E32_WS (Sector A)","28.99","69.14","101.07","0.56","327","50.12","2","0","0","1","138"
"30/7/2026, 22.12.23","E32_WS (Sector A)","28.99","69.15","101.07","0.48","322","50.12","2","0","0","1","138"
"30/7/2026, 22.12.28","E32_WS (Sector A)","28.99","69.2","101.07","0.37","349","50.12","2","0","0","1","138"
"30/7/2026, 22.12.33","E32_WS (Sector A)","28.99","69.16","101.07","0.52","6","50.12","2","0","0","1","138"
"30/7/2026, 22.12.38","E32_WS (Sector A)","28.99","69.1","101.07","0.27","5","50.12","2","0","0","1","138"
"30/7/2026, 22.12.43","E32_WS (Sector A)","28.99","69.08","101.07","0.53","343","50.12","2","0","0","1","138"
"30/7/2026, 22.12.48","E32_WS (Sector A)","28.99","69.12","101.07","0.45","319","50.12","2","0","0","1","138"
"30/7/2026, 22.12.53","E32_WS (Sector A)","28.98","69.18","101.07","0.37","327","50.12","2","0","0","1","138"
"30/7/2026, 22.12.58","E32_WS (Sector A)","28.99","69.17","101.08","0.4","336","50.12","2","0","0","1","138"
"30/7/2026, 22.13.03","E32_WS (Sector A)","28.98","69.15","101.08","0.54","330","50.12","2","0","0","1","138"
"30/7/2026, 22.13.08","E32_WS (Sector A)","28.99","69.17","101.08","0.55","326","50.12","2","0","0","1","138"
"30/7/2026, 22.13.13","E32_WS (Sector A)","28.99","69.18","101.08","0.55","336","50.12","2","0","0","1","138"
"30/7/2026, 22.13.18","E32_WS (Sector A)","28.99","69.16","101.08","0.38","339","50.12","2","0","0","1","138"
"30/7/2026, 22.13.23","E32_WS (Sector A)","28.99","69.14","101.08","0.56","324","50.12","2","0","0","1","138"
"30/7/2026, 22.13.28","E32_WS (Sector A)","28.99","69.16","101.08","0.28","6","50.12","2","0","0","1","138"
"30/7/2026, 22.13.33","E32_WS (Sector A)","28.99","69.15","101.08","0.25","329","50.12","2","0","0","1","138"
"30/7/2026, 22.13.38","E32_WS (Sector A)","28.98","69.17","101.08","0.53","326","50.12","2","0","0","1","138"
"30/7/2026, 22.13.43","E32_WS (Sector A)","28.99","69.19","101.08","0.5","23","50.12","2","0","0","1","138"
"30/7/2026, 22.13.48","E32_WS (Sector A)","28.98","69.15","101.08","0.34","322","50.12","2","0","0","1","138"
"30/7/2026, 22.13.53","E32_WS (Sector A)","28.98","69.18","101.08","0.49","320","50.12","2","0","0","1","138"
"30/7/2026, 22.13.58","E32_WS (Sector A)","28.98","69.18","101.08","0.58","319","50.12","2","0","0","1","138"
"30/7/2026, 22.14.03","E32_WS (Sector A)","28.98","69.19","101.08","0.71","334","50.12","2","0","0","1","138"
"30/7/2026, 22.14.08","E32_WS (Sector A)","28.98","69.16","101.08","0.54","315","50.12","2","0","0","1","138"
"30/7/2026, 22.14.13","E32_WS (Sector A)","28.98","69.18","101.08","0.35","337","50.12","2","0","0","1","138"
"30/7/2026, 22.14.18","E32_WS (Sector A)","28.98","69.15","101.08","0.72","339","50.12","2","0","0","1","138"
"30/7/2026, 22.14.23","E32_WS (Sector A)","28.99","69.13","101.08","0.64","343","50.12","2","0","0","1","138"
"30/7/2026, 22.14.28","E32_WS (Sector A)","28.98","69.08","101.08","0.49","353","50.12","2","0","0","1","138"
"30/7/2026, 22.14.33","E32_WS (Sector A)","28.98","69.06","101.08","0.44","328","50.12","2","0","0","1","138"
"30/7/2026, 22.14.38","E32_WS (Sector A)","28.98","69.07","101.08","0.36","340","50.12","2","0","0","1","138"
"30/7/2026, 22.14.43","E32_WS (Sector A)","28.98","69.04","101.08","0.43","336","50.12","2","0","0","1","138"
"30/7/2026, 22.14.48","E32_WS (Sector A)","28.98","69.1","101.08","0.41","24","50.12","2","0","0","1","138"
"30/7/2026, 22.14.53","E32_WS (Sector A)","28.98","69.08","101.08","0.36","324","50.12","2","0","0","1","138"
"30/7/2026, 22.14.58","E32_WS (Sector A)","28.98","69.14","101.08","0.36","12","50.12","2","0","0","1","138"
"30/7/2026, 22.15.03","E32_WS (Sector A)","28.98","69.11","101.08","0.16","80","50.12","2","0","0","1","138"
"30/7/2026, 22.15.08","E32_WS (Sector A)","28.98","69.12","101.08","0.32","4","50.12","2","0","0","1","138"
"30/7/2026, 22.15.13","E32_WS (Sector A)","28.98","69.13","101.08","0.37","328","50.12","2","0","0","1","138"
"30/7/2026, 22.15.18","E32_WS (Sector A)","28.98","69.13","101.08","0.43","323","50.12","2","0","0","1","138"
"30/7/2026, 22.15.23","E32_WS (Sector A)","28.98","69.13","101.08","0.59","310","50.12","2","0","0","1","138"
"30/7/2026, 22.15.28","E32_WS (Sector A)","28.98","69.07","101.08","0.47","318","50.12","2","0","0","1","138"
"30/7/2026, 22.15.33","E32_WS (Sector A)","28.98","68.98","101.08","0.42","317","50.12","2","0","0","1","138"
"30/7/2026, 22.15.38","E32_WS (Sector A)","28.98","68.94","101.08","0.62","329","50.12","2","0","0","1","138"
"30/7/2026, 22.15.43","E32_WS (Sector A)","28.97","68.94","101.08","0.41","336","50.12","2","0","0","1","138"
"30/7/2026, 22.15.48","E32_WS (Sector A)","28.97","68.91","101.08","0.51","329","50.12","2","0","0","1","138"
"30/7/2026, 22.15.53","E32_WS (Sector A)","28.97","68.92","101.08","0.45","4","50.12","2","0","0","1","138"
"30/7/2026, 22.15.58","E32_WS (Sector A)","28.97","69.01","101.08","0.37","320","50.12","2","0","0","1","138"
"30/7/2026, 22.16.03","E32_WS (Sector A)","28.97","69.01","101.09","0.46","324","50.12","2","0","0","1","138"
"30/7/2026, 22.16.08","E32_WS (Sector A)","28.97","68.99","101.08","0.52","307","50.12","2","0","0","1","138"
"30/7/2026, 22.16.13","E32_WS (Sector A)","28.97","68.94","101.08","0.4","323","50.12","2","0","0","1","138"
"30/7/2026, 22.16.18","E32_WS (Sector A)","28.96","68.94","101.08","0.17","316","50.12","2","0","0","1","138"
"30/7/2026, 22.16.23","E32_WS (Sector A)","28.96","68.97","101.08","0.54","287","50.12","2","0","0","1","138"
"30/7/2026, 22.16.28","E32_WS (Sector A)","28.96","69.05","101.08","0.44","350","50.12","2","0","0","1","138"
"30/7/2026, 22.16.33","E32_WS (Sector A)","28.96","69.05","101.08","0.43","354","50.12","2","0","0","1","138"
"30/7/2026, 22.16.38","E32_WS (Sector A)","28.96","69.01","101.08","0.59","349","50.12","2","0","0","1","138"
"30/7/2026, 22.16.43","E32_WS (Sector A)","28.96","69","101.08","0.25","6","50.12","2","0","0","1","138"
"30/7/2026, 22.16.48","E32_WS (Sector A)","28.96","68.99","101.08","0.4","330","50.12","2","0","0","1","138"
"30/7/2026, 22.16.53","E32_WS (Sector A)","28.96","69.02","101.09","0.58","332","50.12","2","0","0","1","138"
"30/7/2026, 22.16.58","E32_WS (Sector A)","28.96","69.04","101.08","0.37","325","50.12","2","0","0","1","138"
"30/7/2026, 22.17.03","E32_WS (Sector A)","28.96","69.04","101.08","0.4","326","50.12","2","0","0","1","138"
"30/7/2026, 22.17.08","E32_WS (Sector A)","28.96","69.07","101.08","0.47","319","50.12","2","0","0","1","138"
"30/7/2026, 22.17.13","E32_WS (Sector A)","28.96","69.14","101.08","0.58","340","50.12","2","0","0","1","138"
"30/7/2026, 22.17.18","E32_WS (Sector A)","28.96","69.15","101.08","0.3","339","50.12","2","0","0","1","138"
"30/7/2026, 22.17.23","E32_WS (Sector A)","28.96","69.12","101.08","0.52","319","50.12","2","0","0","1","138"
"30/7/2026, 22.17.28","E32_WS (Sector A)","28.96","69.14","101.08","0.5","297","50.12","2","0","0","1","138"
"30/7/2026, 22.17.33","E32_WS (Sector A)","28.95","69.26","101.08","0.27","348","50.12","2","0","0","1","138"
"30/7/2026, 22.17.38","E32_WS (Sector A)","28.95","69.26","101.08","0.57","323","50.12","2","0","0","1","138"
"30/7/2026, 22.17.43","E32_WS (Sector A)","28.95","69.25","101.08","0.28","351","50.12","2","0","0","1","138"
"30/7/2026, 22.17.48","E32_WS (Sector A)","28.95","69.19","101.08","0.27","356","50.12","2","0","0","1","138"
"30/7/2026, 22.17.53","E32_WS (Sector A)","28.95","69.18","101.08","0.47","334","50.12","2","0","0","1","138"
"30/7/2026, 22.17.58","E32_WS (Sector A)","28.95","69.17","101.08","0.27","337","50.12","2","0","0","1","138"
"30/7/2026, 22.18.03","E32_WS (Sector A)","28.95","69.15","101.09","0.35","329","50.12","2","0","0","1","138"
"30/7/2026, 22.18.08","E32_WS (Sector A)","28.95","69.16","101.09","0.48","322","50.12","2","0","0","1","138"
"30/7/2026, 22.18.13","E32_WS (Sector A)","28.95","69.21","101.08","0.47","338","50.12","2","0","0","1","138"
"30/7/2026, 22.18.18","E32_WS (Sector A)","28.95","69.21","101.08","0.5","356","50.12","2","0","0","1","138"
"30/7/2026, 22.18.23","E32_WS (Sector A)","28.95","69.19","101.08","0.24","288","50.12","2","0","0","1","138"
"30/7/2026, 22.18.28","E32_WS (Sector A)","28.95","69.26","101.08","0.46","314","50.12","2","0","0","1","138"
"30/7/2026, 22.18.33","E32_WS (Sector A)","28.94","69.26","101.08","0.49","344","50.12","2","0","0","1","138"
"30/7/2026, 22.18.38","E32_WS (Sector A)","28.95","69.24","101.08","0.56","338","50.12","2","0","0","1","138"
"30/7/2026, 22.18.43","E32_WS (Sector A)","28.95","69.2","101.08","0.42","309","50.12","2","0","0","1","138"
"30/7/2026, 22.18.48","E32_WS (Sector A)","28.94","69.26","101.08","0.39","344","50.12","2","0","0","1","138"
"30/7/2026, 22.18.53","E32_WS (Sector A)","28.94","69.23","101.08","0.43","331","50.12","2","0","0","1","138"
"30/7/2026, 22.18.58","E32_WS (Sector A)","28.95","69.22","101.08","0.45","327","50.12","2","0","0","1","138"
"30/7/2026, 22.19.03","E32_WS (Sector A)","28.95","69.24","101.08","0.47","327","50.12","2","0","0","1","138"
"30/7/2026, 22.19.08","E32_WS (Sector A)","28.94","69.26","101.08","0.53","334","50.12","2","0","0","1","138"
"30/7/2026, 22.19.13","E32_WS (Sector A)","28.95","69.24","101.08","0.47","352","50.12","2","0","0","1","138"
"30/7/2026, 22.19.18","E32_WS (Sector A)","28.94","69.22","101.08","0.49","330","50.12","2","0","0","1","138"
"30/7/2026, 22.19.23","E32_WS (Sector A)","28.94","69.23","101.08","0.83","341","50.12","2","0","0","1","138"
"30/7/2026, 22.19.28","E32_WS (Sector A)","28.94","69.21","101.08","0.48","296","50.12","2","0","0","1","138"
"30/7/2026, 22.19.33","E32_WS (Sector A)","28.94","69.29","101.08","0.44","310","50.12","2","0","0","1","138"
"30/7/2026, 22.19.38","E32_WS (Sector A)","28.94","69.35","101.08","0.4","318","50.12","2","0","0","1","138"
"30/7/2026, 22.19.43","E32_WS (Sector A)","28.94","69.36","101.09","0.42","313","50.12","2","0","0","1","138"
"30/7/2026, 22.19.48","E32_WS (Sector A)","28.94","69.38","101.08","0.48","333","50.12","2","0","0","1","138"
"30/7/2026, 22.19.53","E32_WS (Sector A)","28.94","69.36","101.08","0.62","356","50.12","2","0","0","1","138"
"30/7/2026, 22.19.58","E32_WS (Sector A)","28.94","69.32","101.08","0.68","324","50.12","2","0","0","1","138"
"30/7/2026, 22.20.03","E32_WS (Sector A)","28.93","69.37","101.08","0.49","324","50.12","2","0","0","1","138"
"30/7/2026, 22.20.08","E32_WS (Sector A)","28.93","69.39","101.08","0.39","331","50.12","2","0","0","1","138"
"30/7/2026, 22.20.13","E32_WS (Sector A)","28.93","69.36","101.08","0.52","343","50.12","2","0","0","1","138"
"30/7/2026, 22.20.18","E32_WS (Sector A)","28.94","69.32","101.08","0.4","321","50.12","2","0","0","1","138"
"30/7/2026, 22.20.23","E32_WS (Sector A)","28.93","69.32","101.08","0.44","340","50.12","2","0","0","1","138"
"30/7/2026, 22.20.28","E32_WS (Sector A)","28.94","69.32","101.08","0.43","327","50.12","2","0","0","1","138"
"30/7/2026, 22.20.33","E32_WS (Sector A)","28.94","69.36","101.08","0.53","314","50.12","2","0","0","1","138"
"30/7/2026, 22.20.38","E32_WS (Sector A)","28.94","69.39","101.08","0.49","309","50.12","2","0","0","1","138"
"30/7/2026, 22.20.43","E32_WS (Sector A)","28.94","69.41","101.08","0.55","328","50.12","2","0","0","1","138"
"30/7/2026, 22.20.48","E32_WS (Sector A)","28.93","69.4","101.08","0.6","333","50.12","2","0","0","1","138"
"30/7/2026, 22.20.53","E32_WS (Sector A)","28.93","69.39","101.08","0.49","353","50.12","2","0","0","1","138"
"30/7/2026, 22.20.58","E32_WS (Sector A)","28.93","69.33","101.08","0.51","343","50.12","2","0","0","1","138"
"30/7/2026, 22.21.03","E32_WS (Sector A)","28.93","69.29","101.08","0.51","2","50.12","2","0","0","1","138"
"30/7/2026, 22.21.08","E32_WS (Sector A)","28.93","69.29","101.08","0.3","298","50.12","2","0","0","1","138"
"30/7/2026, 22.21.13","E32_WS (Sector A)","28.93","69.32","101.08","0.37","335","50.12","2","0","0","1","138"
"30/7/2026, 22.21.18","E32_WS (Sector A)","28.93","69.28","101.08","0.4","339","50.12","2","0","0","1","138"
"30/7/2026, 22.21.23","E32_WS (Sector A)","28.93","69.27","101.08","0.38","330","50.12","2","0","0","1","138"
"30/7/2026, 22.21.28","E32_WS (Sector A)","28.93","69.31","101.08","0.47","333","50.12","2","0","0","1","138"
"30/7/2026, 22.21.33","E32_WS (Sector A)","28.93","69.35","101.08","0.41","320","50.12","2","0","0","1","138"
"30/7/2026, 22.21.38","E32_WS (Sector A)","28.93","69.37","101.08","0.34","323","50.12","2","0","0","1","138"
"30/7/2026, 22.21.43","E32_WS (Sector A)","28.93","69.38","101.08","0.43","325","50.12","2","0","0","1","138"
"30/7/2026, 22.21.48","E32_WS (Sector A)","28.93","69.39","101.08","0.38","332","50.12","2","0","0","1","138"
"30/7/2026, 22.21.53","E32_WS (Sector A)","28.93","69.38","101.08","0.39","339","50.12","2","0","0","1","138"
"30/7/2026, 22.21.58","E32_WS (Sector A)","28.93","69.32","101.08","0.45","328","50.12","2","0","0","1","138"
"30/7/2026, 22.22.03","E32_WS (Sector A)","28.93","69.36","101.08","0.51","306","50.12","2","0","0","1","138"
"30/7/2026, 22.22.08","E32_WS (Sector A)","28.93","69.42","101.08","0.46","312","50.12","2","0","0","1","138"
"30/7/2026, 22.22.13","E32_WS (Sector A)","28.93","69.44","101.09","0.47","320","50.12","2","0","0","1","138"
"30/7/2026, 22.22.18","E32_WS (Sector A)","28.93","69.47","101.09","0.49","324","50.12","2","0","0","1","138"
"30/7/2026, 22.22.23","E32_WS (Sector A)","28.93","69.45","101.09","0.4","346","50.12","2","0","0","1","138"
"30/7/2026, 22.22.28","E32_WS (Sector A)","28.93","69.4","101.09","0.34","342","50.12","2","0","0","1","138"
"30/7/2026, 22.22.33","E32_WS (Sector A)","28.93","69.38","101.09","0.38","311","50.12","2","0","0","1","138"
"30/7/2026, 22.22.38","E32_WS (Sector A)","28.92","69.44","101.08","0.52","359","50.12","2","0","0","1","138"
"30/7/2026, 22.22.43","E32_WS (Sector A)","28.92","69.4","101.08","0.57","0","50.12","2","0","0","1","138"
"30/7/2026, 22.22.48","E32_WS (Sector A)","28.92","69.36","101.09","0.37","346","50.12","2","0","0","1","138"
"30/7/2026, 22.22.53","E32_WS (Sector A)","28.92","69.39","101.09","0.54","323","50.12","2","0","0","1","138"
"30/7/2026, 22.22.58","E32_WS (Sector A)","28.92","69.4","101.09","0.4","6","50.12","2","0","0","1","138"
"30/7/2026, 22.23.03","E32_WS (Sector A)","28.92","69.4","101.08","0.52","310","50.12","2","0","0","1","138"
"30/7/2026, 22.23.08","E32_WS (Sector A)","28.92","69.47","101.09","0.44","311","50.12","2","0","0","1","138"
"30/7/2026, 22.23.13","E32_WS (Sector A)","28.92","69.52","101.09","0.44","303","50.12","2","0","0","1","138"
"30/7/2026, 22.23.18","E32_WS (Sector A)","28.91","69.56","101.08","0.44","320","50.12","2","0","0","1","138"
"30/7/2026, 22.23.23","E32_WS (Sector A)","28.92","69.55","101.09","0.52","332","50.12","2","0","0","1","138"
"30/7/2026, 22.23.28","E32_WS (Sector A)","28.92","69.53","101.09","0.33","341","50.12","2","0","0","1","138"
"30/7/2026, 22.23.33","E32_WS (Sector A)","28.92","69.48","101.08","0.49","353","50.12","2","0","0","1","138"
"30/7/2026, 22.23.38","E32_WS (Sector A)","28.92","69.44","101.09","0.47","353","50.12","2","0","0","1","138"
"30/7/2026, 22.23.43","E32_WS (Sector A)","28.92","69.45","101.09","0.39","324","50.12","2","0","0","1","138"
"30/7/2026, 22.23.48","E32_WS (Sector A)","28.91","69.43","101.09","0.64","356","50.12","2","0","0","1","138"
"30/7/2026, 22.23.53","E32_WS (Sector A)","28.91","69.42","101.09","0.54","4","50.12","2","0","0","1","138"
"30/7/2026, 22.23.58","E32_WS (Sector A)","28.91","69.39","101.09","0.61","326","50.12","2","0","0","1","138"
"30/7/2026, 22.24.03","E32_WS (Sector A)","28.91","69.41","101.08","0.49","347","50.12","2","0","0","1","138"
"30/7/2026, 22.24.08","E32_WS (Sector A)","28.91","69.38","101.08","0.81","342","50.12","2","0","0","1","138"
"30/7/2026, 22.24.13","E32_WS (Sector A)","28.91","69.34","101.09","0.63","340","50.12","2","0","0","1","138"
"30/7/2026, 22.24.18","E32_WS (Sector A)","28.91","69.37","101.09","0.7","353","50.12","2","0","0","1","138"
"30/7/2026, 22.24.23","E32_WS (Sector A)","28.91","69.37","101.09","0.72","337","50.12","2","0","0","1","138"
"30/7/2026, 22.24.28","E32_WS (Sector A)","28.92","69.36","101.09","0.54","330","50.12","2","0","0","1","138"
"30/7/2026, 22.24.33","E32_WS (Sector A)","28.91","69.4","101.09","0.34","331","50.12","2","0","0","1","138"
"30/7/2026, 22.24.38","E32_WS (Sector A)","28.91","69.4","101.09","0.51","353","50.12","2","0","0","1","138"
"30/7/2026, 22.24.43","E32_WS (Sector A)","28.91","69.39","101.09","0.49","337","50.12","2","0","0","1","138"
"30/7/2026, 22.24.48","E32_WS (Sector A)","28.91","69.38","101.09","0.3","343","50.12","2","0","0","1","138"
"30/7/2026, 22.24.53","E32_WS (Sector A)","28.91","69.35","101.09","0.52","327","50.12","2","0","0","1","138"
"30/7/2026, 22.24.58","E32_WS (Sector A)","28.91","69.4","101.09","0.54","332","50.12","2","0","0","1","138"
"30/7/2026, 22.25.03","E32_WS (Sector A)","28.91","69.43","101.09","0.42","321","50.12","2","0","0","1","138"
"30/7/2026, 22.25.08","E32_WS (Sector A)","28.91","69.46","101.09","0.39","335","50.12","2","0","0","1","138"
"30/7/2026, 22.25.13","E32_WS (Sector A)","28.91","69.43","101.09","0.33","330","50.12","2","0","0","1","138"
"30/7/2026, 22.25.18","E32_WS (Sector A)","28.91","69.38","101.09","0.41","326","50.12","2","0","0","1","138"
"30/7/2026, 22.25.23","E32_WS (Sector A)","28.91","69.39","101.09","0.53","320","50.12","2","0","0","1","138"
"30/7/2026, 22.25.28","E32_WS (Sector A)","28.91","69.44","101.09","0.31","351","50.12","2","0","0","1","138"
"30/7/2026, 22.25.33","E32_WS (Sector A)","28.91","69.44","101.09","0.46","336","50.12","2","0","0","1","138"
"30/7/2026, 22.25.38","E32_WS (Sector A)","28.91","69.41","101.09","0.56","323","50.12","2","0","0","1","138"
"30/7/2026, 22.25.43","E32_WS (Sector A)","28.91","69.42","101.09","0.33","322","50.12","2","0","0","1","138"
"30/7/2026, 22.25.48","E32_WS (Sector A)","28.91","69.49","101.09","0.39","301","50.12","2","0","0","1","138"
"30/7/2026, 22.25.53","E32_WS (Sector A)","28.9","69.51","101.09","0.37","315","50.12","2","0","0","1","138"
"30/7/2026, 22.25.58","E32_WS (Sector A)","28.9","69.53","101.09","0.39","337","50.12","2","0","0","1","138"
"30/7/2026, 22.26.03","E32_WS (Sector A)","28.91","69.51","101.09","0.34","347","50.12","2","0","0","1","138"
"30/7/2026, 22.26.08","E32_WS (Sector A)","28.91","69.46","101.09","0.44","325","50.12","2","0","0","1","138"
"30/7/2026, 22.26.13","E32_WS (Sector A)","28.91","69.43","101.09","0.49","329","50.12","2","0","0","1","138"
"30/7/2026, 22.26.18","E32_WS (Sector A)","28.91","69.44","101.09","0.5","324","50.12","2","0","0","1","138"
"30/7/2026, 22.26.23","E32_WS (Sector A)","28.91","69.48","101.09","0.35","351","50.12","2","0","0","1","138"
"30/7/2026, 22.26.28","E32_WS (Sector A)","28.91","69.45","101.09","0.38","351","50.12","2","0","0","1","138"
"30/7/2026, 22.26.33","E32_WS (Sector A)","28.91","69.41","101.09","0.52","337","50.12","2","0","0","1","138"
"30/7/2026, 22.26.38","E32_WS (Sector A)","28.91","69.41","101.09","0.32","339","50.12","2","0","0","1","138"
"30/7/2026, 22.26.43","E32_WS (Sector A)","28.91","69.39","101.09","0.38","323","50.12","2","0","0","1","138"
"30/7/2026, 22.26.48","E32_WS (Sector A)","28.9","69.44","101.09","0.4","340","50.12","2","0","0","1","138"
"30/7/2026, 22.26.53","E32_WS (Sector A)","28.91","69.45","101.09","0.36","354","50.12","2","0","0","1","138"
"30/7/2026, 22.26.58","E32_WS (Sector A)","28.9","69.42","101.09","0.6","337","50.12","2","0","0","1","138"
"30/7/2026, 22.27.03","E32_WS (Sector A)","28.91","69.43","101.09","0.54","326","50.12","2","0","0","1","138"
"30/7/2026, 22.27.08","E32_WS (Sector A)","28.91","69.49","101.09","0.31","357","50.12","2","0","0","1","138"
"30/7/2026, 22.27.13","E32_WS (Sector A)","28.91","69.46","101.09","0.49","332","50.12","2","0","0","1","138"
"30/7/2026, 22.27.18","E32_WS (Sector A)","28.91","69.45","101.09","0.6","323","50.12","2","0","0","1","138"
"30/7/2026, 22.27.23","E32_WS (Sector A)","28.91","69.49","101.09","0.54","305","50.12","2","0","0","1","138"
"30/7/2026, 22.27.28","E32_WS (Sector A)","28.9","69.52","101.09","0.38","0","50.12","2","0","0","1","138"
"30/7/2026, 22.27.33","E32_WS (Sector A)","28.91","69.54","101.09","0.32","313","50.12","2","0","0","1","138"
"30/7/2026, 22.27.38","E32_WS (Sector A)","28.9","69.56","101.09","0.55","297","50.12","2","0","0","1","138"
"30/7/2026, 22.27.43","E32_WS (Sector A)","28.9","69.62","101.09","0.59","319","50.12","2","0","0","1","138"
"30/7/2026, 22.27.48","E32_WS (Sector A)","28.9","69.63","101.09","0.71","329","50.12","2","0","0","1","138"
"30/7/2026, 22.27.53","E32_WS (Sector A)","28.9","69.65","101.09","0.49","350","50.12","2","0","0","1","138"
"30/7/2026, 22.27.58","E32_WS (Sector A)","28.9","69.61","101.09","0.54","353","50.12","2","0","0","1","138"
"30/7/2026, 22.28.03","E32_WS (Sector A)","28.9","69.56","101.09","0.26","315","50.12","2","0","0","1","138"
"30/7/2026, 22.28.08","E32_WS (Sector A)","28.9","69.54","101.09","0.3","336","50.12","2","0","0","1","138"
"30/7/2026, 22.28.13","E32_WS (Sector A)","28.9","69.51","101.09","0.47","314","50.12","2","0","0","1","138"
"30/7/2026, 22.28.18","E32_WS (Sector A)","28.9","69.51","101.09","0.31","21","50.12","2","0","0","1","138"
"30/7/2026, 22.28.23","E32_WS (Sector A)","28.9","69.5","101.09","0.35","342","50.12","2","0","0","1","138"
"30/7/2026, 22.28.28","E32_WS (Sector A)","28.9","69.48","101.09","0.61","343","50.12","2","0","0","1","138"
"30/7/2026, 22.28.33","E32_WS (Sector A)","28.9","69.47","101.09","0.32","316","50.12","2","0","0","1","138"
"30/7/2026, 22.28.38","E32_WS (Sector A)","28.9","69.52","101.09","0.48","322","50.12","2","0","0","1","138"
"30/7/2026, 22.28.43","E32_WS (Sector A)","28.9","69.53","101.09","0.64","6","50.12","2","0","0","1","138"
"30/7/2026, 22.28.48","E32_WS (Sector A)","28.9","69.54","101.09","0.74","324","50.12","2","0","0","1","138"
"30/7/2026, 22.28.54","E32_WS (Sector A)","28.9","69.55","101.09","0.44","10","50.12","2","0","0","1","138"
"30/7/2026, 22.28.58","E32_WS (Sector A)","28.9","69.52","101.09","0.42","355","50.12","2","0","0","1","138"
"30/7/2026, 22.29.03","E32_WS (Sector A)","28.9","69.52","101.09","0.48","314","50.12","2","0","0","1","138"
"30/7/2026, 22.29.08","E32_WS (Sector A)","28.9","69.55","101.08","0.29","299","50.12","2","0","0","1","138"
"30/7/2026, 22.29.13","E32_WS (Sector A)","28.9","69.57","101.08","0.24","342","50.12","2","0","0","1","138"
"30/7/2026, 22.29.18","E32_WS (Sector A)","28.9","69.54","101.09","0.48","325","50.12","2","0","0","1","138"
"30/7/2026, 22.29.23","E32_WS (Sector A)","28.9","69.55","101.09","0.35","325","50.12","2","0","0","1","138"
"30/7/2026, 22.29.28","E32_WS (Sector A)","28.9","69.5","101.08","0.54","348","50.12","2","0","0","1","138"
"30/7/2026, 22.29.33","E32_WS (Sector A)","28.9","69.49","101.08","0.66","337","50.12","2","0","0","1","138"
"30/7/2026, 22.29.38","E32_WS (Sector A)","28.9","69.44","101.08","0.72","337","50.12","2","0","0","1","138"
"30/7/2026, 22.29.43","E32_WS (Sector A)","28.9","69.41","101.08","0.63","3","50.12","2","0","0","1","138"
"30/7/2026, 22.29.48","E32_WS (Sector A)","28.9","69.44","101.09","0.7","332","50.12","2","0","0","1","138"
"30/7/2026, 22.29.53","E32_WS (Sector A)","28.9","69.47","101.08","0.63","334","50.12","2","0","0","1","138"
"30/7/2026, 22.29.58","E32_WS (Sector A)","28.9","69.46","101.09","0.48","345","50.12","2","0","0","1","138"
"30/7/2026, 22.30.03","E32_WS (Sector A)","28.9","69.44","101.08","0.59","4","50.12","2","0","0","1","138"
"30/7/2026, 22.30.08","E32_WS (Sector A)","28.9","69.42","101.08","0.4","317","50.12","2","0","0","1","138"
"30/7/2026, 22.30.13","E32_WS (Sector A)","28.89","69.49","101.08","0.51","306","50.12","2","0","0","1","138"
"30/7/2026, 22.30.18","E32_WS (Sector A)","28.89","69.55","101.08","0.43","323","50.12","2","0","0","1","138"
"30/7/2026, 22.30.23","E32_WS (Sector A)","28.89","69.58","101.09","0.58","353","50.12","2","0","0","1","138"
"30/7/2026, 22.30.28","E32_WS (Sector A)","28.89","69.53","101.08","0.42","345","50.12","2","0","0","1","138"
"30/7/2026, 22.30.33","E32_WS (Sector A)","28.89","69.52","101.08","0.49","3","50.12","2","0","0","1","138"
"30/7/2026, 22.30.38","E32_WS (Sector A)","28.89","69.49","101.08","0.8","357","50.12","2","0","0","1","138"
"30/7/2026, 22.30.43","E32_WS (Sector A)","28.9","69.46","101.08","0.83","348","50.12","2","0","0","1","138"
"30/7/2026, 22.30.48","E32_WS (Sector A)","28.9","69.47","101.09","0.63","328","50.12","2","0","0","1","138"
"30/7/2026, 22.30.53","E32_WS (Sector A)","28.89","69.53","101.09","0.28","322","50.12","2","0","0","1","138"
"30/7/2026, 22.30.58","E32_WS (Sector A)","28.89","69.49","101.09","0.45","20","50.12","2","0","0","1","138"
"30/7/2026, 22.31.03","E32_WS (Sector A)","28.89","69.5","101.08","0.87","350","50.12","2","0","0","1","138"
"30/7/2026, 22.31.08","E32_WS (Sector A)","28.89","69.49","101.09","0.61","343","50.12","2","0","0","1","138"
"30/7/2026, 22.31.13","E32_WS (Sector A)","28.9","69.45","101.09","0.54","1","50.12","2","0","0","1","138"
"30/7/2026, 22.31.18","E32_WS (Sector A)","28.89","69.42","101.08","0.72","9","50.12","2","0","0","1","138"
"30/7/2026, 22.31.23","E32_WS (Sector A)","28.9","69.43","101.09","0.23","344","50.12","2","0","0","1","138"
"30/7/2026, 22.31.28","E32_WS (Sector A)","28.9","69.41","101.09","0.48","325","50.12","2","0","0","1","138"
"30/7/2026, 22.31.33","E32_WS (Sector A)","28.9","69.44","101.09","0.23","14","50.12","2","0","0","1","138"
"30/7/2026, 22.31.38","E32_WS (Sector A)","28.9","69.45","101.09","0.58","329","50.12","2","0","0","1","138"
"30/7/2026, 22.31.43","E32_WS (Sector A)","28.89","69.45","101.09","0.51","328","50.12","2","0","0","1","138"
"30/7/2026, 22.31.48","E32_WS (Sector A)","28.9","69.49","101.09","0.49","349","50.12","2","0","0","1","138"
"30/7/2026, 22.31.53","E32_WS (Sector A)","28.89","69.49","101.09","0.21","351","50.12","2","0","0","1","138"
"30/7/2026, 22.31.58","E32_WS (Sector A)","28.89","69.47","101.09","0.21","325","50.12","2","0","0","1","138"
"30/7/2026, 22.32.03","E32_WS (Sector A)","28.9","69.47","101.09","0.31","354","50.12","2","0","0","1","138"
"30/7/2026, 22.32.08","E32_WS (Sector A)","28.89","69.47","101.09","0.51","303","50.12","2","0","0","1","138"
"30/7/2026, 22.32.13","E32_WS (Sector A)","28.89","69.49","101.08","0.52","350","50.12","2","0","0","1","138"
"30/7/2026, 22.32.18","E32_WS (Sector A)","28.89","69.53","101.08","0.49","303","50.12","2","0","0","1","138"
"30/7/2026, 22.32.23","E32_WS (Sector A)","28.89","69.57","101.08","0.45","322","50.12","2","0","0","1","138"
"30/7/2026, 22.32.28","E32_WS (Sector A)","28.89","69.59","101.09","0.47","0","50.12","2","0","0","1","138"
"30/7/2026, 22.32.33","E32_WS (Sector A)","28.89","69.56","101.09","0.7","291","50.12","2","0","0","1","138"
"30/7/2026, 22.32.38","E32_WS (Sector A)","28.88","69.54","101.09","0.71","331","50.12","2","0","0","1","138"
"30/7/2026, 22.32.43","E32_WS (Sector A)","28.88","69.52","101.08","0.24","307","50.12","2","0","0","1","138"
"30/7/2026, 22.32.48","E32_WS (Sector A)","28.88","69.56","101.09","0.67","5","50.12","2","0","0","1","138"
"30/7/2026, 22.32.53","E32_WS (Sector A)","28.88","69.53","101.08","0.43","356","50.12","2","0","0","1","138"
"30/7/2026, 22.32.58","E32_WS (Sector A)","28.88","69.5","101.08","0.5","4","50.12","2","0","0","1","138"
"30/7/2026, 22.33.03","E32_WS (Sector A)","28.88","69.49","101.09","0.62","338","50.12","2","0","0","1","138"
"30/7/2026, 22.33.08","E32_WS (Sector A)","28.88","69.52","101.09","0.21","0","50.12","2","0","0","1","138"
"30/7/2026, 22.33.13","E32_WS (Sector A)","28.88","69.5","101.09","0.21","333","50.12","2","0","0","1","138"
"30/7/2026, 22.33.18","E32_WS (Sector A)","28.88","69.48","101.09","0.49","303","50.12","2","0","0","1","138"
"30/7/2026, 22.33.23","E32_WS (Sector A)","28.87","69.52","101.09","0.55","289","50.12","2","0","0","1","138"
"30/7/2026, 22.33.28","E32_WS (Sector A)","28.87","69.57","101.09","0.24","333","50.12","2","0","0","1","138"
"30/7/2026, 22.33.33","E32_WS (Sector A)","28.88","69.52","101.09","0.32","306","50.12","2","0","0","1","138"
"30/7/2026, 22.33.38","E32_WS (Sector A)","28.87","69.51","101.09","0.43","313","50.12","2","0","0","1","138"
"30/7/2026, 22.33.43","E32_WS (Sector A)","28.87","69.53","101.09","0.48","309","50.12","2","0","0","1","138"
"30/7/2026, 22.33.48","E32_WS (Sector A)","28.87","69.58","101.09","0.6","343","50.12","2","0","0","1","138"
"30/7/2026, 22.33.53","E32_WS (Sector A)","28.87","69.57","101.09","0.59","325","50.12","2","0","0","1","138"
"30/7/2026, 22.33.58","E32_WS (Sector A)","28.87","69.58","101.09","0.43","334","50.12","2","0","0","1","138"
"30/7/2026, 22.34.03","E32_WS (Sector A)","28.87","69.57","101.09","0.72","15","50.12","2","0","0","1","138"
"30/7/2026, 22.34.08","E32_WS (Sector A)","28.87","69.52","101.09","0.49","332","50.12","2","0","0","1","138"
"30/7/2026, 22.34.13","E32_WS (Sector A)","28.87","69.5","101.09","0.65","335","50.12","2","0","0","1","138"
"30/7/2026, 22.34.18","E32_WS (Sector A)","28.87","69.55","101.09","0.42","304","50.12","2","0","0","1","138"
"30/7/2026, 22.34.23","E32_WS (Sector A)","28.87","69.57","101.09","0.4","324","50.12","2","0","0","1","138"
"30/7/2026, 22.34.28","E32_WS (Sector A)","28.87","69.55","101.09","0.53","311","50.12","2","0","0","1","138"
"30/7/2026, 22.34.33","E32_WS (Sector A)","28.87","69.59","101.09","0.4","321","50.12","2","0","0","1","138"
"30/7/2026, 22.34.38","E32_WS (Sector A)","28.86","69.6","101.09","0.55","325","50.12","2","0","0","1","138"
"30/7/2026, 22.34.43","E32_WS (Sector A)","28.87","69.59","101.09","0.51","335","50.12","2","0","0","1","138"
"30/7/2026, 22.34.48","E32_WS (Sector A)","28.87","69.58","101.09","0.59","336","50.12","2","0","0","1","138"
"30/7/2026, 22.34.53","E32_WS (Sector A)","28.86","69.55","101.09","0.65","327","50.12","2","0","0","1","138"
"30/7/2026, 22.34.58","E32_WS (Sector A)","28.87","69.55","101.09","0.63","341","50.12","2","0","0","1","138"
"30/7/2026, 22.35.03","E32_WS (Sector A)","28.86","69.52","101.08","0.58","346","50.12","2","0","0","1","138"
"30/7/2026, 22.35.08","E32_WS (Sector A)","28.87","69.49","101.08","0.56","341","50.12","2","0","0","1","138"
"30/7/2026, 22.35.13","E32_WS (Sector A)","28.87","69.46","101.09","0.62","350","50.12","2","0","0","1","138"
"30/7/2026, 22.35.18","E32_WS (Sector A)","28.87","69.42","101.09","0.49","345","50.12","2","0","0","1","138"
"30/7/2026, 22.35.23","E32_WS (Sector A)","28.87","69.4","101.09","0.48","319","50.12","2","0","0","1","138"
"30/7/2026, 22.35.28","E32_WS (Sector A)","28.87","69.47","101.09","0.6","336","50.12","2","0","0","1","138"
"30/7/2026, 22.35.33","E32_WS (Sector A)","28.87","69.48","101.08","0.72","322","50.12","2","0","0","1","138"
"30/7/2026, 22.35.38","E32_WS (Sector A)","28.87","69.52","101.09","0.67","348","50.12","2","0","0","1","138"
"30/7/2026, 22.35.43","E32_WS (Sector A)","28.87","69.49","101.08","0.53","354","50.12","2","0","0","1","138"
"30/7/2026, 22.35.48","E32_WS (Sector A)","28.87","69.54","101.08","0.18","333","50.12","2","0","0","1","138"
"30/7/2026, 22.35.53","E32_WS (Sector A)","28.87","69.49","101.08","0.27","337","50.12","2","0","0","1","138"
"30/7/2026, 22.35.58","E32_WS (Sector A)","28.87","69.44","101.09","0.39","356","50.12","2","0","0","1","138"
"30/7/2026, 22.36.03","E32_WS (Sector A)","28.87","69.46","101.08","0.52","338","50.12","2","0","0","1","138"
"30/7/2026, 22.36.08","E32_WS (Sector A)","28.87","69.48","101.08","0.49","321","50.12","2","0","0","1","138"
"30/7/2026, 22.36.13","E32_WS (Sector A)","28.87","69.51","101.08","0.34","350","50.12","2","0","0","1","138"
"30/7/2026, 22.36.18","E32_WS (Sector A)","28.87","69.48","101.08","0.4","343","50.12","2","0","0","1","138"
"30/7/2026, 22.36.23","E32_WS (Sector A)","28.87","69.5","101.08","0.28","343","50.12","2","0","0","1","138"
"30/7/2026, 22.36.28","E32_WS (Sector A)","28.87","69.47","101.08","0.34","334","50.12","2","0","0","1","138"
"30/7/2026, 22.36.33","E32_WS (Sector A)","28.87","69.44","101.08","0.36","329","50.12","2","0","0","1","138"
"30/7/2026, 22.36.38","E32_WS (Sector A)","28.87","69.43","101.08","0.35","335","50.12","2","0","0","1","138"
"30/7/2026, 22.36.43","E32_WS (Sector A)","28.87","69.46","101.08","0.35","346","50.12","2","0","0","1","138"
"30/7/2026, 22.36.48","E32_WS (Sector A)","28.87","69.47","101.08","0.52","349","50.12","2","0","0","1","138"
"30/7/2026, 22.36.53","E32_WS (Sector A)","28.87","69.47","101.08","0.27","349","50.12","2","0","0","1","138"
"30/7/2026, 22.36.58","E32_WS (Sector A)","28.87","69.47","101.08","0.42","331","50.12","2","0","0","1","138"
"30/7/2026, 22.37.03","E32_WS (Sector A)","28.87","69.46","101.08","0.48","341","50.12","2","0","0","1","138"
"30/7/2026, 22.37.08","E32_WS (Sector A)","28.87","69.48","101.08","0.32","314","50.12","2","0","0","1","138"
"30/7/2026, 22.37.13","E32_WS (Sector A)","28.87","69.47","101.08","0.41","326","50.12","2","0","0","1","138"
"30/7/2026, 22.37.18","E32_WS (Sector A)","28.86","69.52","101.08","0.46","314","50.12","2","0","0","1","138"
"30/7/2026, 22.37.23","E32_WS (Sector A)","28.87","69.53","101.08","0.51","3","50.12","2","0","0","1","138"
"30/7/2026, 22.37.28","E32_WS (Sector A)","28.86","69.49","101.08","0.3","8","50.12","2","0","0","1","138"
"30/7/2026, 22.37.33","E32_WS (Sector A)","28.87","69.47","101.08","0.58","352","50.12","2","0","0","1","138"
"30/7/2026, 22.37.38","E32_WS (Sector A)","28.87","69.46","101.08","0.32","333","50.12","2","0","0","1","138"
"30/7/2026, 22.37.43","E32_WS (Sector A)","28.86","69.47","101.08","0.31","308","50.12","2","0","0","1","138"
"30/7/2026, 22.37.48","E32_WS (Sector A)","28.86","69.54","101.08","0.35","358","50.12","2","0","0","1","138"
"30/7/2026, 22.37.53","E32_WS (Sector A)","28.87","69.5","101.08","0.52","2","50.12","2","0","0","1","138"
"30/7/2026, 22.37.58","E32_WS (Sector A)","28.87","69.51","101.08","0.37","336","50.12","2","0","0","1","138"
"30/7/2026, 22.38.03","E32_WS (Sector A)","28.87","69.5","101.08","0.53","326","50.12","2","0","0","1","138"
"30/7/2026, 22.38.08","E32_WS (Sector A)","28.87","69.48","101.08","0.69","336","50.12","2","0","0","1","138"
"30/7/2026, 22.38.13","E32_WS (Sector A)","28.87","69.45","101.08","0.65","341","50.12","2","0","0","1","138"
"30/7/2026, 22.38.18","E32_WS (Sector A)","28.87","69.41","101.08","0.59","336","50.12","2","0","0","1","138"
"30/7/2026, 22.38.23","E32_WS (Sector A)","28.87","69.4","101.08","0.55","327","50.12","2","0","0","1","138"
"30/7/2026, 22.38.28","E32_WS (Sector A)","28.87","69.47","101.08","0.49","317","50.12","2","0","0","1","138"
"30/7/2026, 22.38.33","E32_WS (Sector A)","28.87","69.51","101.08","0.45","333","50.12","2","0","0","1","138"
"30/7/2026, 22.38.38","E32_WS (Sector A)","28.87","69.51","101.08","0.33","358","50.12","2","0","0","1","138"
"30/7/2026, 22.38.43","E32_WS (Sector A)","28.87","69.46","101.08","0.44","344","50.12","2","0","0","1","138"
"30/7/2026, 22.38.48","E32_WS (Sector A)","28.87","69.46","101.08","0.49","323","50.12","2","0","0","1","138"
"30/7/2026, 22.38.53","E32_WS (Sector A)","28.87","69.5","101.08","0.5","337","50.12","2","0","0","1","138"
"30/7/2026, 22.38.58","E32_WS (Sector A)","28.87","69.45","101.08","0.45","2","50.12","2","0","0","1","138"
"30/7/2026, 22.39.03","E32_WS (Sector A)","28.87","69.42","101.08","0.36","333","50.12","2","0","0","1","138"
"30/7/2026, 22.39.08","E32_WS (Sector A)","28.87","69.46","101.08","0.51","308","50.12","2","0","0","1","138"
"30/7/2026, 22.39.13","E32_WS (Sector A)","28.87","69.52","101.08","0.37","320","50.12","2","0","0","1","138"
"30/7/2026, 22.39.18","E32_WS (Sector A)","28.87","69.55","101.08","0.47","310","50.12","2","0","0","1","138"
"30/7/2026, 22.39.23","E32_WS (Sector A)","28.86","69.58","101.08","0.38","326","50.12","2","0","0","1","138"
"30/7/2026, 22.39.28","E32_WS (Sector A)","28.87","69.6","101.08","0.33","324","50.12","2","0","0","1","138"
"30/7/2026, 22.39.33","E32_WS (Sector A)","28.86","69.57","101.08","0.46","342","50.12","2","0","0","1","138"
"30/7/2026, 22.39.38","E32_WS (Sector A)","28.86","69.51","101.08","0.52","352","50.12","2","0","0","1","138"
"30/7/2026, 22.39.43","E32_WS (Sector A)","28.86","69.48","101.08","0.4","343","50.12","2","0","0","1","138"
"30/7/2026, 22.39.48","E32_WS (Sector A)","28.86","69.43","101.08","0.6","333","50.12","2","0","0","1","138"
"30/7/2026, 22.39.53","E32_WS (Sector A)","28.87","69.47","101.08","0.49","320","50.12","2","0","0","1","138"
"30/7/2026, 22.39.58","E32_WS (Sector A)","28.86","69.51","101.08","0.37","326","50.12","2","0","0","1","138"
"30/7/2026, 22.40.03","E32_WS (Sector A)","28.86","69.49","101.08","0.54","349","50.12","2","0","0","1","138"
"30/7/2026, 22.40.08","E32_WS (Sector A)","28.87","69.44","101.08","0.4","318","50.12","2","0","0","1","138"
"30/7/2026, 22.40.13","E32_WS (Sector A)","28.87","69.49","101.08","0.29","314","50.12","2","0","0","1","138"
"30/7/2026, 22.40.18","E32_WS (Sector A)","28.87","69.48","101.08","0.23","340","50.12","2","0","0","1","138"
"30/7/2026, 22.40.23","E32_WS (Sector A)","28.87","69.48","101.08","0.47","342","50.12","2","0","0","1","138"
"30/7/2026, 22.40.28","E32_WS (Sector A)","28.87","69.45","101.08","0.44","347","50.12","2","0","0","1","138"
"30/7/2026, 22.40.33","E32_WS (Sector A)","28.87","69.42","101.08","0.43","346","50.12","2","0","0","1","138"
"30/7/2026, 22.40.38","E32_WS (Sector A)","28.87","69.41","101.08","0.51","351","50.12","2","0","0","1","138"
"30/7/2026, 22.40.43","E32_WS (Sector A)","28.87","69.38","101.08","0.48","352","50.12","2","0","0","1","138"
"30/7/2026, 22.40.48","E32_WS (Sector A)","28.87","69.4","101.08","0.41","5","50.12","2","0","0","1","138"
"30/7/2026, 22.40.53","E32_WS (Sector A)","28.87","69.41","101.08","0.39","342","50.12","2","0","0","1","138"
"30/7/2026, 22.40.58","E32_WS (Sector A)","28.87","69.43","101.08","0.58","333","50.12","2","0","0","1","138"
"30/7/2026, 22.41.03","E32_WS (Sector A)","28.87","69.43","101.08","0.54","338","50.12","2","0","0","1","138"
"30/7/2026, 22.41.08","E32_WS (Sector A)","28.87","69.44","101.08","0.51","321","50.12","2","0","0","1","138"
"30/7/2026, 22.41.13","E32_WS (Sector A)","28.87","69.47","101.08","0.4","329","50.12","2","0","0","1","138"
"30/7/2026, 22.41.18","E32_WS (Sector A)","28.88","69.47","101.08","0.56","338","50.12","2","0","0","1","138"
"30/7/2026, 22.41.23","E32_WS (Sector A)","28.88","69.48","101.08","0.57","307","50.12","2","0","0","1","138"
"30/7/2026, 22.41.28","E32_WS (Sector A)","28.88","69.53","101.08","0.45","314","50.12","2","0","0","1","138"
"30/7/2026, 22.41.33","E32_WS (Sector A)","28.87","69.57","101.08","0.46","304","50.12","2","0","0","1","138"
"30/7/2026, 22.41.38","E32_WS (Sector A)","28.87","69.59","101.08","0.39","323","50.12","2","0","0","1","138"
"30/7/2026, 22.41.43","E32_WS (Sector A)","28.87","69.58","101.08","0.56","289","50.12","2","0","0","1","138"
"30/7/2026, 22.41.48","E32_WS (Sector A)","28.87","69.59","101.08","0.36","292","50.12","2","0","0","1","138"
"30/7/2026, 22.41.53","E32_WS (Sector A)","28.87","69.6","101.08","0.18","338","50.12","2","0","0","1","138"
"30/7/2026, 22.41.58","E32_WS (Sector A)","28.87","69.54","101.08","0.44","320","50.12","2","0","0","1","138"
"30/7/2026, 22.42.03","E32_WS (Sector A)","28.87","69.56","101.08","0.24","343","50.12","2","0","0","1","138"
"30/7/2026, 22.42.08","E32_WS (Sector A)","28.88","69.49","101.08","0.54","338","50.12","2","0","0","1","138"
"30/7/2026, 22.42.13","E32_WS (Sector A)","28.87","69.52","101.08","0.52","323","50.12","2","0","0","1","138"
"30/7/2026, 22.42.18","E32_WS (Sector A)","28.87","69.53","101.08","0.73","331","50.12","2","0","0","1","138"
"30/7/2026, 22.42.23","E32_WS (Sector A)","28.88","69.49","101.08","0.61","345","50.12","2","0","0","1","138"
"30/7/2026, 22.42.28","E32_WS (Sector A)","28.87","69.48","101.08","0.77","347","50.12","2","0","0","1","138"
"30/7/2026, 22.42.33","E32_WS (Sector A)","28.88","69.42","101.08","0.67","351","50.12","2","0","0","1","138"
"30/7/2026, 22.42.38","E32_WS (Sector A)","28.88","69.43","101.08","0.39","25","50.12","2","0","0","1","138"
"30/7/2026, 22.42.43","E32_WS (Sector A)","28.88","69.44","101.08","0.57","345","50.12","2","0","0","1","138"
"30/7/2026, 22.42.48","E32_WS (Sector A)","28.88","69.49","101.08","0.54","352","50.12","2","0","0","1","138"
"30/7/2026, 22.42.53","E32_WS (Sector A)","28.88","69.48","101.08","0.61","355","50.12","2","0","0","1","138"
"30/7/2026, 22.42.58","E32_WS (Sector A)","28.88","69.46","101.08","0.66","348","50.12","2","0","0","1","138"
"30/7/2026, 22.43.03","E32_WS (Sector A)","28.88","69.45","101.08","0.58","332","50.12","2","0","0","1","138"
"30/7/2026, 22.43.08","E32_WS (Sector A)","28.89","69.46","101.08","0.61","321","50.12","2","0","0","1","138"
"30/7/2026, 22.43.13","E32_WS (Sector A)","28.89","69.51","101.08","0.46","340","50.12","2","0","0","1","138"
"30/7/2026, 22.43.18","E32_WS (Sector A)","28.89","69.52","101.08","0.51","343","50.12","2","0","0","1","138"
"30/7/2026, 22.43.23","E32_WS (Sector A)","28.89","69.48","101.08","0.41","323","50.12","2","0","0","1","138"
"30/7/2026, 22.43.28","E32_WS (Sector A)","28.89","69.49","101.08","0.42","321","50.12","2","0","0","1","138"
"30/7/2026, 22.43.33","E32_WS (Sector A)","28.88","69.5","101.08","0.38","327","50.12","2","0","0","1","138"
"30/7/2026, 22.43.38","E32_WS (Sector A)","28.88","69.52","101.08","0.45","327","50.12","2","0","0","1","138"
"30/7/2026, 22.43.43","E32_WS (Sector A)","28.88","69.51","101.08","0.36","351","50.12","2","0","0","1","138"
"30/7/2026, 22.43.48","E32_WS (Sector A)","28.89","69.48","101.08","0.45","344","50.12","2","0","0","1","138"
"30/7/2026, 22.43.53","E32_WS (Sector A)","28.89","69.45","101.08","0.64","339","50.12","2","0","0","1","138"
"30/7/2026, 22.43.58","E32_WS (Sector A)","28.88","69.46","101.08","0.62","349","50.12","2","0","0","1","138"
"30/7/2026, 22.44.03","E32_WS (Sector A)","28.88","69.5","101.08","0.45","313","50.12","2","0","0","1","138"
"30/7/2026, 22.44.08","E32_WS (Sector A)","28.88","69.5","101.08","0.27","331","50.12","2","0","0","1","138"
"30/7/2026, 22.44.13","E32_WS (Sector A)","28.88","69.47","101.08","0.45","332","50.12","2","0","0","1","138"
"30/7/2026, 22.44.18","E32_WS (Sector A)","28.88","69.5","101.08","0.59","315","50.12","2","0","0","1","138"
"30/7/2026, 22.44.23","E32_WS (Sector A)","28.88","69.51","101.08","0.23","337","50.12","2","0","0","1","138"
"30/7/2026, 22.44.28","E32_WS (Sector A)","28.88","69.53","101.08","0.3","311","50.12","2","0","0","1","138"
"30/7/2026, 22.44.33","E32_WS (Sector A)","28.88","69.51","101.08","0.16","288","50.12","2","0","0","1","138"
"30/7/2026, 22.44.38","E32_WS (Sector A)","28.88","69.5","101.08","0.49","342","50.12","2","0","0","1","138"
"30/7/2026, 22.44.43","E32_WS (Sector A)","28.88","69.47","101.08","0.48","353","50.12","2","0","0","1","138"
"30/7/2026, 22.44.48","E32_WS (Sector A)","28.88","69.48","101.08","0.97","334","50.12","2","0","0","1","138"
"30/7/2026, 22.44.53","E32_WS (Sector A)","28.89","69.48","101.08","0.43","331","50.12","2","0","0","1","138"
"30/7/2026, 22.44.58","E32_WS (Sector A)","28.89","69.5","101.08","0.36","307","50.12","2","0","0","1","138"
"30/7/2026, 22.45.03","E32_WS (Sector A)","28.89","69.5","101.08","0.35","284","50.12","2","0","0","1","138"
"30/7/2026, 22.45.08","E32_WS (Sector A)","28.89","69.5","101.08","0.37","322","50.12","2","0","0","1","138"
"30/7/2026, 22.45.13","E32_WS (Sector A)","28.89","69.48","101.08","0.16","258","50.12","2","0","0","1","138"
"30/7/2026, 22.45.18","E32_WS (Sector A)","28.89","69.45","101.08","0.28","11","50.12","2","0","0","1","138"
"30/7/2026, 22.45.23","E32_WS (Sector A)","28.89","69.48","101.08","0.19","339","50.12","2","0","0","1","138"
"30/7/2026, 22.45.28","E32_WS (Sector A)","28.89","69.47","101.08","0.52","303","50.12","2","0","0","1","138"
"30/7/2026, 22.45.33","E32_WS (Sector A)","28.89","69.5","101.08","0.5","314","50.12","2","0","0","1","138"
"30/7/2026, 22.45.38","E32_WS (Sector A)","28.89","69.53","101.08","0.53","340","50.12","2","0","0","1","138"
"30/7/2026, 22.45.43","E32_WS (Sector A)","28.89","69.5","101.08","0.36","5","50.12","2","0","0","1","138"
"30/7/2026, 22.45.48","E32_WS (Sector A)","28.89","69.46","101.08","0.31","349","50.12","2","0","0","1","138"
"30/7/2026, 22.45.53","E32_WS (Sector A)","28.89","69.44","101.08","0.45","319","50.12","2","0","0","1","138"
"30/7/2026, 22.45.58","E32_WS (Sector A)","28.89","69.48","101.08","0.3","338","50.12","2","0","0","1","138"
"30/7/2026, 22.46.03","E32_WS (Sector A)","28.89","69.45","101.08","0.45","353","50.12","2","0","0","1","138"
"30/7/2026, 22.46.08","E32_WS (Sector A)","28.89","69.41","101.08","0.44","321","50.12","2","0","0","1","138"
"30/7/2026, 22.46.13","E32_WS (Sector A)","28.89","69.44","101.08","0.5","330","50.12","2","0","0","1","138"
"30/7/2026, 22.46.18","E32_WS (Sector A)","28.89","69.46","101.08","0.25","326","50.12","2","0","0","1","138"
"30/7/2026, 22.46.23","E32_WS (Sector A)","28.89","69.47","101.08","0.26","306","50.12","2","0","0","1","138"
"30/7/2026, 22.46.28","E32_WS (Sector A)","28.9","69.44","101.08","0.53","350","50.12","2","0","0","1","138"
"30/7/2026, 22.46.33","E32_WS (Sector A)","28.89","69.43","101.08","0.56","350","50.12","2","0","0","1","138"
"30/7/2026, 22.46.38","E32_WS (Sector A)","28.89","69.39","101.08","0.55","5","50.12","2","0","0","1","138"
"30/7/2026, 22.46.43","E32_WS (Sector A)","28.9","69.38","101.08","0.48","2","50.12","2","0","0","1","138"
"30/7/2026, 22.46.48","E32_WS (Sector A)","28.9","69.38","101.08","0.73","330","50.12","2","0","0","1","138"
"30/7/2026, 22.46.53","E32_WS (Sector A)","28.89","69.41","101.08","0.61","340","50.12","2","0","0","1","138"
"30/7/2026, 22.46.58","E32_WS (Sector A)","28.9","69.4","101.08","0.35","338","50.12","2","0","0","1","138"
"30/7/2026, 22.47.03","E32_WS (Sector A)","28.9","69.39","101.08","0.52","342","50.12","2","0","0","1","138"
"30/7/2026, 22.47.08","E32_WS (Sector A)","28.9","69.39","101.08","0.52","358","50.12","2","0","0","1","138"
"30/7/2026, 22.47.13","E32_WS (Sector A)","28.9","69.37","101.08","0.59","352","50.12","2","0","0","1","138"
"30/7/2026, 22.47.18","E32_WS (Sector A)","28.9","69.35","101.08","0.45","356","50.12","2","0","0","1","138"
"30/7/2026, 22.47.23","E32_WS (Sector A)","28.9","69.31","101.08","0.42","355","50.12","2","0","0","1","138"
"30/7/2026, 22.47.28","E32_WS (Sector A)","28.9","69.31","101.08","0.43","8","50.12","2","0","0","1","138"
"30/7/2026, 22.47.33","E32_WS (Sector A)","28.9","69.34","101.08","0.59","342","50.12","2","0","0","1","138"
"30/7/2026, 22.47.38","E32_WS (Sector A)","28.9","69.41","101.08","0.28","356","50.12","2","0","0","1","138"
"30/7/2026, 22.47.43","E32_WS (Sector A)","28.91","69.4","101.08","0.33","310","50.12","2","0","0","1","138"
"30/7/2026, 22.47.48","E32_WS (Sector A)","28.9","69.43","101.08","0.61","351","50.12","2","0","0","1","138"
"30/7/2026, 22.47.53","E32_WS (Sector A)","28.91","69.38","101.08","0.31","333","50.12","2","0","0","1","138"
"30/7/2026, 22.47.58","E32_WS (Sector A)","28.91","69.39","101.08","0.41","319","50.12","2","0","0","1","138"
"30/7/2026, 22.48.03","E32_WS (Sector A)","28.91","69.45","101.08","0.41","321","50.12","2","0","0","1","138"
"30/7/2026, 22.48.08","E32_WS (Sector A)","28.91","69.45","101.08","0.37","331","50.12","2","0","0","1","138"
"30/7/2026, 22.48.13","E32_WS (Sector A)","28.91","69.44","101.08","0.42","350","50.12","2","0","0","1","138"
"30/7/2026, 22.48.18","E32_WS (Sector A)","28.9","69.39","101.08","0.42","345","50.12","2","0","0","1","138"
"30/7/2026, 22.48.23","E32_WS (Sector A)","28.91","69.35","101.08","0.43","350","50.12","2","0","0","1","138"
"30/7/2026, 22.48.28","E32_WS (Sector A)","28.91","69.33","101.08","0.56","345","50.12","2","0","0","1","138"
"30/7/2026, 22.48.33","E32_WS (Sector A)","28.91","69.34","101.08","0.51","328","50.12","2","0","0","1","138"
"30/7/2026, 22.48.38","E32_WS (Sector A)","28.91","69.35","101.08","0.35","280","50.12","2","0","0","1","138"
"30/7/2026, 22.48.43","E32_WS (Sector A)","28.91","69.4","101.08","0.24","286","50.12","2","0","0","1","138"
"30/7/2026, 22.48.48","E32_WS (Sector A)","28.91","69.41","101.08","0.42","328","50.12","2","0","0","1","138"
"30/7/2026, 22.48.53","E32_WS (Sector A)","28.92","69.38","101.08","0.47","353","50.12","2","0","0","1","138"
"30/7/2026, 22.48.58","E32_WS (Sector A)","28.91","69.35","101.08","0.47","335","50.12","2","0","0","1","138"
"30/7/2026, 22.49.03","E32_WS (Sector A)","28.91","69.32","101.08","0.38","315","50.12","2","0","0","1","138"
"30/7/2026, 22.49.08","E32_WS (Sector A)","28.92","69.33","101.08","0.42","327","50.12","2","0","0","1","138"
"30/7/2026, 22.49.13","E32_WS (Sector A)","28.92","69.37","101.08","0.47","324","50.12","2","0","0","1","138"
"30/7/2026, 22.49.18","E32_WS (Sector A)","28.92","69.41","101.08","0.45","321","50.12","2","0","0","1","138"
"30/7/2026, 22.49.23","E32_WS (Sector A)","28.92","69.42","101.08","0.7","337","50.12","2","0","0","1","138"
"30/7/2026, 22.49.28","E32_WS (Sector A)","28.92","69.4","101.08","0.49","341","50.12","2","0","0","1","138"
"30/7/2026, 22.49.33","E32_WS (Sector A)","28.92","69.36","101.08","0.6","0","50.12","2","0","0","1","138"
"30/7/2026, 22.49.38","E32_WS (Sector A)","28.92","69.32","101.08","0.41","351","50.12","2","0","0","1","138"
"30/7/2026, 22.49.43","E32_WS (Sector A)","28.93","69.33","101.08","0.59","299","50.12","2","0","0","1","138"
"30/7/2026, 22.49.48","E32_WS (Sector A)","28.92","69.4","101.08","0.49","305","50.12","2","0","0","1","138"
"30/7/2026, 22.49.53","E32_WS (Sector A)","28.93","69.44","101.08","0.36","302","50.12","2","0","0","1","138"
"30/7/2026, 22.49.58","E32_WS (Sector A)","28.93","69.47","101.08","0.37","347","50.12","2","0","0","1","138"
"30/7/2026, 22.50.03","E32_WS (Sector A)","28.92","69.43","101.08","0.54","345","50.12","2","0","0","1","138"
"30/7/2026, 22.50.08","E32_WS (Sector A)","28.93","69.39","101.08","0.57","346","50.12","2","0","0","1","138"
"30/7/2026, 22.50.13","E32_WS (Sector A)","28.92","69.37","101.08","0.33","348","50.12","2","0","0","1","138"
"30/7/2026, 22.50.18","E32_WS (Sector A)","28.93","69.33","101.08","0.46","343","50.12","2","0","0","1","138"
"30/7/2026, 22.50.23","E32_WS (Sector A)","28.93","69.37","101.08","0.53","313","50.12","2","0","0","1","138"
"30/7/2026, 22.50.28","E32_WS (Sector A)","28.93","69.41","101.08","0.62","332","50.12","2","0","0","1","138"
"30/7/2026, 22.50.33","E32_WS (Sector A)","28.93","69.42","101.08","0.57","335","50.12","2","0","0","1","138"
"30/7/2026, 22.50.38","E32_WS (Sector A)","28.93","69.41","101.08","0.57","295","50.12","2","0","0","1","138"
"30/7/2026, 22.50.43","E32_WS (Sector A)","28.92","69.43","101.08","0.46","312","50.12","2","0","0","1","138"
"30/7/2026, 22.50.48","E32_WS (Sector A)","28.93","69.44","101.08","0.48","312","50.12","2","0","0","1","138"
"30/7/2026, 22.50.53","E32_WS (Sector A)","28.93","69.45","101.08","0.49","311","50.12","2","0","0","1","138"
"30/7/2026, 22.50.58","E32_WS (Sector A)","28.93","69.47","101.08","0.51","305","50.12","2","0","0","1","138"
"30/7/2026, 22.51.03","E32_WS (Sector A)","28.93","69.49","101.08","0.41","345","50.12","2","0","0","1","138"
"30/7/2026, 22.51.08","E32_WS (Sector A)","28.92","69.48","101.08","0.78","341","50.12","2","0","0","1","138"
"30/7/2026, 22.51.13","E32_WS (Sector A)","28.92","69.46","101.08","0.44","332","50.12","2","0","0","1","138"
"30/7/2026, 22.51.18","E32_WS (Sector A)","28.93","69.45","101.08","0.44","358","50.12","2","0","0","1","138"
"30/7/2026, 22.51.23","E32_WS (Sector A)","28.92","69.45","101.08","0.55","294","50.12","2","0","0","1","138"
"30/7/2026, 22.51.28","E32_WS (Sector A)","28.92","69.49","101.08","0.14","2","50.12","2","0","0","1","138"
"30/7/2026, 22.51.33","E32_WS (Sector A)","28.92","69.48","101.08","0.3","270","50.12","2","0","0","1","138"
"30/7/2026, 22.51.38","E32_WS (Sector A)","28.91","69.5","101.07","0.27","297","50.12","2","0","0","1","138"
"30/7/2026, 22.51.43","E32_WS (Sector A)","28.91","69.5","101.07","0.5","308","50.12","2","0","0","1","138"
"30/7/2026, 22.51.48","E32_WS (Sector A)","28.91","69.5","101.08","0.43","320","50.12","2","0","0","1","138"
"30/7/2026, 22.51.53","E32_WS (Sector A)","28.91","69.51","101.08","0.47","8","50.12","2","0","0","1","138"
"30/7/2026, 22.51.58","E32_WS (Sector A)","28.91","69.5","101.08","0.68","339","50.12","2","0","0","1","138"
"30/7/2026, 22.52.03","E32_WS (Sector A)","28.91","69.5","101.07","0.5","301","50.12","2","0","0","1","138"
"30/7/2026, 22.52.08","E32_WS (Sector A)","28.91","69.53","101.07","0.85","340","50.12","2","0","0","1","138"
"30/7/2026, 22.52.13","E32_WS (Sector A)","28.91","69.5","101.07","0.59","325","50.12","2","0","0","1","138"
"30/7/2026, 22.52.18","E32_WS (Sector A)","28.91","69.5","101.07","0.48","322","50.12","2","0","0","1","138"
"30/7/2026, 22.52.23","E32_WS (Sector A)","28.91","69.51","101.07","0.47","315","50.12","2","0","0","1","138"
"30/7/2026, 22.52.28","E32_WS (Sector A)","28.91","69.5","101.07","0.31","5","50.12","2","0","0","1","138"
"30/7/2026, 22.52.33","E32_WS (Sector A)","28.91","69.46","101.07","0.45","336","50.12","2","0","0","1","138"
"30/7/2026, 22.52.38","E32_WS (Sector A)","28.91","69.47","101.07","0.7","309","50.12","2","0","0","1","138"
"30/7/2026, 22.52.43","E32_WS (Sector A)","28.91","69.5","101.08","0.69","2","50.12","2","0","0","1","138"
"30/7/2026, 22.52.48","E32_WS (Sector A)","28.92","69.47","101.08","0.35","333","50.12","2","0","0","1","138"
"30/7/2026, 22.52.53","E32_WS (Sector A)","28.91","69.46","101.08","0.53","331","50.12","2","0","0","1","138"
"30/7/2026, 22.52.58","E32_WS (Sector A)","28.91","69.47","101.08","0.45","344","50.12","2","0","0","1","138"
"30/7/2026, 22.53.03","E32_WS (Sector A)","28.91","69.45","101.07","0.43","352","50.12","2","0","0","1","138"
"30/7/2026, 22.53.08","E32_WS (Sector A)","28.91","69.42","101.07","0.45","352","50.12","2","0","0","1","138"
"30/7/2026, 22.53.13","E32_WS (Sector A)","28.91","69.41","101.07","0.35","321","50.12","2","0","0","1","138"
"30/7/2026, 22.53.18","E32_WS (Sector A)","28.91","69.48","101.07","0.46","327","50.12","2","0","0","1","138"
"30/7/2026, 22.53.23","E32_WS (Sector A)","28.91","69.49","101.07","0.4","300","50.12","2","0","0","1","138"
"30/7/2026, 22.53.28","E32_WS (Sector A)","28.91","69.53","101.07","0.38","326","50.12","2","0","0","1","138"
"30/7/2026, 22.53.33","E32_WS (Sector A)","28.91","69.53","101.07","0.5","293","50.12","2","0","0","1","138"
"30/7/2026, 22.53.38","E32_WS (Sector A)","28.91","69.54","101.07","0.5","304","50.12","2","0","0","1","138"
"30/7/2026, 22.53.43","E32_WS (Sector A)","28.9","69.55","101.07","0.4","325","50.12","2","0","0","1","138"
"30/7/2026, 22.53.48","E32_WS (Sector A)","28.91","69.56","101.07","0.22","301","50.12","2","0","0","1","138"
"30/7/2026, 22.53.53","E32_WS (Sector A)","28.9","69.51","101.07","0.46","346","50.12","2","0","0","1","138"
"30/7/2026, 22.53.58","E32_WS (Sector A)","28.9","69.49","101.07","0.28","316","50.12","2","0","0","1","138"
"30/7/2026, 22.54.03","E32_WS (Sector A)","28.9","69.5","101.07","0.46","299","50.12","2","0","0","1","138"
"30/7/2026, 22.54.08","E32_WS (Sector A)","28.9","69.55","101.07","0.62","290","50.12","2","0","0","1","138"
"30/7/2026, 22.54.13","E32_WS (Sector A)","28.9","69.59","101.07","0.59","308","50.12","2","0","0","1","138"
"30/7/2026, 22.54.18","E32_WS (Sector A)","28.9","69.62","101.07","0.47","316","50.12","2","0","0","1","138"
"30/7/2026, 22.54.23","E32_WS (Sector A)","28.9","69.62","101.07","0.72","348","50.12","2","0","0","1","138"
"30/7/2026, 22.54.28","E32_WS (Sector A)","28.9","69.57","101.07","0.6","318","50.12","2","0","0","1","138"
"30/7/2026, 22.54.33","E32_WS (Sector A)","28.89","69.56","101.07","0.44","335","50.12","2","0","0","1","138"
"30/7/2026, 22.54.38","E32_WS (Sector A)","28.9","69.53","101.07","0.48","321","50.12","2","0","0","1","138"
"30/7/2026, 22.54.43","E32_WS (Sector A)","28.9","69.51","101.07","0.62","309","50.12","2","0","0","1","138"
"30/7/2026, 22.54.48","E32_WS (Sector A)","28.9","69.5","101.07","0.5","340","50.12","2","0","0","1","138"
"30/7/2026, 22.54.53","E32_WS (Sector A)","28.9","69.49","101.07","0.2","298","50.12","2","0","0","1","138"
"30/7/2026, 22.54.58","E32_WS (Sector A)","28.9","69.48","101.07","0.4","343","50.12","2","0","0","1","138"
"30/7/2026, 22.55.03","E32_WS (Sector A)","28.9","69.5","101.07","0.34","0","50.12","2","0","0","1","138"
"30/7/2026, 22.55.08","E32_WS (Sector A)","28.9","69.45","101.07","0.34","304","50.12","2","0","0","1","138"
"30/7/2026, 22.55.13","E32_WS (Sector A)","28.9","69.5","101.07","0.23","1","50.12","2","0","0","1","138"
"30/7/2026, 22.55.18","E32_WS (Sector A)","28.9","69.47","101.07","0.48","344","50.12","2","0","0","1","138"
"30/7/2026, 22.55.23","E32_WS (Sector A)","28.9","69.46","101.07","0.37","331","50.12","2","0","0","1","138"
"30/7/2026, 22.55.28","E32_WS (Sector A)","28.9","69.49","101.07","0.33","290","50.12","2","0","0","1","138"
"30/7/2026, 22.55.33","E32_WS (Sector A)","28.9","69.49","101.07","0.45","323","50.12","2","0","0","1","138"
"30/7/2026, 22.55.38","E32_WS (Sector A)","28.9","69.47","101.07","0.63","341","50.12","2","0","0","1","138"
"30/7/2026, 22.55.43","E32_WS (Sector A)","28.9","69.42","101.07","0.37","317","50.12","2","0","0","1","138"
"30/7/2026, 22.55.48","E32_WS (Sector A)","28.9","69.5","101.07","0.69","289","50.12","2","0","0","1","138"
"30/7/2026, 22.55.53","E32_WS (Sector A)","28.9","69.55","101.07","0.54","359","50.12","2","0","0","1","138"
"30/7/2026, 22.55.58","E32_WS (Sector A)","28.89","69.55","101.07","0.44","221","50.12","2","0","0","1","138"
"30/7/2026, 22.56.03","E32_WS (Sector A)","28.89","69.53","101.07","0.34","349","50.12","2","0","0","1","138"
"30/7/2026, 22.56.08","E32_WS (Sector A)","28.89","69.5","101.07","0.87","354","50.12","2","0","0","1","138"
"30/7/2026, 22.56.13","E32_WS (Sector A)","28.9","69.49","101.07","1","311","50.12","2","0","0","1","138"
"30/7/2026, 22.56.18","E32_WS (Sector A)","28.89","69.54","101.07","0.8","324","50.12","2","0","0","1","138"
"30/7/2026, 22.56.23","E32_WS (Sector A)","28.89","69.55","101.07","0.67","331","50.12","2","0","0","1","138"
"30/7/2026, 22.56.28","E32_WS (Sector A)","28.89","69.51","101.07","0.3","333","50.12","2","0","0","1","138"
"30/7/2026, 22.56.33","E32_WS (Sector A)","28.89","69.48","101.07","0.4","349","50.12","2","0","0","1","138"
"30/7/2026, 22.56.38","E32_WS (Sector A)","28.89","69.46","101.07","0.51","327","50.12","2","0","0","1","138"
"30/7/2026, 22.56.43","E32_WS (Sector A)","28.89","69.47","101.07","0.59","339","50.12","2","0","0","1","138"
"30/7/2026, 22.56.48","E32_WS (Sector A)","28.89","69.49","101.07","0.53","323","50.12","2","0","0","1","138"
"30/7/2026, 22.56.53","E32_WS (Sector A)","28.89","69.49","101.07","0.53","358","50.12","2","0","0","1","138"
"30/7/2026, 22.56.58","E32_WS (Sector A)","28.89","69.47","101.07","0.73","1","50.12","2","0","0","1","138"
"30/7/2026, 22.57.03","E32_WS (Sector A)","28.89","69.46","101.07","0.52","329","50.12","2","0","0","1","138"
"30/7/2026, 22.57.08","E32_WS (Sector A)","28.89","69.47","101.07","0.43","348","50.12","2","0","0","1","138"
"30/7/2026, 22.57.13","E32_WS (Sector A)","28.89","69.47","101.06","0.34","0","50.12","2","0","0","1","138"
"30/7/2026, 22.57.18","E32_WS (Sector A)","28.89","69.44","101.07","0.58","12","50.12","2","0","0","1","138"
"30/7/2026, 22.57.23","E32_WS (Sector A)","28.9","69.44","101.07","1.15","11","50.12","2","0","0","1","138"
"30/7/2026, 22.57.28","E32_WS (Sector A)","28.89","69.43","101.07","0.25","336","50.12","2","0","0","1","138"
"30/7/2026, 22.57.33","E32_WS (Sector A)","28.9","69.42","101.07","0.84","344","50.12","2","0","0","1","138"
"30/7/2026, 22.57.38","E32_WS (Sector A)","28.9","69.43","101.06","0.79","3","50.12","2","0","0","1","138"
"30/7/2026, 22.57.43","E32_WS (Sector A)","28.9","69.43","101.06","0.29","304","50.12","2","0","0","1","138"
"30/7/2026, 22.57.48","E32_WS (Sector A)","28.9","69.49","101.06","0.52","343","50.12","2","0","0","1","138"
"30/7/2026, 22.57.53","E32_WS (Sector A)","28.9","69.48","101.06","0.54","3","50.12","2","0","0","1","138"
"30/7/2026, 22.57.58","E32_WS (Sector A)","28.9","69.44","101.06","0.71","340","50.12","2","0","0","1","138"
"30/7/2026, 22.58.03","E32_WS (Sector A)","28.9","69.42","101.07","0.44","312","50.12","2","0","0","1","138"
"30/7/2026, 22.58.08","E32_WS (Sector A)","28.9","69.44","101.07","0.47","320","50.12","2","0","0","1","138"
"30/7/2026, 22.58.13","E32_WS (Sector A)","28.9","69.45","101.06","0.09","296","50.12","2","0","0","1","138"
"30/7/2026, 22.58.18","E32_WS (Sector A)","28.9","69.43","101.06","0.47","298","50.12","2","0","0","1","138"
"30/7/2026, 22.58.23","E32_WS (Sector A)","28.89","69.44","101.06","0.31","352","50.12","2","0","0","1","138"
"30/7/2026, 22.58.28","E32_WS (Sector A)","28.9","69.41","101.06","0.37","16","50.12","2","0","0","1","138"
"30/7/2026, 22.58.33","E32_WS (Sector A)","28.9","69.41","101.06","0.48","11","50.12","2","0","0","1","138"
"30/7/2026, 22.58.38","E32_WS (Sector A)","28.9","69.4","101.06","0.16","46","50.12","2","0","0","1","138"
"30/7/2026, 22.58.43","E32_WS (Sector A)","28.9","69.4","101.06","0.31","289","50.12","2","0","0","1","138"
"30/7/2026, 22.58.48","E32_WS (Sector A)","28.9","69.4","101.06","0.63","332","50.12","2","0","0","1","138"
"30/7/2026, 22.58.53","E32_WS (Sector A)","28.9","69.38","101.06","0.66","336","50.12","2","0","0","1","138"
"30/7/2026, 22.58.58","E32_WS (Sector A)","28.9","69.36","101.06","0.67","331","50.12","2","0","0","1","138"
"30/7/2026, 22.59.03","E32_WS (Sector A)","28.9","69.38","101.06","0.75","335","50.12","2","0","0","1","138"
"30/7/2026, 22.59.08","E32_WS (Sector A)","28.9","69.35","101.06","0.73","342","50.12","2","0","0","1","138"
"30/7/2026, 22.59.13","E32_WS (Sector A)","28.9","69.34","101.06","0.5","351","50.12","2","0","0","1","138"
"30/7/2026, 22.59.18","E32_WS (Sector A)","28.9","69.33","101.06","0.5","3","50.12","2","0","0","1","138"
"30/7/2026, 22.59.23","E32_WS (Sector A)","28.9","69.3","101.06","0.25","33","50.12","2","0","0","1","138"
"30/7/2026, 22.59.28","E32_WS (Sector A)","28.9","69.34","101.06","0.59","333","50.12","2","0","0","1","138"
"30/7/2026, 22.59.33","E32_WS (Sector A)","28.9","69.33","101.06","0.66","332","50.12","2","0","0","1","138"
"30/7/2026, 22.59.38","E32_WS (Sector A)","28.9","69.33","101.06","0.53","347","50.12","2","0","0","1","138"
"30/7/2026, 22.59.43","E32_WS (Sector A)","28.9","69.32","101.06","0.5","327","50.12","2","0","0","1","138"
"30/7/2026, 22.59.48","E32_WS (Sector A)","28.91","69.31","101.06","0.45","359","50.12","2","0","0","1","138"
"30/7/2026, 22.59.53","E32_WS (Sector A)","28.9","69.3","101.06","0.48","334","50.12","2","0","0","1","138"
"30/7/2026, 22.59.58","E32_WS (Sector A)","28.9","69.34","101.06","0.41","317","50.12","2","0","0","1","138"
"30/7/2026, 23.00.03","E32_WS (Sector A)","28.9","69.38","101.06","0.5","337","50.12","2","0","0","1","138"
"30/7/2026, 23.00.08","E32_WS (Sector A)","28.9","69.39","101.06","0.52","336","50.12","2","0","0","1","138"
"30/7/2026, 23.00.13","E32_WS (Sector A)","28.9","69.37","101.06","0.43","334","50.12","2","0","0","1","138"
"30/7/2026, 23.00.18","E32_WS (Sector A)","28.9","69.34","101.06","0.36","336","50.12","2","0","0","1","138"
"30/7/2026, 23.00.23","E32_WS (Sector A)","28.9","69.33","101.06","0.31","345","50.12","2","0","0","1","138"
"30/7/2026, 23.00.28","E32_WS (Sector A)","28.9","69.29","101.06","0.37","326","50.12","2","0","0","1","138"
"30/7/2026, 23.00.33","E32_WS (Sector A)","28.9","69.32","101.06","0.55","341","50.12","2","0","0","1","138"
"30/7/2026, 23.00.38","E32_WS (Sector A)","28.9","69.3","101.06","0.65","342","50.12","2","0","0","1","138"
"30/7/2026, 23.00.43","E32_WS (Sector A)","28.9","69.29","101.06","0.51","22","50.12","2","0","0","1","138"
"30/7/2026, 23.00.48","E32_WS (Sector A)","28.9","69.28","101.06","0.4","302","50.12","2","0","0","1","138"
"30/7/2026, 23.00.53","E32_WS (Sector A)","28.9","69.3","101.06","0.56","310","50.12","2","0","0","1","138"
"30/7/2026, 23.00.58","E32_WS (Sector A)","28.9","69.33","101.06","0.72","337","50.12","2","0","0","1","138"
"30/7/2026, 23.01.03","E32_WS (Sector A)","28.9","69.32","101.06","0.46","2","50.12","2","0","0","1","138"
"30/7/2026, 23.01.08","E32_WS (Sector A)","28.89","69.3","101.06","0.5","345","50.12","2","0","0","1","138"
"30/7/2026, 23.01.13","E32_WS (Sector A)","28.9","69.32","101.06","0.23","303","50.12","2","0","0","1","138"
"30/7/2026, 23.01.18","E32_WS (Sector A)","28.89","69.31","101.06","0.59","340","50.12","2","0","0","1","138"
"30/7/2026, 23.01.23","E32_WS (Sector A)","28.89","69.3","101.06","0.47","294","50.12","2","0","0","1","138"
"30/7/2026, 23.01.28","E32_WS (Sector A)","28.89","69.3","101.06","0.43","8","50.12","2","0","0","1","138"
"30/7/2026, 23.01.33","E32_WS (Sector A)","28.89","69.28","101.06","0.75","350","50.12","2","0","0","1","138"
"30/7/2026, 23.01.38","E32_WS (Sector A)","28.89","69.26","101.06","0.54","358","50.12","2","0","0","1","138"
"30/7/2026, 23.01.43","E32_WS (Sector A)","28.89","69.24","101.06","0.73","3","50.12","2","0","0","1","138"
"30/7/2026, 23.01.48","E32_WS (Sector A)","28.89","69.24","101.06","0.88","338","50.12","2","0","0","1","138"
"30/7/2026, 23.01.53","E32_WS (Sector A)","28.89","69.27","101.06","0.43","310","50.12","2","0","0","1","138"
"30/7/2026, 23.01.58","E32_WS (Sector A)","28.88","69.3","101.06","0.34","304","50.12","2","0","0","1","138"
"30/7/2026, 23.02.03","E32_WS (Sector A)","28.88","69.29","101.06","0.48","295","50.12","2","0","0","1","138"
"30/7/2026, 23.02.08","E32_WS (Sector A)","28.88","69.31","101.06","0.36","330","50.12","2","0","0","1","138"
"30/7/2026, 23.02.13","E32_WS (Sector A)","28.88","69.29","101.06","0.31","331","50.12","2","0","0","1","138"
"30/7/2026, 23.02.18","E32_WS (Sector A)","28.88","69.28","101.06","0.57","6","50.12","2","0","0","1","138"
"30/7/2026, 23.02.23","E32_WS (Sector A)","28.88","69.26","101.06","0.11","344","50.12","2","0","0","1","138"
"30/7/2026, 23.02.28","E32_WS (Sector A)","28.88","69.27","101.06","0.31","334","50.12","2","0","0","1","138"
"30/7/2026, 23.02.33","E32_WS (Sector A)","28.88","69.28","101.06","0.44","334","50.12","2","0","0","1","138"
"30/7/2026, 23.02.38","E32_WS (Sector A)","28.87","69.29","101.06","0.49","343","50.12","2","0","0","1","138"
"30/7/2026, 23.02.43","E32_WS (Sector A)","28.87","69.25","101.06","0.35","349","50.12","2","0","0","1","138"
"30/7/2026, 23.02.48","E32_WS (Sector A)","28.88","69.24","101.06","0.42","234","50.12","2","0","0","1","138"
"30/7/2026, 23.02.53","E32_WS (Sector A)","28.87","69.25","101.06","0.32","14","50.12","2","0","0","1","138"
"30/7/2026, 23.02.58","E32_WS (Sector A)","28.87","69.24","101.06","0.87","6","50.12","2","0","0","1","138"
"30/7/2026, 23.03.03","E32_WS (Sector A)","28.87","69.23","101.06","0.76","341","50.12","2","0","0","1","138"
"30/7/2026, 23.03.08","E32_WS (Sector A)","28.87","69.24","101.06","0.7","323","50.12","2","0","0","1","138"
"30/7/2026, 23.03.13","E32_WS (Sector A)","28.87","69.26","101.06","0.53","328","50.12","2","0","0","1","138"
"30/7/2026, 23.03.18","E32_WS (Sector A)","28.87","69.27","101.06","0.8","300","50.12","2","0","0","1","138"
"30/7/2026, 23.03.23","E32_WS (Sector A)","28.87","69.26","101.06","0.77","332","50.12","2","0","0","1","138"
"30/7/2026, 23.03.28","E32_WS (Sector A)","28.87","69.25","101.06","0.58","354","50.12","2","0","0","1","138"
"30/7/2026, 23.03.33","E32_WS (Sector A)","28.87","69.25","101.06","0.48","351","50.12","2","0","0","1","138"
"30/7/2026, 23.03.38","E32_WS (Sector A)","28.87","69.24","101.06","0.52","3","50.12","2","0","0","1","138"
"30/7/2026, 23.03.43","E32_WS (Sector A)","28.87","69.24","101.06","0.61","337","50.12","2","0","0","1","138"
"30/7/2026, 23.03.48","E32_WS (Sector A)","28.87","69.23","101.06","0.56","351","50.12","2","0","0","1","138"
"30/7/2026, 23.03.53","E32_WS (Sector A)","28.87","69.21","101.06","0.57","333","50.12","2","0","0","1","138"
"30/7/2026, 23.03.58","E32_WS (Sector A)","28.87","69.23","101.06","0.64","344","50.12","2","0","0","1","138"
"30/7/2026, 23.04.03","E32_WS (Sector A)","28.87","69.22","101.06","0.51","321","50.12","2","0","0","1","138"
"30/7/2026, 23.04.08","E32_WS (Sector A)","28.87","69.25","101.06","0.5","330","50.12","2","0","0","1","138"
"30/7/2026, 23.04.13","E32_WS (Sector A)","28.87","69.27","101.06","0.41","325","50.12","2","0","0","1","138"
"30/7/2026, 23.04.18","E32_WS (Sector A)","28.87","69.27","101.06","0.46","318","50.12","2","0","0","1","138"
"30/7/2026, 23.04.23","E32_WS (Sector A)","28.87","69.3","101.06","0.2","331","50.12","2","0","0","1","138"
"30/7/2026, 23.04.28","E32_WS (Sector A)","28.86","69.29","101.06","0.63","303","50.12","2","0","0","1","138"
"30/7/2026, 23.04.33","E32_WS (Sector A)","28.86","69.29","101.06","0.5","302","50.12","2","0","0","1","138"
"30/7/2026, 23.04.38","E32_WS (Sector A)","28.86","69.31","101.06","0.41","306","50.12","2","0","0","1","138"
"30/7/2026, 23.04.43","E32_WS (Sector A)","28.86","69.32","101.06","0.45","357","50.12","2","0","0","1","138"
"30/7/2026, 23.04.48","E32_WS (Sector A)","28.86","69.29","101.06","0.62","336","50.12","2","0","0","1","138"
"30/7/2026, 23.04.53","E32_WS (Sector A)","28.85","69.31","101.06","0.67","323","50.12","2","0","0","1","138"
"30/7/2026, 23.04.58","E32_WS (Sector A)","28.85","69.33","101.06","0.52","304","50.12","2","0","0","1","138"
"30/7/2026, 23.05.03","E32_WS (Sector A)","28.85","69.33","101.06","0.57","330","50.12","2","0","0","1","138"
"30/7/2026, 23.05.08","E32_WS (Sector A)","28.85","69.34","101.06","0.55","312","50.12","2","0","0","1","138"
"30/7/2026, 23.05.13","E32_WS (Sector A)","28.85","69.35","101.06","0.5","301","50.12","2","0","0","1","138"
"30/7/2026, 23.05.18","E32_WS (Sector A)","28.85","69.37","101.06","0.37","314","50.12","2","0","0","1","138"
"30/7/2026, 23.05.23","E32_WS (Sector A)","28.85","69.36","101.06","0.47","345","50.12","2","0","0","1","138"
"30/7/2026, 23.05.28","E32_WS (Sector A)","28.85","69.33","101.06","0.47","321","50.12","2","0","0","1","138"
"30/7/2026, 23.05.33","E32_WS (Sector A)","28.85","69.35","101.06","0.48","323","50.12","2","0","0","1","138"
"30/7/2026, 23.05.38","E32_WS (Sector A)","28.85","69.35","101.06","0.41","329","50.12","2","0","0","1","138"
"30/7/2026, 23.05.43","E32_WS (Sector A)","28.85","69.35","101.07","0.72","3","50.12","2","0","0","1","138"
"30/7/2026, 23.05.48","E32_WS (Sector A)","28.85","69.31","101.06","0.69","325","50.12","2","0","0","1","138"
"30/7/2026, 23.05.53","E32_WS (Sector A)","28.85","69.28","101.06","0.21","344","50.12","2","0","0","1","138"
"30/7/2026, 23.05.58","E32_WS (Sector A)","28.84","69.26","101.06","0.35","351","50.12","2","0","0","1","138"
"30/7/2026, 23.06.03","E32_WS (Sector A)","28.84","69.23","101.06","0.51","355","50.12","2","0","0","1","138"
"30/7/2026, 23.06.08","E32_WS (Sector A)","28.84","69.23","101.06","0.47","326","50.12","2","0","0","1","138"
"30/7/2026, 23.06.13","E32_WS (Sector A)","28.85","69.22","101.06","0.42","25","50.12","2","0","0","1","138"
"30/7/2026, 23.06.18","E32_WS (Sector A)","28.85","69.24","101.06","0.6","321","50.12","2","0","0","1","138"
"30/7/2026, 23.06.23","E32_WS (Sector A)","28.84","69.27","101.06","0.52","330","50.12","2","0","0","1","138"
"30/7/2026, 23.06.28","E32_WS (Sector A)","28.84","69.27","101.06","0.32","350","50.12","2","0","0","1","138"
"30/7/2026, 23.06.33","E32_WS (Sector A)","28.84","69.25","101.06","0.47","357","50.12","2","0","0","1","138"
"30/7/2026, 23.06.38","E32_WS (Sector A)","28.85","69.23","101.06","0.28","6","50.12","2","0","0","1","138"
"30/7/2026, 23.06.43","E32_WS (Sector A)","28.84","69.2","101.06","0.35","326","50.12","2","0","0","1","138"
"30/7/2026, 23.06.48","E32_WS (Sector A)","28.84","69.23","101.06","0.95","336","50.12","2","0","0","1","138"
"30/7/2026, 23.06.53","E32_WS (Sector A)","28.84","69.21","101.06","0.18","272","50.12","2","0","0","1","138"
"30/7/2026, 23.06.58","E32_WS (Sector A)","28.84","69.21","101.06","0.47","286","50.12","2","0","0","1","138"
"30/7/2026, 23.07.03","E32_WS (Sector A)","28.84","69.25","101.06","0.44","340","50.12","2","0","0","1","138"
"30/7/2026, 23.07.08","E32_WS (Sector A)","28.84","69.25","101.06","0.44","336","50.12","2","0","0","1","138"
"30/7/2026, 23.07.13","E32_WS (Sector A)","28.84","69.23","101.06","0.27","21","50.12","2","0","0","1","138"
"30/7/2026, 23.07.18","E32_WS (Sector A)","28.84","69.21","101.06","0.52","307","50.12","2","0","0","1","138"
"30/7/2026, 23.07.23","E32_WS (Sector A)","28.83","69.27","101.06","0.55","304","50.12","2","0","0","1","138"
"30/7/2026, 23.07.28","E32_WS (Sector A)","28.83","69.33","101.06","0.35","358","50.12","2","0","0","1","138"
"30/7/2026, 23.07.33","E32_WS (Sector A)","28.83","69.32","101.06","0.8","304","50.12","2","0","0","1","138"
"30/7/2026, 23.07.38","E32_WS (Sector A)","28.82","69.3","101.06","0.41","323","50.12","2","0","0","1","138"
"30/7/2026, 23.07.43","E32_WS (Sector A)","28.83","69.29","101.06","0.57","356","50.12","2","0","0","1","138"
"30/7/2026, 23.07.48","E32_WS (Sector A)","28.83","69.29","101.06","0.24","353","50.12","2","0","0","1","138"
"30/7/2026, 23.07.53","E32_WS (Sector A)","28.83","69.26","101.06","0.47","309","50.12","2","0","0","1","138"
"30/7/2026, 23.07.58","E32_WS (Sector A)","28.83","69.28","101.05","0.47","320","50.12","2","0","0","1","138"
"30/7/2026, 23.08.03","E32_WS (Sector A)","28.83","69.29","101.06","0.38","4","50.12","2","0","0","1","138"
"30/7/2026, 23.08.08","E32_WS (Sector A)","28.83","69.29","101.06","0.56","308","50.12","2","0","0","1","138"
"30/7/2026, 23.08.13","E32_WS (Sector A)","28.83","69.31","101.06","0.41","317","50.12","2","0","0","1","138"
"30/7/2026, 23.08.18","E32_WS (Sector A)","28.83","69.32","101.06","0.53","329","50.12","2","0","0","1","138"
"30/7/2026, 23.08.23","E32_WS (Sector A)","28.83","69.33","101.06","0.48","321","50.12","2","0","0","1","138"
"30/7/2026, 23.08.28","E32_WS (Sector A)","28.82","69.35","101.06","0.43","315","50.12","2","0","0","1","138"
"30/7/2026, 23.08.33","E32_WS (Sector A)","28.82","69.35","101.06","0.44","331","50.12","2","0","0","1","138"
"30/7/2026, 23.08.38","E32_WS (Sector A)","28.82","69.34","101.06","0.43","321","50.12","2","0","0","1","138"
"30/7/2026, 23.08.43","E32_WS (Sector A)","28.82","69.37","101.06","0.38","308","50.12","2","0","0","1","138"
"30/7/2026, 23.08.48","E32_WS (Sector A)","28.82","69.37","101.06","0.53","314","50.12","2","0","0","1","138"
"30/7/2026, 23.08.53","E32_WS (Sector A)","28.82","69.38","101.06","0.48","319","50.12","2","0","0","1","138"
"30/7/2026, 23.08.58","E32_WS (Sector A)","28.82","69.38","101.06","0.37","341","50.12","2","0","0","1","138"
"30/7/2026, 23.09.03","E32_WS (Sector A)","28.82","69.33","101.06","0.39","337","50.12","2","0","0","1","138"
"30/7/2026, 23.09.08","E32_WS (Sector A)","28.82","69.3","101.06","0.47","353","50.12","2","0","0","1","138"
"30/7/2026, 23.09.13","E32_WS (Sector A)","28.83","69.28","101.06","0.43","297","50.12","2","0","0","1","138"
"30/7/2026, 23.09.18","E32_WS (Sector A)","28.82","69.3","101.05","0.39","334","50.12","2","0","0","1","138"
"30/7/2026, 23.09.23","E32_WS (Sector A)","28.82","69.3","101.05","0.36","356","50.12","2","0","0","1","138"
"30/7/2026, 23.09.28","E32_WS (Sector A)","28.82","69.27","101.05","0.28","353","50.12","2","0","0","1","138"
"30/7/2026, 23.09.33","E32_WS (Sector A)","28.82","69.23","101.06","0.42","338","50.12","2","0","0","1","138"
"30/7/2026, 23.09.38","E32_WS (Sector A)","28.82","69.26","101.05","0.41","315","50.12","2","0","0","1","138"
"30/7/2026, 23.09.43","E32_WS (Sector A)","28.82","69.27","101.06","0.5","335","50.12","2","0","0","1","138"
"30/7/2026, 23.09.48","E32_WS (Sector A)","28.82","69.26","101.06","0.35","346","50.12","2","0","0","1","138"
"30/7/2026, 23.09.53","E32_WS (Sector A)","28.82","69.22","101.05","0.44","323","50.12","2","0","0","1","138"
"30/7/2026, 23.09.58","E32_WS (Sector A)","28.82","69.23","101.05","0.51","313","50.12","2","0","0","1","138"
"30/7/2026, 23.10.03","E32_WS (Sector A)","28.82","69.26","101.05","0.39","324","50.12","2","0","0","1","138"
"30/7/2026, 23.10.08","E32_WS (Sector A)","28.82","69.25","101.05","0.38","344","50.12","2","0","0","1","138"
"30/7/2026, 23.10.13","E32_WS (Sector A)","28.82","69.22","101.05","0.28","324","50.12","2","0","0","1","138"
"30/7/2026, 23.10.18","E32_WS (Sector A)","28.82","69.19","101.05","0.35","1","50.12","2","0","0","1","138"
"30/7/2026, 23.10.23","E32_WS (Sector A)","28.82","69.18","101.05","0.49","28","50.12","2","0","0","1","138"
"30/7/2026, 23.10.28","E32_WS (Sector A)","28.82","69.18","101.05","0.41","356","50.12","2","0","0","1","138"
"30/7/2026, 23.10.33","E32_WS (Sector A)","28.83","69.19","101.05","0.45","337","50.12","2","0","0","1","138"
"30/7/2026, 23.10.38","E32_WS (Sector A)","28.82","69.2","101.05","0.32","352","50.12","2","0","0","1","138"
"30/7/2026, 23.10.43","E32_WS (Sector A)","28.82","69.2","101.05","0.35","304","50.12","2","0","0","1","138"
"30/7/2026, 23.10.48","E32_WS (Sector A)","28.82","69.24","101.05","0.44","333","50.12","2","0","0","1","138"
"30/7/2026, 23.10.53","E32_WS (Sector A)","28.82","69.26","101.05","0.68","336","50.12","2","0","0","1","138"
"30/7/2026, 23.10.58","E32_WS (Sector A)","28.82","69.22","101.05","0.43","348","50.12","2","0","0","1","138"
"30/7/2026, 23.11.03","E32_WS (Sector A)","28.82","69.19","101.05","0.15","276","50.12","2","0","0","1","138"
"30/7/2026, 23.11.08","E32_WS (Sector A)","28.83","69.23","101.05","0.49","323","50.12","2","0","0","1","138"
"30/7/2026, 23.11.13","E32_WS (Sector A)","28.82","69.24","101.05","0.56","337","50.12","2","0","0","1","138"
"30/7/2026, 23.11.18","E32_WS (Sector A)","28.83","69.24","101.05","0.35","340","50.12","2","0","0","1","138"
"30/7/2026, 23.11.23","E32_WS (Sector A)","28.82","69.23","101.05","0.39","331","50.12","2","0","0","1","138"
"30/7/2026, 23.11.28","E32_WS (Sector A)","28.82","69.24","101.05","0.29","328","50.12","2","0","0","1","138"
"30/7/2026, 23.11.33","E32_WS (Sector A)","28.82","69.21","101.05","0.37","328","50.12","2","0","0","1","138"
"30/7/2026, 23.11.38","E32_WS (Sector A)","28.82","69.22","101.05","0.36","323","50.12","2","0","0","1","138"
"30/7/2026, 23.11.43","E32_WS (Sector A)","28.82","69.23","101.05","0.43","324","50.12","2","0","0","1","138"
"30/7/2026, 23.11.48","E32_WS (Sector A)","28.82","69.27","101.05","0.44","336","50.12","2","0","0","1","138"
"30/7/2026, 23.11.53","E32_WS (Sector A)","28.82","69.26","101.05","0.55","344","50.12","2","0","0","1","138"
"30/7/2026, 23.11.58","E32_WS (Sector A)","28.82","69.25","101.05","0.34","311","50.12","2","0","0","1","138"
"30/7/2026, 23.12.03","E32_WS (Sector A)","28.82","69.3","101.05","0.46","320","50.12","2","0","0","1","138"
"30/7/2026, 23.12.08","E32_WS (Sector A)","28.82","69.29","101.05","0.31","325","50.12","2","0","0","1","138"
"30/7/2026, 23.12.13","E32_WS (Sector A)","28.82","69.26","101.05","0.34","333","50.12","2","0","0","1","138"
"30/7/2026, 23.12.18","E32_WS (Sector A)","28.82","69.22","101.05","0.49","333","50.12","2","0","0","1","138"
"30/7/2026, 23.12.23","E32_WS (Sector A)","28.81","69.18","101.05","0.49","343","50.12","2","0","0","1","138"
"30/7/2026, 23.12.28","E32_WS (Sector A)","28.82","69.19","101.05","0.41","341","50.12","2","0","0","1","138"
"30/7/2026, 23.12.33","E32_WS (Sector A)","28.82","69.21","101.05","0.56","338","50.12","2","0","0","1","138"
"30/7/2026, 23.12.38","E32_WS (Sector A)","28.82","69.23","101.05","0.59","343","50.12","2","0","0","1","138"
"30/7/2026, 23.12.43","E32_WS (Sector A)","28.82","69.19","101.05","0.58","330","50.12","2","0","0","1","138"
"30/7/2026, 23.12.48","E32_WS (Sector A)","28.82","69.21","101.05","0.45","327","50.12","2","0","0","1","138"
"30/7/2026, 23.12.53","E32_WS (Sector A)","28.82","69.21","101.05","0.37","300","50.12","2","0","0","1","138"
"30/7/2026, 23.12.58","E32_WS (Sector A)","28.82","69.25","101.05","0.48","344","50.12","2","0","0","1","138"
"30/7/2026, 23.13.03","E32_WS (Sector A)","28.81","69.26","101.05","0.25","347","50.12","2","0","0","1","138"
"30/7/2026, 23.13.08","E32_WS (Sector A)","28.82","69.21","101.05","0.25","347","50.12","2","0","0","1","138"
"30/7/2026, 23.13.13","E32_WS (Sector A)","28.82","69.23","101.05","0.39","308","50.12","2","0","0","1","138"
"30/7/2026, 23.13.18","E32_WS (Sector A)","28.82","69.26","101.05","0.34","321","50.12","2","0","0","1","138"
"30/7/2026, 23.13.23","E32_WS (Sector A)","28.82","69.26","101.05","0.26","3","50.12","2","0","0","1","138"
"30/7/2026, 23.13.28","E32_WS (Sector A)","28.82","69.24","101.05","0.29","331","50.12","2","0","0","1","138"
"30/7/2026, 23.13.33","E32_WS (Sector A)","28.82","69.27","101.05","0.3","323","50.12","2","0","0","1","138"
"30/7/2026, 23.13.38","E32_WS (Sector A)","28.81","69.25","101.05","0.35","316","50.12","2","0","0","1","138"
"30/7/2026, 23.13.43","E32_WS (Sector A)","28.82","69.29","101.05","0.41","303","50.12","2","0","0","1","138"
"30/7/2026, 23.13.48","E32_WS (Sector A)","28.81","69.3","101.05","0.32","323","50.12","2","0","0","1","138"
"30/7/2026, 23.13.53","E32_WS (Sector A)","28.81","69.3","101.05","0.4","347","50.12","2","0","0","1","138"
"30/7/2026, 23.13.58","E32_WS (Sector A)","28.82","69.26","101.05","0.34","347","50.12","2","0","0","1","138"
"30/7/2026, 23.14.03","E32_WS (Sector A)","28.81","69.22","101.05","0.33","315","50.12","2","0","0","1","138"
"30/7/2026, 23.14.08","E32_WS (Sector A)","28.82","69.29","101.05","0.19","278","50.12","2","0","0","1","138"
"30/7/2026, 23.14.13","E32_WS (Sector A)","28.81","69.32","101.05","0.44","295","50.12","2","0","0","1","138"
"30/7/2026, 23.14.18","E32_WS (Sector A)","28.81","69.36","101.05","0.35","342","50.12","2","0","0","1","138"
"30/7/2026, 23.14.23","E32_WS (Sector A)","28.81","69.36","101.05","0.39","359","50.12","2","0","0","1","138"
"30/7/2026, 23.14.28","E32_WS (Sector A)","28.81","69.31","101.05","0.23","349","50.12","2","0","0","1","138"
"30/7/2026, 23.14.33","E32_WS (Sector A)","28.82","69.29","101.05","0.62","313","50.12","2","0","0","1","138"
"30/7/2026, 23.14.38","E32_WS (Sector A)","28.81","69.32","101.05","0.54","341","50.12","2","0","0","1","138"
"30/7/2026, 23.14.43","E32_WS (Sector A)","28.81","69.33","101.05","0.44","290","50.12","2","0","0","1","138"
"30/7/2026, 23.14.48","E32_WS (Sector A)","28.82","69.35","101.05","0.5","285","50.12","2","0","0","1","138"
"30/7/2026, 23.14.53","E32_WS (Sector A)","28.81","69.39","101.05","0.25","20","50.12","2","0","0","1","138"
"30/7/2026, 23.14.58","E32_WS (Sector A)","28.81","69.36","101.05","0.31","355","50.12","2","0","0","1","138"
"30/7/2026, 23.15.03","E32_WS (Sector A)","28.81","69.34","101.05","0.47","351","50.12","2","0","0","1","138"
"30/7/2026, 23.15.08","E32_WS (Sector A)","28.81","69.33","101.05","0.46","319","50.12","2","0","0","1","138"
"30/7/2026, 23.15.13","E32_WS (Sector A)","28.81","69.35","101.05","0.41","355","50.12","2","0","0","1","138"
"30/7/2026, 23.15.18","E32_WS (Sector A)","28.81","69.33","101.05","0.93","0","50.12","2","0","0","1","138"
"30/7/2026, 23.15.23","E32_WS (Sector A)","28.81","69.31","101.05","0.42","325","50.12","2","0","0","1","138"
"30/7/2026, 23.15.28","E32_WS (Sector A)","28.82","69.34","101.05","0.47","328","50.12","2","0","0","1","138"
"30/7/2026, 23.15.33","E32_WS (Sector A)","28.82","69.32","101.05","0.4","323","50.12","2","0","0","1","138"
"30/7/2026, 23.15.38","E32_WS (Sector A)","28.81","69.34","101.05","0.44","324","50.12","2","0","0","1","138"
"30/7/2026, 23.15.43","E32_WS (Sector A)","28.81","69.32","101.05","0.49","335","50.12","2","0","0","1","138"
"30/7/2026, 23.15.48","E32_WS (Sector A)","28.82","69.3","101.05","0.46","337","50.12","2","0","0","1","138"
"30/7/2026, 23.15.53","E32_WS (Sector A)","28.82","69.27","101.05","0.41","314","50.12","2","0","0","1","138"
"30/7/2026, 23.15.58","E32_WS (Sector A)","28.81","69.28","101.05","0.38","342","50.12","2","0","0","1","138"
"30/7/2026, 23.16.03","E32_WS (Sector A)","28.82","69.3","101.05","0.36","332","50.12","2","0","0","1","138"
"30/7/2026, 23.16.08","E32_WS (Sector A)","28.82","69.33","101.05","0.17","17","50.12","2","0","0","1","138"
"30/7/2026, 23.16.13","E32_WS (Sector A)","28.82","69.33","101.05","0.29","324","50.12","2","0","0","1","138"
"30/7/2026, 23.16.18","E32_WS (Sector A)","28.82","69.33","101.05","0.47","7","50.12","2","0","0","1","138"
"30/7/2026, 23.16.23","E32_WS (Sector A)","28.82","69.33","101.05","0.19","4","50.12","2","0","0","1","138"
"30/7/2026, 23.16.28","E32_WS (Sector A)","28.82","69.32","101.05","0.53","334","50.12","2","0","0","1","138"
"30/7/2026, 23.16.33","E32_WS (Sector A)","28.81","69.3","101.05","0.48","329","50.12","2","0","0","1","138"
"30/7/2026, 23.16.38","E32_WS (Sector A)","28.82","69.24","101.05","0.39","3","50.12","2","0","0","1","138"
"30/7/2026, 23.16.43","E32_WS (Sector A)","28.81","69.23","101.05","0.92","353","50.12","2","0","0","1","138"
"30/7/2026, 23.16.48","E32_WS (Sector A)","28.82","69.24","101.05","0.4","319","50.12","2","0","0","1","138"
"30/7/2026, 23.16.53","E32_WS (Sector A)","28.82","69.27","101.05","0.42","354","50.12","2","0","0","1","138"
"30/7/2026, 23.16.58","E32_WS (Sector A)","28.82","69.24","101.05","0.79","343","50.12","2","0","0","1","138"
"30/7/2026, 23.17.03","E32_WS (Sector A)","28.82","69.27","101.05","0.67","325","50.12","2","0","0","1","138"
"30/7/2026, 23.17.08","E32_WS (Sector A)","28.82","69.28","101.05","0.58","350","50.12","2","0","0","1","138"
"30/7/2026, 23.17.13","E32_WS (Sector A)","28.82","69.26","101.05","0.29","349","50.12","2","0","0","1","138"
"30/7/2026, 23.17.18","E32_WS (Sector A)","28.82","69.24","101.05","0.3","320","50.12","2","0","0","1","138"
"30/7/2026, 23.17.23","E32_WS (Sector A)","28.82","69.28","101.05","0.4","326","50.12","2","0","0","1","138"
"30/7/2026, 23.17.28","E32_WS (Sector A)","28.82","69.27","101.05","0.3","12","50.12","2","0","0","1","138"
"30/7/2026, 23.17.33","E32_WS (Sector A)","28.82","69.26","101.05","0.71","344","50.12","2","0","0","1","138"
"30/7/2026, 23.17.38","E32_WS (Sector A)","28.82","69.22","101.05","0.47","0","50.12","2","0","0","1","138"
"30/7/2026, 23.17.43","E32_WS (Sector A)","28.82","69.25","101.05","0.49","343","50.12","2","0","0","1","138"
"30/7/2026, 23.17.48","E32_WS (Sector A)","28.81","69.29","101.05","0.33","323","50.12","2","0","0","1","138"
"30/7/2026, 23.17.53","E32_WS (Sector A)","28.82","69.3","101.05","0.51","331","50.12","2","0","0","1","138"
"30/7/2026, 23.17.58","E32_WS (Sector A)","28.82","69.3","101.05","0.35","351","50.12","2","0","0","1","138"
"30/7/2026, 23.18.03","E32_WS (Sector A)","28.82","69.3","101.05","0.34","301","50.12","2","0","0","1","138"
"30/7/2026, 23.18.08","E32_WS (Sector A)","28.82","69.32","101.05","0.58","311","50.12","2","0","0","1","138"
"30/7/2026, 23.18.13","E32_WS (Sector A)","28.82","69.34","101.05","0.51","318","50.12","2","0","0","1","138"
"30/7/2026, 23.18.18","E32_WS (Sector A)","28.82","69.35","101.05","0.41","324","50.12","2","0","0","1","138"
"30/7/2026, 23.18.23","E32_WS (Sector A)","28.82","69.35","101.05","0.42","341","50.12","2","0","0","1","138"
"30/7/2026, 23.18.28","E32_WS (Sector A)","28.81","69.33","101.05","0.13","327","50.12","2","0","0","1","138"
"30/7/2026, 23.18.33","E32_WS (Sector A)","28.81","69.36","101.05","0.37","337","50.12","2","0","0","1","138"
"30/7/2026, 23.18.38","E32_WS (Sector A)","28.81","69.35","101.05","0.65","348","50.12","2","0","0","1","138"
"30/7/2026, 23.18.43","E32_WS (Sector A)","28.82","69.38","101.05","0.8","359","50.12","2","0","0","1","138"
"30/7/2026, 23.18.48","E32_WS (Sector A)","28.81","69.36","101.05","0.48","4","50.12","2","0","0","1","138"
"30/7/2026, 23.18.53","E32_WS (Sector A)","28.81","69.38","101.05","0.88","323","50.12","2","0","0","1","138"
"30/7/2026, 23.18.58","E32_WS (Sector A)","28.81","69.39","101.05","0.5","342","50.12","2","0","0","1","138"
"30/7/2026, 23.19.03","E32_WS (Sector A)","28.82","69.36","101.06","0.72","326","50.12","2","0","0","1","138"
"30/7/2026, 23.19.08","E32_WS (Sector A)","28.81","69.38","101.05","0.52","346","50.12","2","0","0","1","138"
"30/7/2026, 23.19.13","E32_WS (Sector A)","28.82","69.35","101.06","0.52","332","50.12","2","0","0","1","138"
"30/7/2026, 23.19.18","E32_WS (Sector A)","28.82","69.34","101.05","0.44","333","50.12","2","0","0","1","138"
"30/7/2026, 23.19.23","E32_WS (Sector A)","28.81","69.34","101.05","0.44","323","50.12","2","0","0","1","138"
"30/7/2026, 23.19.28","E32_WS (Sector A)","28.81","69.36","101.05","0.56","335","50.12","2","0","0","1","138"
"30/7/2026, 23.19.33","E32_WS (Sector A)","28.81","69.37","101.05","0.32","17","50.12","2","0","0","1","138"
"30/7/2026, 23.19.38","E32_WS (Sector A)","28.81","69.34","101.05","0.42","343","50.12","2","0","0","1","138"
"30/7/2026, 23.19.43","E32_WS (Sector A)","28.81","69.35","101.05","0.55","306","50.12","2","0","0","1","138"
"30/7/2026, 23.19.48","E32_WS (Sector A)","28.81","69.41","101.05","0.5","313","50.12","2","0","0","1","138"
"30/7/2026, 23.19.53","E32_WS (Sector A)","28.81","69.46","101.05","0.58","309","50.12","2","0","0","1","138"
"30/7/2026, 23.19.58","E32_WS (Sector A)","28.81","69.5","101.05","0.54","325","50.12","2","0","0","1","138"
"30/7/2026, 23.20.03","E32_WS (Sector A)","28.81","69.47","101.05","0.38","323","50.12","2","0","0","1","138"
"30/7/2026, 23.20.08","E32_WS (Sector A)","28.81","69.46","101.05","0.2","4","50.12","2","0","0","1","138"
"30/7/2026, 23.20.13","E32_WS (Sector A)","28.81","69.42","101.05","0.46","289","50.12","2","0","0","1","138"
"30/7/2026, 23.20.18","E32_WS (Sector A)","28.81","69.47","101.05","0.36","303","50.12","2","0","0","1","138"
"30/7/2026, 23.20.23","E32_WS (Sector A)","28.8","69.48","101.05","0.4","334","50.12","2","0","0","1","138"
"30/7/2026, 23.20.28","E32_WS (Sector A)","28.8","69.46","101.05","0.48","348","50.12","2","0","0","1","138"
"30/7/2026, 23.20.33","E32_WS (Sector A)","28.8","69.44","101.05","0.54","348","50.12","2","0","0","1","138"
"30/7/2026, 23.20.38","E32_WS (Sector A)","28.8","69.42","101.05","0.61","340","50.12","2","0","0","1","138"
"30/7/2026, 23.20.43","E32_WS (Sector A)","28.8","69.38","101.05","0.42","342","50.12","2","0","0","1","138"
"30/7/2026, 23.20.48","E32_WS (Sector A)","28.8","69.36","101.05","0.38","346","50.12","2","0","0","1","138"
"30/7/2026, 23.20.53","E32_WS (Sector A)","28.8","69.33","101.06","0.36","0","50.12","2","0","0","1","138"
"30/7/2026, 23.20.58","E32_WS (Sector A)","28.8","69.33","101.05","0.65","341","50.12","2","0","0","1","138"
"30/7/2026, 23.21.03","E32_WS (Sector A)","28.81","69.33","101.05","0.47","329","50.12","2","0","0","1","138"
"30/7/2026, 23.21.08","E32_WS (Sector A)","28.8","69.38","101.05","0.53","342","50.12","2","0","0","1","138"
"30/7/2026, 23.21.13","E32_WS (Sector A)","28.8","69.38","101.05","0.37","333","50.12","2","0","0","1","138"
"30/7/2026, 23.21.18","E32_WS (Sector A)","28.8","69.37","101.05","0.37","329","50.12","2","0","0","1","138"
"30/7/2026, 23.21.23","E32_WS (Sector A)","28.8","69.37","101.05","0.53","354","50.12","2","0","0","1","138"
"30/7/2026, 23.21.28","E32_WS (Sector A)","28.8","69.33","101.05","0.35","349","50.12","2","0","0","1","138"
"30/7/2026, 23.21.33","E32_WS (Sector A)","28.8","69.33","101.05","0.42","324","50.12","2","0","0","1","138"
"30/7/2026, 23.21.38","E32_WS (Sector A)","28.8","69.36","101.05","0.53","311","50.12","2","0","0","1","138"
"30/7/2026, 23.21.43","E32_WS (Sector A)","28.8","69.44","101.06","0.48","307","50.12","2","0","0","1","138"
"30/7/2026, 23.21.48","E32_WS (Sector A)","28.8","69.5","101.06","0.46","308","50.12","2","0","0","1","138"
"30/7/2026, 23.21.53","E32_WS (Sector A)","28.8","69.53","101.05","0.48","317","50.12","2","0","0","1","138"
"30/7/2026, 23.21.58","E32_WS (Sector A)","28.79","69.56","101.05","0.52","330","50.12","2","0","0","1","138"
"30/7/2026, 23.22.03","E32_WS (Sector A)","28.79","69.53","101.05","0.5","346","50.12","2","0","0","1","138"
"30/7/2026, 23.22.08","E32_WS (Sector A)","28.79","69.51","101.06","0.55","348","50.12","2","0","0","1","138"
"30/7/2026, 23.22.13","E32_WS (Sector A)","28.79","69.52","101.06","0.32","318","50.12","2","0","0","1","138"
"30/7/2026, 23.22.18","E32_WS (Sector A)","28.79","69.52","101.06","0.47","309","50.12","2","0","0","1","138"
"30/7/2026, 23.22.23","E32_WS (Sector A)","28.79","69.54","101.06","0.6","314","50.12","2","0","0","1","138"
"30/7/2026, 23.22.28","E32_WS (Sector A)","28.79","69.56","101.05","0.55","314","50.12","2","0","0","1","138"
"30/7/2026, 23.22.33","E32_WS (Sector A)","28.78","69.58","101.05","0.5","324","50.12","2","0","0","1","138"
"30/7/2026, 23.22.38","E32_WS (Sector A)","28.79","69.57","101.06","0.42","330","50.12","2","0","0","1","138"
"30/7/2026, 23.22.43","E32_WS (Sector A)","28.79","69.56","101.06","0.39","343","50.12","2","0","0","1","138"
"30/7/2026, 23.22.48","E32_WS (Sector A)","28.78","69.54","101.06","0.37","322","50.12","2","0","0","1","138"
"30/7/2026, 23.22.53","E32_WS (Sector A)","28.78","69.52","101.06","0.35","311","50.12","2","0","0","1","138"
"30/7/2026, 23.22.58","E32_WS (Sector A)","28.78","69.53","101.05","0.63","335","50.12","2","0","0","1","138"
"30/7/2026, 23.23.03","E32_WS (Sector A)","28.78","69.53","101.05","0.61","359","50.12","2","0","0","1","138"
"30/7/2026, 23.23.08","E32_WS (Sector A)","28.79","69.48","101.05","0.53","359","50.12","2","0","0","1","138"
"30/7/2026, 23.23.13","E32_WS (Sector A)","28.78","69.47","101.05","0.43","332","50.12","2","0","0","1","138"
"30/7/2026, 23.23.18","E32_WS (Sector A)","28.79","69.47","101.05","0.26","286","50.12","2","0","0","1","138"
"30/7/2026, 23.23.23","E32_WS (Sector A)","28.78","69.48","101.05","0.33","344","50.12","2","0","0","1","138"
"30/7/2026, 23.23.28","E32_WS (Sector A)","28.78","69.49","101.05","0.22","332","50.12","2","0","0","1","138"
"30/7/2026, 23.23.33","E32_WS (Sector A)","28.78","69.52","101.05","0.34","322","50.12","2","0","0","1","138"
"30/7/2026, 23.23.38","E32_WS (Sector A)","28.78","69.55","101.05","0.23","298","50.12","2","0","0","1","138"
"30/7/2026, 23.23.43","E32_WS (Sector A)","28.78","69.55","101.05","0.23","348","50.12","2","0","0","1","138"
"30/7/2026, 23.23.48","E32_WS (Sector A)","28.78","69.54","101.05","0.36","323","50.12","2","0","0","1","138"
"30/7/2026, 23.23.53","E32_WS (Sector A)","28.78","69.54","101.05","0.38","313","50.12","2","0","0","1","138"
"30/7/2026, 23.23.58","E32_WS (Sector A)","28.78","69.54","101.05","0.26","352","50.12","2","0","0","1","138"
"30/7/2026, 23.24.03","E32_WS (Sector A)","28.78","69.52","101.05","0.35","322","50.12","2","0","0","1","138"
"30/7/2026, 23.24.08","E32_WS (Sector A)","28.78","69.52","101.05","0.35","328","50.12","2","0","0","1","138"
"30/7/2026, 23.24.13","E32_WS (Sector A)","28.78","69.49","101.05","0.37","350","50.12","2","0","0","1","138"
"30/7/2026, 23.24.18","E32_WS (Sector A)","28.78","69.47","101.05","0.5","326","50.12","2","0","0","1","138"
"30/7/2026, 23.24.23","E32_WS (Sector A)","28.78","69.5","101.05","0.58","309","50.12","2","0","0","1","138"
"30/7/2026, 23.24.28","E32_WS (Sector A)","28.77","69.56","101.05","0.33","347","50.12","2","0","0","1","138"
"30/7/2026, 23.24.33","E32_WS (Sector A)","28.78","69.55","101.05","0.33","305","50.12","2","0","0","1","138"
"30/7/2026, 23.24.38","E32_WS (Sector A)","28.78","69.56","101.05","0.44","358","50.12","2","0","0","1","138"
"30/7/2026, 23.24.43","E32_WS (Sector A)","28.78","69.54","101.05","0.55","334","50.12","2","0","0","1","138"
"30/7/2026, 23.24.48","E32_WS (Sector A)","28.77","69.54","101.05","0.34","340","50.12","2","0","0","1","138"
"30/7/2026, 23.24.53","E32_WS (Sector A)","28.78","69.51","101.05","0.35","307","50.12","2","0","0","1","138"
"30/7/2026, 23.24.58","E32_WS (Sector A)","28.78","69.54","101.05","0.55","328","50.12","2","0","0","1","138"
"30/7/2026, 23.25.03","E32_WS (Sector A)","28.77","69.54","101.05","0.48","8","50.12","2","0","0","1","138"
"30/7/2026, 23.25.08","E32_WS (Sector A)","28.77","69.5","101.05","0.55","315","50.12","2","0","0","1","138"
"30/7/2026, 23.25.13","E32_WS (Sector A)","28.78","69.52","101.05","0.54","324","50.12","2","0","0","1","138"
"30/7/2026, 23.25.18","E32_WS (Sector A)","28.77","69.57","101.05","0.52","340","50.12","2","0","0","1","138"
"30/7/2026, 23.25.23","E32_WS (Sector A)","28.77","69.53","101.05","0.56","345","50.12","2","0","0","1","138"
"30/7/2026, 23.25.28","E32_WS (Sector A)","28.78","69.48","101.05","0.44","17","50.12","2","0","0","1","138"
"30/7/2026, 23.25.33","E32_WS (Sector A)","28.78","69.48","101.05","0.35","309","50.12","2","0","0","1","138"
"30/7/2026, 23.25.38","E32_WS (Sector A)","28.78","69.55","101.05","0.39","333","50.12","2","0","0","1","138"
"30/7/2026, 23.25.43","E32_WS (Sector A)","28.78","69.53","101.05","0.35","325","50.12","2","0","0","1","138"
"30/7/2026, 23.25.48","E32_WS (Sector A)","28.78","69.52","101.05","0.36","329","50.12","2","0","0","1","138"
"30/7/2026, 23.25.53","E32_WS (Sector A)","28.78","69.53","101.05","0.4","318","50.12","2","0","0","1","138"
"30/7/2026, 23.25.58","E32_WS (Sector A)","28.78","69.55","101.05","0.4","318","50.12","2","0","0","1","138"
"30/7/2026, 23.26.03","E32_WS (Sector A)","28.78","69.55","101.05","0.61","320","50.12","2","0","0","1","138"
"30/7/2026, 23.26.08","E32_WS (Sector A)","28.78","69.57","101.05","0.49","340","50.12","2","0","0","1","138"
"30/7/2026, 23.26.13","E32_WS (Sector A)","28.78","69.54","101.05","0.58","8","50.12","2","0","0","1","138"
"30/7/2026, 23.26.18","E32_WS (Sector A)","28.78","69.53","101.05","0.39","310","50.12","2","0","0","1","138"
"30/7/2026, 23.26.23","E32_WS (Sector A)","28.78","69.55","101.05","0.44","314","50.12","2","0","0","1","138"
"30/7/2026, 23.26.28","E32_WS (Sector A)","28.78","69.58","101.05","0.5","306","50.12","2","0","0","1","138"
"30/7/2026, 23.26.33","E32_WS (Sector A)","28.78","69.62","101.05","0.51","344","50.12","2","0","0","1","138"
"30/7/2026, 23.26.38","E32_WS (Sector A)","28.78","69.62","101.05","0.22","338","50.12","2","0","0","1","138"
"30/7/2026, 23.26.43","E32_WS (Sector A)","28.78","69.61","101.05","0.45","311","50.12","2","0","0","1","138"
"30/7/2026, 23.26.48","E32_WS (Sector A)","28.77","69.65","101.05","0.54","309","50.12","2","0","0","1","138"
"30/7/2026, 23.26.53","E32_WS (Sector A)","28.78","69.65","101.05","0.51","321","50.12","2","0","0","1","138"
"30/7/2026, 23.26.58","E32_WS (Sector A)","28.78","69.67","101.05","0.56","324","50.12","2","0","0","1","138"
"30/7/2026, 23.27.03","E32_WS (Sector A)","28.78","69.68","101.05","0.42","314","50.12","2","0","0","1","138"
"30/7/2026, 23.27.08","E32_WS (Sector A)","28.77","69.69","101.05","0.38","325","50.12","2","0","0","1","138"
"30/7/2026, 23.27.13","E32_WS (Sector A)","28.77","69.66","101.05","0.37","339","50.12","2","0","0","1","138"
"30/7/2026, 23.27.18","E32_WS (Sector A)","28.77","69.62","101.05","0.43","337","50.12","2","0","0","1","138"
"30/7/2026, 23.27.23","E32_WS (Sector A)","28.77","69.6","101.05","0.49","348","50.12","2","0","0","1","138"
"30/7/2026, 23.27.28","E32_WS (Sector A)","28.77","69.57","101.05","0.42","325","50.12","2","0","0","1","138"
"30/7/2026, 23.27.33","E32_WS (Sector A)","28.77","69.57","101.05","0.34","326","50.12","2","0","0","1","138"
"30/7/2026, 23.27.38","E32_WS (Sector A)","28.77","69.55","101.05","0.54","357","50.12","2","0","0","1","138"
"30/7/2026, 23.27.43","E32_WS (Sector A)","28.77","69.56","101.05","0.61","358","50.12","2","0","0","1","138"
"30/7/2026, 23.27.48","E32_WS (Sector A)","28.77","69.53","101.05","0.43","352","50.12","2","0","0","1","138"
"30/7/2026, 23.27.53","E32_WS (Sector A)","28.77","69.5","101.05","0.38","10","50.12","2","0","0","1","138"
"30/7/2026, 23.27.58","E32_WS (Sector A)","28.77","69.52","101.05","0.51","351","50.12","2","0","0","1","138"
"30/7/2026, 23.28.03","E32_WS (Sector A)","28.77","69.5","101.05","0.45","27","50.12","2","0","0","1","138"
"30/7/2026, 23.28.08","E32_WS (Sector A)","28.77","69.53","101.05","0.48","289","50.12","2","0","0","1","138"
"30/7/2026, 23.28.13","E32_WS (Sector A)","28.77","69.62","101.05","0.33","314","50.12","2","0","0","1","138"
"30/7/2026, 23.28.18","E32_WS (Sector A)","28.77","69.61","101.05","0.41","20","50.12","2","0","0","1","138"
"30/7/2026, 23.28.23","E32_WS (Sector A)","28.77","69.59","101.05","0.49","316","50.12","2","0","0","1","138"
"30/7/2026, 23.28.28","E32_WS (Sector A)","28.77","69.59","101.05","0.47","334","50.12","2","0","0","1","138"
"30/7/2026, 23.28.33","E32_WS (Sector A)","28.77","69.56","101.05","0.36","305","50.12","2","0","0","1","138"
"30/7/2026, 23.28.38","E32_WS (Sector A)","28.77","69.58","101.05","0.61","348","50.12","2","0","0","1","138"
"30/7/2026, 23.28.43","E32_WS (Sector A)","28.77","69.55","101.05","0.43","348","50.12","2","0","0","1","138"
"30/7/2026, 23.28.48","E32_WS (Sector A)","28.77","69.56","101.05","0.48","312","50.12","2","0","0","1","138"
"30/7/2026, 23.28.53","E32_WS (Sector A)","28.77","69.6","101.05","0.44","328","50.12","2","0","0","1","138"
"30/7/2026, 23.28.58","E32_WS (Sector A)","28.77","69.61","101.05","0.29","5","50.12","2","0","0","1","138"
"30/7/2026, 23.29.03","E32_WS (Sector A)","28.77","69.56","101.05","0.41","5","50.12","2","0","0","1","138"
"30/7/2026, 23.29.08","E32_WS (Sector A)","28.77","69.54","101.05","0.37","353","50.12","2","0","0","1","138"
"30/7/2026, 23.29.13","E32_WS (Sector A)","28.77","69.53","101.05","0.52","311","50.12","2","0","0","1","138"
"30/7/2026, 23.29.18","E32_WS (Sector A)","28.77","69.57","101.05","0.57","337","50.12","2","0","0","1","138"
"30/7/2026, 23.29.23","E32_WS (Sector A)","28.77","69.55","101.05","0.41","339","50.12","2","0","0","1","138"
"30/7/2026, 23.29.28","E32_WS (Sector A)","28.77","69.53","101.05","0.43","336","50.12","2","0","0","1","138"
"30/7/2026, 23.29.33","E32_WS (Sector A)","28.77","69.5","101.05","0.41","318","50.12","2","0","0","1","138"
"30/7/2026, 23.29.38","E32_WS (Sector A)","28.77","69.54","101.05","0.46","323","50.12","2","0","0","1","138"
"30/7/2026, 23.29.43","E32_WS (Sector A)","28.77","69.55","101.05","0.5","340","50.12","2","0","0","1","138"
"30/7/2026, 23.29.48","E32_WS (Sector A)","28.77","69.57","101.05","0.33","330","50.12","2","0","0","1","138"
"30/7/2026, 23.29.53","E32_WS (Sector A)","28.77","69.54","101.05","0.75","335","50.12","2","0","0","1","138"
"30/7/2026, 23.29.58","E32_WS (Sector A)","28.77","69.53","101.05","0.68","328","50.12","2","0","0","1","138"
"30/7/2026, 23.30.03","E32_WS (Sector A)","28.77","69.54","101.05","0.49","351","50.12","2","0","0","1","138"
"30/7/2026, 23.30.08","E32_WS (Sector A)","28.77","69.51","101.05","0.43","330","50.12","2","0","0","1","138"
"30/7/2026, 23.30.13","E32_WS (Sector A)","28.76","69.56","101.05","0.61","306","50.12","2","0","0","1","138"
"30/7/2026, 23.30.18","E32_WS (Sector A)","28.76","69.61","101.04","0.52","310","50.12","2","0","0","1","138"
"30/7/2026, 23.30.23","E32_WS (Sector A)","28.76","69.65","101.05","0.41","329","50.12","2","0","0","1","138"
"30/7/2026, 23.30.28","E32_WS (Sector A)","28.76","69.64","101.05","0.42","347","50.12","2","0","0","1","138"
"30/7/2026, 23.30.33","E32_WS (Sector A)","28.76","69.59","101.05","0.48","336","50.12","2","0","0","1","138"
"30/7/2026, 23.30.38","E32_WS (Sector A)","28.76","69.58","101.05","0.52","341","50.12","2","0","0","1","138"
"30/7/2026, 23.30.43","E32_WS (Sector A)","28.76","69.55","101.05","0.32","16","50.12","2","0","0","1","138"
"30/7/2026, 23.30.48","E32_WS (Sector A)","28.76","69.53","101.05","0.46","299","50.12","2","0","0","1","138"
"30/7/2026, 23.30.53","E32_WS (Sector A)","28.76","69.55","101.05","0.58","333","50.12","2","0","0","1","138"
"30/7/2026, 23.30.58","E32_WS (Sector A)","28.76","69.55","101.05","0.31","331","50.12","2","0","0","1","138"
"30/7/2026, 23.31.03","E32_WS (Sector A)","28.76","69.55","101.05","0.28","337","50.12","2","0","0","1","138"
"30/7/2026, 23.31.08","E32_WS (Sector A)","28.76","69.56","101.05","0.39","319","50.12","2","0","0","1","138"
"30/7/2026, 23.31.13","E32_WS (Sector A)","28.76","69.58","101.04","0.43","314","50.12","2","0","0","1","138"
"30/7/2026, 23.31.18","E32_WS (Sector A)","28.76","69.59","101.05","0.36","335","50.12","2","0","0","1","138"
"30/7/2026, 23.31.23","E32_WS (Sector A)","28.76","69.56","101.05","0.49","329","50.12","2","0","0","1","138"
"30/7/2026, 23.31.28","E32_WS (Sector A)","28.76","69.55","101.05","0.39","327","50.12","2","0","0","1","138"
"30/7/2026, 23.31.33","E32_WS (Sector A)","28.76","69.54","101.04","0.37","324","50.12","2","0","0","1","138"
"30/7/2026, 23.31.38","E32_WS (Sector A)","28.76","69.53","101.05","0.49","321","50.12","2","0","0","1","138"
"30/7/2026, 23.31.43","E32_WS (Sector A)","28.76","69.58","101.05","0.39","335","50.12","2","0","0","1","138"
"30/7/2026, 23.31.48","E32_WS (Sector A)","28.76","69.56","101.05","0.39","326","50.12","2","0","0","1","138"
"30/7/2026, 23.31.53","E32_WS (Sector A)","28.76","69.53","101.05","0.41","327","50.12","2","0","0","1","138"
"30/7/2026, 23.31.58","E32_WS (Sector A)","28.75","69.55","101.05","0.48","331","50.12","2","0","0","1","138"
"30/7/2026, 23.32.03","E32_WS (Sector A)","28.75","69.59","101.05","0.52","321","50.12","2","0","0","1","138"
"30/7/2026, 23.32.08","E32_WS (Sector A)","28.75","69.59","101.05","0.56","335","50.12","2","0","0","1","138"
"30/7/2026, 23.32.13","E32_WS (Sector A)","28.75","69.58","101.04","0.43","327","50.12","2","0","0","1","138"
"30/7/2026, 23.32.18","E32_WS (Sector A)","28.75","69.61","101.05","0.45","314","50.12","2","0","0","1","138"
"30/7/2026, 23.32.23","E32_WS (Sector A)","28.75","69.61","101.04","0.48","323","50.12","2","0","0","1","138"
"30/7/2026, 23.32.28","E32_WS (Sector A)","28.75","69.62","101.05","0.49","321","50.12","2","0","0","1","138"
"30/7/2026, 23.32.33","E32_WS (Sector A)","28.75","69.65","101.05","0.35","320","50.12","2","0","0","1","138"
"30/7/2026, 23.32.38","E32_WS (Sector A)","28.75","69.63","101.04","0.5","312","50.12","2","0","0","1","138"
"30/7/2026, 23.32.43","E32_WS (Sector A)","28.75","69.64","101.05","0.55","317","50.12","2","0","0","1","138"
"30/7/2026, 23.32.48","E32_WS (Sector A)","28.75","69.67","101.04","0.44","318","50.12","2","0","0","1","138"
"30/7/2026, 23.32.53","E32_WS (Sector A)","28.75","69.65","101.04","0.45","3","50.12","2","0","0","1","138"
"30/7/2026, 23.32.58","E32_WS (Sector A)","28.75","69.62","101.05","0.41","309","50.12","2","0","0","1","138"
"30/7/2026, 23.33.03","E32_WS (Sector A)","28.74","69.62","101.04","0.34","334","50.12","2","0","0","1","138"
"30/7/2026, 23.33.08","E32_WS (Sector A)","28.75","69.59","101.04","0.5","346","50.12","2","0","0","1","138"
"30/7/2026, 23.33.13","E32_WS (Sector A)","28.75","69.55","101.04","0.52","3","50.12","2","0","0","1","138"
"30/7/2026, 23.33.18","E32_WS (Sector A)","28.75","69.52","101.04","0.28","327","50.12","2","0","0","1","138"
"30/7/2026, 23.33.23","E32_WS (Sector A)","28.74","69.5","101.04","0.26","353","50.12","2","0","0","1","138"
"30/7/2026, 23.33.28","E32_WS (Sector A)","28.74","69.49","101.04","0.59","355","50.12","2","0","0","1","138"
"30/7/2026, 23.33.33","E32_WS (Sector A)","28.75","69.5","101.05","0.56","336","50.12","2","0","0","1","138"
"30/7/2026, 23.33.38","E32_WS (Sector A)","28.75","69.53","101.05","0.51","354","50.12","2","0","0","1","138"
"30/7/2026, 23.33.43","E32_WS (Sector A)","28.75","69.51","101.05","0.69","359","50.12","2","0","0","1","138"
"30/7/2026, 23.33.48","E32_WS (Sector A)","28.75","69.5","101.04","0.48","341","50.12","2","0","0","1","138"
"30/7/2026, 23.33.53","E32_WS (Sector A)","28.75","69.5","101.04","0.46","321","50.12","2","0","0","1","138"
"30/7/2026, 23.33.58","E32_WS (Sector A)","28.75","69.53","101.04","0.45","316","50.12","2","0","0","1","138"
"30/7/2026, 23.34.03","E32_WS (Sector A)","28.75","69.56","101.04","0.43","309","50.12","2","0","0","1","138"
"30/7/2026, 23.34.08","E32_WS (Sector A)","28.74","69.61","101.04","0.27","6","50.12","2","0","0","1","138"
"30/7/2026, 23.34.13","E32_WS (Sector A)","28.75","69.55","101.04","0.5","319","50.12","2","0","0","1","138"
"30/7/2026, 23.34.18","E32_WS (Sector A)","28.74","69.54","101.04","0.47","314","50.12","2","0","0","1","138"
"30/7/2026, 23.34.23","E32_WS (Sector A)","28.74","69.56","101.04","0.67","348","50.12","2","0","0","1","138"
"30/7/2026, 23.34.28","E32_WS (Sector A)","28.74","69.56","101.04","0.52","336","50.12","2","0","0","1","138"
"30/7/2026, 23.34.33","E32_WS (Sector A)","28.74","69.55","101.04","0.55","344","50.12","2","0","0","1","138"
"30/7/2026, 23.34.38","E32_WS (Sector A)","28.74","69.57","101.04","0.5","307","50.12","2","0","0","1","138"
"30/7/2026, 23.34.43","E32_WS (Sector A)","28.74","69.61","101.04","0.48","324","50.12","2","0","0","1","138"
"30/7/2026, 23.34.48","E32_WS (Sector A)","28.74","69.62","101.04","0.42","328","50.12","2","0","0","1","138"
"30/7/2026, 23.34.53","E32_WS (Sector A)","28.75","69.61","101.04","0.42","327","50.12","2","0","0","1","138"
"30/7/2026, 23.34.58","E32_WS (Sector A)","28.75","69.61","101.04","0.39","344","50.12","2","0","0","1","138"
"30/7/2026, 23.35.03","E32_WS (Sector A)","28.74","69.56","101.04","0.43","341","50.12","2","0","0","1","138"
"30/7/2026, 23.35.08","E32_WS (Sector A)","28.74","69.51","101.04","0.43","337","50.12","2","0","0","1","138"
"30/7/2026, 23.35.13","E32_WS (Sector A)","28.74","69.48","101.04","0.51","341","50.12","2","0","0","1","138"
"30/7/2026, 23.35.18","E32_WS (Sector A)","28.75","69.46","101.04","0.47","340","50.12","2","0","0","1","138"
"30/7/2026, 23.35.23","E32_WS (Sector A)","28.74","69.46","101.04","0.44","356","50.12","2","0","0","1","138"
"30/7/2026, 23.35.28","E32_WS (Sector A)","28.74","69.42","101.04","0.43","347","50.12","2","0","0","1","138"
"30/7/2026, 23.35.33","E32_WS (Sector A)","28.75","69.43","101.04","0.44","321","50.12","2","0","0","1","138"
"30/7/2026, 23.35.38","E32_WS (Sector A)","28.74","69.45","101.04","0.52","334","50.12","2","0","0","1","138"
"30/7/2026, 23.35.43","E32_WS (Sector A)","28.75","69.44","101.04","0.38","332","50.12","2","0","0","1","138"
"30/7/2026, 23.35.48","E32_WS (Sector A)","28.74","69.42","101.04","0.5","323","50.12","2","0","0","1","138"
"30/7/2026, 23.35.53","E32_WS (Sector A)","28.74","69.45","101.04","0.66","342","50.12","2","0","0","1","138"
"30/7/2026, 23.35.58","E32_WS (Sector A)","28.74","69.4","101.04","0.46","334","50.12","2","0","0","1","138"
"30/7/2026, 23.36.03","E32_WS (Sector A)","28.75","69.4","101.04","0.64","358","50.12","2","0","0","1","138"
"30/7/2026, 23.36.08","E32_WS (Sector A)","28.75","69.4","101.04","0.47","296","50.12","2","0","0","1","138"
"30/7/2026, 23.36.13","E32_WS (Sector A)","28.74","69.43","101.04","0.38","354","50.12","2","0","0","1","138"
"30/7/2026, 23.36.18","E32_WS (Sector A)","28.74","69.44","101.04","0.25","338","50.12","2","0","0","1","138"
"30/7/2026, 23.36.23","E32_WS (Sector A)","28.74","69.43","101.04","0.28","336","50.12","2","0","0","1","138"
"30/7/2026, 23.36.28","E32_WS (Sector A)","28.74","69.44","101.04","0.61","293","50.12","2","0","0","1","138"
"30/7/2026, 23.36.33","E32_WS (Sector A)","28.74","69.54","101.04","0.42","313","50.12","2","0","0","1","138"
"30/7/2026, 23.36.38","E32_WS (Sector A)","28.74","69.57","101.04","0.48","315","50.12","2","0","0","1","138"
"30/7/2026, 23.36.43","E32_WS (Sector A)","28.74","69.57","101.04","0.3","308","50.12","2","0","0","1","138"
"30/7/2026, 23.36.48","E32_WS (Sector A)","28.74","69.6","101.04","0.43","318","50.12","2","0","0","1","138"
"30/7/2026, 23.36.53","E32_WS (Sector A)","28.73","69.58","101.04","0.46","342","50.12","2","0","0","1","138"
"30/7/2026, 23.36.58","E32_WS (Sector A)","28.74","69.56","101.04","0.54","340","50.12","2","0","0","1","138"
"30/7/2026, 23.37.03","E32_WS (Sector A)","28.74","69.56","101.04","0.64","327","50.12","2","0","0","1","138"
"30/7/2026, 23.37.08","E32_WS (Sector A)","28.73","69.57","101.04","0.51","322","50.12","2","0","0","1","138"
"30/7/2026, 23.37.13","E32_WS (Sector A)","28.74","69.58","101.04","0.48","306","50.12","2","0","0","1","138"
"30/7/2026, 23.37.18","E32_WS (Sector A)","28.73","69.6","101.04","0.56","319","50.12","2","0","0","1","138"
"30/7/2026, 23.37.23","E32_WS (Sector A)","28.73","69.56","101.04","0.49","328","50.12","2","0","0","1","138"
"30/7/2026, 23.37.28","E32_WS (Sector A)","28.73","69.56","101.04","0.5","306","50.12","2","0","0","1","138"
"30/7/2026, 23.37.33","E32_WS (Sector A)","28.73","69.56","101.04","0.44","318","50.12","2","0","0","1","138"
"30/7/2026, 23.37.38","E32_WS (Sector A)","28.73","69.61","101.04","0.45","306","50.12","2","0","0","1","138"
"30/7/2026, 23.37.43","E32_WS (Sector A)","28.73","69.61","101.04","0.49","356","50.12","2","0","0","1","138"
"30/7/2026, 23.37.48","E32_WS (Sector A)","28.72","69.55","101.04","0.52","333","50.12","2","0","0","1","138"
"30/7/2026, 23.37.53","E32_WS (Sector A)","28.72","69.49","101.04","0.46","325","50.12","2","0","0","1","138"
"30/7/2026, 23.37.58","E32_WS (Sector A)","28.72","69.44","101.04","0.41","329","50.12","2","0","0","1","138"
"30/7/2026, 23.38.03","E32_WS (Sector A)","28.72","69.45","101.04","0.47","355","50.12","2","0","0","1","138"
"30/7/2026, 23.38.08","E32_WS (Sector A)","28.72","69.43","101.04","0.27","348","50.12","2","0","0","1","138"
"30/7/2026, 23.38.13","E32_WS (Sector A)","28.72","69.41","101.04","0.25","320","50.12","2","0","0","1","138"
"30/7/2026, 23.38.18","E32_WS (Sector A)","28.72","69.41","101.04","0.37","325","50.12","2","0","0","1","138"
"30/7/2026, 23.38.23","E32_WS (Sector A)","28.73","69.44","101.04","0.43","331","50.12","2","0","0","1","138"
"30/7/2026, 23.38.28","E32_WS (Sector A)","28.72","69.46","101.04","0.5","308","50.12","2","0","0","1","138"
"30/7/2026, 23.38.33","E32_WS (Sector A)","28.72","69.51","101.04","0.51","309","50.12","2","0","0","1","138"
"30/7/2026, 23.38.38","E32_WS (Sector A)","28.71","69.53","101.04","0.47","338","50.12","2","0","0","1","138"
"30/7/2026, 23.38.43","E32_WS (Sector A)","28.72","69.52","101.04","0.48","359","50.12","2","0","0","1","138"
"30/7/2026, 23.38.48","E32_WS (Sector A)","28.72","69.48","101.04","0.61","302","50.12","2","0","0","1","138"
"30/7/2026, 23.38.53","E32_WS (Sector A)","28.71","69.48","101.04","0.62","331","50.12","2","0","0","1","138"
"30/7/2026, 23.38.58","E32_WS (Sector A)","28.71","69.47","101.04","0.52","330","50.12","2","0","0","1","138"
"30/7/2026, 23.39.03","E32_WS (Sector A)","28.72","69.46","101.04","0.47","348","50.12","2","0","0","1","138"
"30/7/2026, 23.39.08","E32_WS (Sector A)","28.72","69.48","101.04","0.5","337","50.12","2","0","0","1","138"
"30/7/2026, 23.39.13","E32_WS (Sector A)","28.71","69.48","101.04","0.43","330","50.12","2","0","0","1","138"
"30/7/2026, 23.39.18","E32_WS (Sector A)","28.71","69.47","101.04","0.58","335","50.12","2","0","0","1","138"
"30/7/2026, 23.39.23","E32_WS (Sector A)","28.71","69.43","101.04","0.65","346","50.12","2","0","0","1","138"
"30/7/2026, 23.39.28","E32_WS (Sector A)","28.71","69.42","101.04","0.68","313","50.12","2","0","0","1","138"
"30/7/2026, 23.39.33","E32_WS (Sector A)","28.71","69.46","101.04","0.4","302","50.12","2","0","0","1","138"
"30/7/2026, 23.39.38","E32_WS (Sector A)","28.71","69.48","101.04","0.46","321","50.12","2","0","0","1","138"
"30/7/2026, 23.39.43","E32_WS (Sector A)","28.71","69.47","101.04","0.42","329","50.12","2","0","0","1","138"
"30/7/2026, 23.39.48","E32_WS (Sector A)","28.71","69.45","101.04","0.5","336","50.12","2","0","0","1","138"
"30/7/2026, 23.39.53","E32_WS (Sector A)","28.71","69.45","101.04","0.39","327","50.12","2","0","0","1","138"
"30/7/2026, 23.39.58","E32_WS (Sector A)","28.71","69.45","101.03","0.33","342","50.12","2","0","0","1","138"
"30/7/2026, 23.40.03","E32_WS (Sector A)","28.71","69.42","101.03","0.64","343","50.12","2","0","0","1","138"
"30/7/2026, 23.40.08","E32_WS (Sector A)","28.71","69.4","101.04","0.32","340","50.12","2","0","0","1","138"
"30/7/2026, 23.40.13","E32_WS (Sector A)","28.71","69.39","101.04","0.34","326","50.12","2","0","0","1","138"
"30/7/2026, 23.40.18","E32_WS (Sector A)","28.71","69.39","101.04","0.45","344","50.12","2","0","0","1","138"
"30/7/2026, 23.40.23","E32_WS (Sector A)","28.71","69.36","101.04","0.64","349","50.12","2","0","0","1","138"
"30/7/2026, 23.40.28","E32_WS (Sector A)","28.71","69.39","101.04","0.5","329","50.12","2","0","0","1","138"
"30/7/2026, 23.40.33","E32_WS (Sector A)","28.71","69.42","101.04","0.48","311","50.12","2","0","0","1","138"
"30/7/2026, 23.40.38","E32_WS (Sector A)","28.7","69.47","101.04","0.63","348","50.12","2","0","0","1","138"
"30/7/2026, 23.40.43","E32_WS (Sector A)","28.71","69.48","101.04","0.34","330","50.12","2","0","0","1","138"
"30/7/2026, 23.40.48","E32_WS (Sector A)","28.7","69.47","101.04","0.26","349","50.12","2","0","0","1","138"
"30/7/2026, 23.40.53","E32_WS (Sector A)","28.71","69.43","101.04","0.55","349","50.12","2","0","0","1","138"
"30/7/2026, 23.40.58","E32_WS (Sector A)","28.71","69.42","101.04","0.59","351","50.12","2","0","0","1","138"
"30/7/2026, 23.41.03","E32_WS (Sector A)","28.71","69.42","101.04","0.29","345","50.12","2","0","0","1","138"
"30/7/2026, 23.41.08","E32_WS (Sector A)","28.71","69.41","101.04","0.43","324","50.12","2","0","0","1","138"
"30/7/2026, 23.41.13","E32_WS (Sector A)","28.71","69.4","101.04","0.37","11","50.12","2","0","0","1","138"
"30/7/2026, 23.41.18","E32_WS (Sector A)","28.71","69.39","101.04","0.53","338","50.12","2","0","0","1","138"
"30/7/2026, 23.41.23","E32_WS (Sector A)","28.71","69.39","101.04","0.39","317","50.12","2","0","0","1","138"
"30/7/2026, 23.41.28","E32_WS (Sector A)","28.71","69.42","101.04","0.27","317","50.12","2","0","0","1","138"
"30/7/2026, 23.41.33","E32_WS (Sector A)","28.71","69.44","101.04","0.42","316","50.12","2","0","0","1","138"
"30/7/2026, 23.41.38","E32_WS (Sector A)","28.71","69.48","101.04","0.48","304","50.12","2","0","0","1","138"
"30/7/2026, 23.41.43","E32_WS (Sector A)","28.7","69.51","101.04","0.39","320","50.12","2","0","0","1","138"
"30/7/2026, 23.41.48","E32_WS (Sector A)","28.71","69.51","101.04","0.41","307","50.12","2","0","0","1","138"
"30/7/2026, 23.41.53","E32_WS (Sector A)","28.7","69.51","101.04","0.48","311","50.12","2","0","0","1","138"
"30/7/2026, 23.41.58","E32_WS (Sector A)","28.7","69.53","101.04","0.42","336","50.12","2","0","0","1","138"
"30/7/2026, 23.42.03","E32_WS (Sector A)","28.7","69.52","101.04","0.42","344","50.12","2","0","0","1","138"
"30/7/2026, 23.42.08","E32_WS (Sector A)","28.7","69.52","101.04","0.43","329","50.12","2","0","0","1","138"
"30/7/2026, 23.42.13","E32_WS (Sector A)","28.7","69.49","101.03","0.51","342","50.12","2","0","0","1","138"
"30/7/2026, 23.42.18","E32_WS (Sector A)","28.7","69.47","101.04","0.51","346","50.12","2","0","0","1","138"
"30/7/2026, 23.42.23","E32_WS (Sector A)","28.7","69.46","101.04","0.37","335","50.12","2","0","0","1","138"
"30/7/2026, 23.42.28","E32_WS (Sector A)","28.7","69.45","101.04","0.49","308","50.12","2","0","0","1","138"
"30/7/2026, 23.42.33","E32_WS (Sector A)","28.7","69.51","101.04","0.53","304","50.12","2","0","0","1","138"
"30/7/2026, 23.42.38","E32_WS (Sector A)","28.7","69.52","101.04","0.37","327","50.12","2","0","0","1","138"
"30/7/2026, 23.42.43","E32_WS (Sector A)","28.7","69.54","101.04","0.49","347","50.12","2","0","0","1","138"
"30/7/2026, 23.42.48","E32_WS (Sector A)","28.7","69.51","101.04","0.3","28","50.12","2","0","0","1","138"
"30/7/2026, 23.42.53","E32_WS (Sector A)","28.7","69.48","101.04","0.49","344","50.12","2","0","0","1","138"
"30/7/2026, 23.42.58","E32_WS (Sector A)","28.7","69.47","101.04","0.39","349","50.12","2","0","0","1","138"
"30/7/2026, 23.43.03","E32_WS (Sector A)","28.7","69.47","101.04","0.54","4","50.12","2","0","0","1","138"
"30/7/2026, 23.43.08","E32_WS (Sector A)","28.7","69.45","101.04","0.23","326","50.12","2","0","0","1","138"
"30/7/2026, 23.43.13","E32_WS (Sector A)","28.69","69.45","101.03","0.46","305","50.12","2","0","0","1","138"
"30/7/2026, 23.43.18","E32_WS (Sector A)","28.7","69.42","101.04","0.34","319","50.12","2","0","0","1","138"
"30/7/2026, 23.43.23","E32_WS (Sector A)","28.7","69.41","101.04","0.32","332","50.12","2","0","0","1","138"
"30/7/2026, 23.43.28","E32_WS (Sector A)","28.7","69.4","101.04","0.47","324","50.12","2","0","0","1","138"
"30/7/2026, 23.43.33","E32_WS (Sector A)","28.69","69.38","101.03","0.47","345","50.12","2","0","0","1","138"
"30/7/2026, 23.43.38","E32_WS (Sector A)","28.69","69.38","101.03","0.57","336","50.12","2","0","0","1","138"
"30/7/2026, 23.43.43","E32_WS (Sector A)","28.7","69.39","101.04","0.71","339","50.12","2","0","0","1","138"
"30/7/2026, 23.43.48","E32_WS (Sector A)","28.7","69.41","101.04","0.63","357","50.12","2","0","0","1","138"
"30/7/2026, 23.43.53","E32_WS (Sector A)","28.7","69.4","101.03","0.5","334","50.12","2","0","0","1","138"
"30/7/2026, 23.43.58","E32_WS (Sector A)","28.69","69.38","101.03","0.59","334","50.12","2","0","0","1","138"
"30/7/2026, 23.44.03","E32_WS (Sector A)","28.7","69.37","101.03","0.3","347","50.12","2","0","0","1","138"
"30/7/2026, 23.44.08","E32_WS (Sector A)","28.69","69.36","101.03","0.33","329","50.12","2","0","0","1","138"
"30/7/2026, 23.44.13","E32_WS (Sector A)","28.69","69.3","101.04","0.42","332","50.12","2","0","0","1","138"
"30/7/2026, 23.44.18","E32_WS (Sector A)","28.69","69.27","101.03","0.4","312","50.12","2","0","0","1","138"
"30/7/2026, 23.44.23","E32_WS (Sector A)","28.69","69.24","101.03","0.49","306","50.12","2","0","0","1","138"
"30/7/2026, 23.44.28","E32_WS (Sector A)","28.69","69.16","101.03","0.48","311","50.12","2","0","0","1","138"
"30/7/2026, 23.44.33","E32_WS (Sector A)","28.69","69.16","101.03","0.49","313","50.12","2","0","0","1","138"
"30/7/2026, 23.44.38","E32_WS (Sector A)","28.69","69.21","101.03","0.54","313","50.12","2","0","0","1","138"
"30/7/2026, 23.44.43","E32_WS (Sector A)","28.68","69.26","101.03","0.54","321","50.12","2","0","0","1","138"
"30/7/2026, 23.44.48","E32_WS (Sector A)","28.68","69.3","101.03","0.51","325","50.12","2","0","0","1","138"
"30/7/2026, 23.44.53","E32_WS (Sector A)","28.69","69.36","101.03","0.38","7","50.12","2","0","0","1","138"
"30/7/2026, 23.44.58","E32_WS (Sector A)","28.68","69.34","101.03","0.62","329","50.12","2","0","0","1","138"
"30/7/2026, 23.45.03","E32_WS (Sector A)","28.68","69.37","101.03","0.57","336","50.12","2","0","0","1","138"
"30/7/2026, 23.45.08","E32_WS (Sector A)","28.69","69.37","101.03","0.64","351","50.12","2","0","0","1","138"
"30/7/2026, 23.45.13","E32_WS (Sector A)","28.69","69.32","101.03","0.45","345","50.12","2","0","0","1","138"
"30/7/2026, 23.45.18","E32_WS (Sector A)","28.69","69.32","101.03","0.34","333","50.12","2","0","0","1","138"
"30/7/2026, 23.45.23","E32_WS (Sector A)","28.69","69.33","101.03","0.4","315","50.12","2","0","0","1","138"
"30/7/2026, 23.45.28","E32_WS (Sector A)","28.69","69.39","101.03","0.48","310","50.12","2","0","0","1","138"
"30/7/2026, 23.45.33","E32_WS (Sector A)","28.69","69.43","101.04","0.53","316","50.12","2","0","0","1","138"
"30/7/2026, 23.45.38","E32_WS (Sector A)","28.69","69.49","101.03","0.41","321","50.12","2","0","0","1","138"
"30/7/2026, 23.45.43","E32_WS (Sector A)","28.68","69.49","101.03","0.51","321","50.12","2","0","0","1","138"
"30/7/2026, 23.45.48","E32_WS (Sector A)","28.68","69.53","101.04","0.42","326","50.12","2","0","0","1","138"
"30/7/2026, 23.45.53","E32_WS (Sector A)","28.68","69.5","101.04","0.57","348","50.12","2","0","0","1","138"
"30/7/2026, 23.45.58","E32_WS (Sector A)","28.69","69.47","101.04","0.57","323","50.12","2","0","0","1","138"
"30/7/2026, 23.46.03","E32_WS (Sector A)","28.68","69.52","101.03","0.45","331","50.12","2","0","0","1","138"
"30/7/2026, 23.46.08","E32_WS (Sector A)","28.68","69.5","101.03","0.43","347","50.12","2","0","0","1","138"
"30/7/2026, 23.46.13","E32_WS (Sector A)","28.69","69.48","101.03","0.38","357","50.12","2","0","0","1","138"
"30/7/2026, 23.46.18","E32_WS (Sector A)","28.69","69.41","101.03","0.46","347","50.12","2","0","0","1","138"
"30/7/2026, 23.46.23","E32_WS (Sector A)","28.69","69.41","101.03","0.43","332","50.12","2","0","0","1","138"
"30/7/2026, 23.46.28","E32_WS (Sector A)","28.69","69.4","101.03","0.42","328","50.12","2","0","0","1","138"
"30/7/2026, 23.46.33","E32_WS (Sector A)","28.69","69.43","101.03","0.46","325","50.12","2","0","0","1","138"
"30/7/2026, 23.46.38","E32_WS (Sector A)","28.69","69.42","101.03","0.44","338","50.12","2","0","0","1","138"
"30/7/2026, 23.46.43","E32_WS (Sector A)","28.69","69.42","101.03","0.38","340","50.12","2","0","0","1","138"
"30/7/2026, 23.46.48","E32_WS (Sector A)","28.69","69.38","101.03","0.38","333","50.12","2","0","0","1","138"
"30/7/2026, 23.46.53","E32_WS (Sector A)","28.69","69.42","101.03","0.45","308","50.12","2","0","0","1","138"
"30/7/2026, 23.46.58","E32_WS (Sector A)","28.69","69.49","101.03","0.41","328","50.12","2","0","0","1","138"
"30/7/2026, 23.47.03","E32_WS (Sector A)","28.69","69.49","101.03","0.55","330","50.12","2","0","0","1","138"
"30/7/2026, 23.47.08","E32_WS (Sector A)","28.69","69.47","101.03","0.59","340","50.12","2","0","0","1","138"
"30/7/2026, 23.47.13","E32_WS (Sector A)","28.69","69.43","101.03","0.34","338","50.12","2","0","0","1","138"
"30/7/2026, 23.47.18","E32_WS (Sector A)","28.69","69.42","101.03","0.77","343","50.12","2","0","0","1","138"
"30/7/2026, 23.47.23","E32_WS (Sector A)","28.69","69.38","101.03","0.47","320","50.12","2","0","0","1","138"
"30/7/2026, 23.47.28","E32_WS (Sector A)","28.69","69.46","101.03","0.42","298","50.12","2","0","0","1","138"
"30/7/2026, 23.47.33","E32_WS (Sector A)","28.69","69.53","101.03","0.45","335","50.12","2","0","0","1","138"
"30/7/2026, 23.47.38","E32_WS (Sector A)","28.7","69.53","101.03","0.63","321","50.12","2","0","0","1","138"
"30/7/2026, 23.47.43","E32_WS (Sector A)","28.69","69.54","101.03","0.54","328","50.12","2","0","0","1","138"
"30/7/2026, 23.47.48","E32_WS (Sector A)","28.69","69.56","101.03","0.35","332","50.12","2","0","0","1","138"
"30/7/2026, 23.47.53","E32_WS (Sector A)","28.69","69.54","101.03","0.32","17","50.12","2","0","0","1","138"
"30/7/2026, 23.47.58","E32_WS (Sector A)","28.7","69.51","101.03","0.25","19","50.12","2","0","0","1","138"
"30/7/2026, 23.48.03","E32_WS (Sector A)","28.69","69.53","101.03","0.41","319","50.12","2","0","0","1","138"
"30/7/2026, 23.48.08","E32_WS (Sector A)","28.69","69.54","101.03","0.28","341","50.12","2","0","0","1","138"
"30/7/2026, 23.48.13","E32_WS (Sector A)","28.69","69.54","101.03","0.41","355","50.12","2","0","0","1","138"
"30/7/2026, 23.48.18","E32_WS (Sector A)","28.69","69.49","101.03","0.7","3","50.12","2","0","0","1","138"
"30/7/2026, 23.48.23","E32_WS (Sector A)","28.7","69.46","101.03","0.37","351","50.12","2","0","0","1","138"
"30/7/2026, 23.48.28","E32_WS (Sector A)","28.7","69.46","101.03","0.5","356","50.12","2","0","0","1","138"
"30/7/2026, 23.48.33","E32_WS (Sector A)","28.7","69.46","101.03","0.73","335","50.12","2","0","0","1","138"
"30/7/2026, 23.48.38","E32_WS (Sector A)","28.7","69.48","101.03","0.67","328","50.12","2","0","0","1","138"
"30/7/2026, 23.48.43","E32_WS (Sector A)","28.7","69.53","101.03","0.55","341","50.12","2","0","0","1","138"
"30/7/2026, 23.48.48","E32_WS (Sector A)","28.7","69.53","101.03","0.6","327","50.12","2","0","0","1","138"
"30/7/2026, 23.48.53","E32_WS (Sector A)","28.7","69.55","101.03","0.42","321","50.12","2","0","0","1","138"
"30/7/2026, 23.48.58","E32_WS (Sector A)","28.7","69.57","101.03","0.41","322","50.12","2","0","0","1","138"
"30/7/2026, 23.49.03","E32_WS (Sector A)","28.69","69.57","101.03","0.43","332","50.12","2","0","0","1","138"
"30/7/2026, 23.49.08","E32_WS (Sector A)","28.7","69.54","101.03","0.24","302","50.12","2","0","0","1","138"
"30/7/2026, 23.49.13","E32_WS (Sector A)","28.7","69.55","101.03","0.07","311","50.12","2","0","0","1","138"
"30/7/2026, 23.49.18","E32_WS (Sector A)","28.7","69.52","101.03","0.57","346","50.12","2","0","0","1","138"
"30/7/2026, 23.49.23","E32_WS (Sector A)","28.7","69.52","101.03","0.36","313","50.12","2","0","0","1","138"
"30/7/2026, 23.49.28","E32_WS (Sector A)","28.7","69.54","101.03","0.57","298","50.12","2","0","0","1","138"
"30/7/2026, 23.49.33","E32_WS (Sector A)","28.69","69.61","101.03","0.45","308","50.12","2","0","0","1","138"
"30/7/2026, 23.49.38","E32_WS (Sector A)","28.7","69.63","101.03","0.45","2","50.12","2","0","0","1","138"
"30/7/2026, 23.49.43","E32_WS (Sector A)","28.69","69.64","101.03","0.72","302","50.12","2","0","0","1","138"
"30/7/2026, 23.49.48","E32_WS (Sector A)","28.69","69.66","101.03","0.45","314","50.12","2","0","0","1","138"
"30/7/2026, 23.49.53","E32_WS (Sector A)","28.69","69.65","101.03","0.57","321","50.12","2","0","0","1","138"
"30/7/2026, 23.49.58","E32_WS (Sector A)","28.69","69.66","101.03","0.32","330","50.12","2","0","0","1","138"
"30/7/2026, 23.50.03","E32_WS (Sector A)","28.69","69.66","101.03","0.46","334","50.12","2","0","0","1","138"
"30/7/2026, 23.50.08","E32_WS (Sector A)","28.69","69.61","101.03","0.5","15","50.12","2","0","0","1","138"
"30/7/2026, 23.50.13","E32_WS (Sector A)","28.69","69.57","101.03","0.39","320","50.12","2","0","0","1","138"
"30/7/2026, 23.50.18","E32_WS (Sector A)","28.69","69.61","101.03","0.41","335","50.12","2","0","0","1","138"
"30/7/2026, 23.50.23","E32_WS (Sector A)","28.69","69.6","101.03","0.54","339","50.12","2","0","0","1","138"
"30/7/2026, 23.50.28","E32_WS (Sector A)","28.69","69.57","101.03","0.63","325","50.12","2","0","0","1","138"
"30/7/2026, 23.50.33","E32_WS (Sector A)","28.69","69.63","101.03","0.47","326","50.12","2","0","0","1","138"
"30/7/2026, 23.50.38","E32_WS (Sector A)","28.69","69.64","101.03","0.62","337","50.12","2","0","0","1","138"
"30/7/2026, 23.50.43","E32_WS (Sector A)","28.69","69.65","101.03","0.6","328","50.12","2","0","0","1","138"
"30/7/2026, 23.50.48","E32_WS (Sector A)","28.69","69.64","101.03","0.51","358","50.12","2","0","0","1","138"
"30/7/2026, 23.50.53","E32_WS (Sector A)","28.69","69.63","101.03","0.54","336","50.12","2","0","0","1","138"
"30/7/2026, 23.50.58","E32_WS (Sector A)","28.69","69.66","101.03","0.47","323","50.12","2","0","0","1","138"
"30/7/2026, 23.51.03","E32_WS (Sector A)","28.69","69.68","101.03","0.63","337","50.12","2","0","0","1","138"
"30/7/2026, 23.51.08","E32_WS (Sector A)","28.69","69.65","101.02","0.59","319","50.12","2","0","0","1","138"
"30/7/2026, 23.51.13","E32_WS (Sector A)","28.69","69.68","101.02","0.38","333","50.12","2","0","0","1","138"
"30/7/2026, 23.51.18","E32_WS (Sector A)","28.69","69.69","101.03","0.46","334","50.12","2","0","0","1","138"
"30/7/2026, 23.51.23","E32_WS (Sector A)","28.69","69.67","101.02","0.49","327","50.12","2","0","0","1","138"
"30/7/2026, 23.51.28","E32_WS (Sector A)","28.69","69.68","101.03","0.46","305","50.12","2","0","0","1","138"
"30/7/2026, 23.51.33","E32_WS (Sector A)","28.69","69.7","101.02","0.49","326","50.12","2","0","0","1","138"
"30/7/2026, 23.51.38","E32_WS (Sector A)","28.69","69.71","101.03","0.44","314","50.12","2","0","0","1","138"
"30/7/2026, 23.51.43","E32_WS (Sector A)","28.69","69.73","101.02","0.43","358","50.12","2","0","0","1","138"
"30/7/2026, 23.51.48","E32_WS (Sector A)","28.69","69.69","101.02","0.41","322","50.12","2","0","0","1","138"
"30/7/2026, 23.51.53","E32_WS (Sector A)","28.68","69.69","101.02","0.29","285","50.12","2","0","0","1","138"
"30/7/2026, 23.51.58","E32_WS (Sector A)","28.68","69.69","101.02","0.31","357","50.12","2","0","0","1","138"
"30/7/2026, 23.52.03","E32_WS (Sector A)","28.68","69.66","101.02","0.6","347","50.12","2","0","0","1","138"
"30/7/2026, 23.52.08","E32_WS (Sector A)","28.68","69.63","101.02","0.24","341","50.12","2","0","0","1","138"
"30/7/2026, 23.52.13","E32_WS (Sector A)","28.69","69.6","101.02","0.34","313","50.12","2","0","0","1","138"
"30/7/2026, 23.52.18","E32_WS (Sector A)","28.68","69.68","101.02","0.42","304","50.12","2","0","0","1","138"
"30/7/2026, 23.52.23","E32_WS (Sector A)","28.68","69.72","101.02","0.49","309","50.12","2","0","0","1","138"
"30/7/2026, 23.52.28","E32_WS (Sector A)","28.68","69.75","101.02","0.5","305","50.12","2","0","0","1","138"
"30/7/2026, 23.52.33","E32_WS (Sector A)","28.68","69.77","101.02","0.38","324","50.12","2","0","0","1","138"
"30/7/2026, 23.52.38","E32_WS (Sector A)","28.68","69.77","101.03","0.4","343","50.12","2","0","0","1","138"
"30/7/2026, 23.52.43","E32_WS (Sector A)","28.68","69.73","101.02","0.48","330","50.12","2","0","0","1","138"
"30/7/2026, 23.52.48","E32_WS (Sector A)","28.68","69.73","101.02","0.51","350","50.12","2","0","0","1","138"
"30/7/2026, 23.52.53","E32_WS (Sector A)","28.68","69.69","101.02","0.54","339","50.12","2","0","0","1","138"
"30/7/2026, 23.52.58","E32_WS (Sector A)","28.68","69.63","101.02","0.39","345","50.12","2","0","0","1","138"
"30/7/2026, 23.53.03","E32_WS (Sector A)","28.68","69.61","101.02","0.37","335","50.12","2","0","0","1","138"
"30/7/2026, 23.53.08","E32_WS (Sector A)","28.68","69.57","101.02","0.51","338","50.12","2","0","0","1","138"
"30/7/2026, 23.53.13","E32_WS (Sector A)","28.68","69.55","101.02","0.44","353","50.12","2","0","0","1","138"
"30/7/2026, 23.53.18","E32_WS (Sector A)","28.69","69.55","101.02","0.34","333","50.12","2","0","0","1","138"
"30/7/2026, 23.53.23","E32_WS (Sector A)","28.69","69.55","101.02","0.42","335","50.12","2","0","0","1","138"
"30/7/2026, 23.53.28","E32_WS (Sector A)","28.68","69.55","101.02","0.39","333","50.12","2","0","0","1","138"
"30/7/2026, 23.53.33","E32_WS (Sector A)","28.68","69.57","101.02","0.51","302","50.12","2","0","0","1","138"
"30/7/2026, 23.53.38","E32_WS (Sector A)","28.69","69.66","101.02","0.5","321","50.12","2","0","0","1","138"
"30/7/2026, 23.53.43","E32_WS (Sector A)","28.68","69.68","101.02","0.58","320","50.12","2","0","0","1","138"
"30/7/2026, 23.53.48","E32_WS (Sector A)","28.68","69.69","101.02","0.27","320","50.12","2","0","0","1","138"
"30/7/2026, 23.53.53","E32_WS (Sector A)","28.68","69.69","101.02","0.47","327","50.12","2","0","0","1","138"
"30/7/2026, 23.53.58","E32_WS (Sector A)","28.68","69.69","101.02","0.65","337","50.12","2","0","0","1","138"
"30/7/2026, 23.54.03","E32_WS (Sector A)","28.68","69.67","101.02","0.45","314","50.12","2","0","0","1","138"
"30/7/2026, 23.54.08","E32_WS (Sector A)","28.68","69.72","101.02","0.32","324","50.12","2","0","0","1","138"
"30/7/2026, 23.54.13","E32_WS (Sector A)","28.68","69.69","101.02","0.58","331","50.12","2","0","0","1","138"
"30/7/2026, 23.54.18","E32_WS (Sector A)","28.68","69.7","101.02","0.46","321","50.12","2","0","0","1","138"
"30/7/2026, 23.54.23","E32_WS (Sector A)","28.68","69.7","101.02","0.33","335","50.12","2","0","0","1","138"
"30/7/2026, 23.54.28","E32_WS (Sector A)","28.68","69.65","101.02","0.56","353","50.12","2","0","0","1","138"
"30/7/2026, 23.54.33","E32_WS (Sector A)","28.68","69.65","101.02","0.44","301","50.12","2","0","0","1","138"
"30/7/2026, 23.54.38","E32_WS (Sector A)","28.68","69.72","101.02","0.48","330","50.12","2","0","0","1","138"
"30/7/2026, 23.54.43","E32_WS (Sector A)","28.68","69.72","101.02","0.49","350","50.12","2","0","0","1","138"
"30/7/2026, 23.54.48","E32_WS (Sector A)","28.68","69.68","101.02","0.42","355","50.12","2","0","0","1","138"
"30/7/2026, 23.54.53","E32_WS (Sector A)","28.68","69.66","101.02","0.49","334","50.12","2","0","0","1","138"
"30/7/2026, 23.54.58","E32_WS (Sector A)","28.69","69.67","101.02","0.36","353","50.12","2","0","0","1","138"
"30/7/2026, 23.55.03","E32_WS (Sector A)","28.69","69.63","101.02","0.21","10","50.12","2","0","0","1","138"
"30/7/2026, 23.55.08","E32_WS (Sector A)","28.69","69.62","101.02","0.39","7","50.12","2","0","0","1","138"
"30/7/2026, 23.55.13","E32_WS (Sector A)","28.69","69.64","101.02","0.3","7","50.12","2","0","0","1","138"
"30/7/2026, 23.55.18","E32_WS (Sector A)","28.69","69.66","101.02","0.55","309","50.12","2","0","0","1","138"
"30/7/2026, 23.55.23","E32_WS (Sector A)","28.68","69.72","101.02","0.54","305","50.12","2","0","0","1","138"
"30/7/2026, 23.55.28","E32_WS (Sector A)","28.68","69.77","101.02","0.38","319","50.12","2","0","0","1","138"
"30/7/2026, 23.55.33","E32_WS (Sector A)","28.68","69.77","101.02","0.45","329","50.12","2","0","0","1","138"
"30/7/2026, 23.55.38","E32_WS (Sector A)","28.68","69.75","101.02","0.57","341","50.12","2","0","0","1","138"
"30/7/2026, 23.55.43","E32_WS (Sector A)","28.68","69.7","101.02","0.46","9","50.12","2","0","0","1","138"
"30/7/2026, 23.55.48","E32_WS (Sector A)","28.68","69.68","101.02","0.42","316","50.12","2","0","0","1","138"
"30/7/2026, 23.55.53","E32_WS (Sector A)","28.68","69.76","101.02","0.34","345","50.12","2","0","0","1","138"
"30/7/2026, 23.55.58","E32_WS (Sector A)","28.68","69.74","101.02","0.51","342","50.12","2","0","0","1","138"
"30/7/2026, 23.56.03","E32_WS (Sector A)","28.68","69.7","101.02","0.48","7","50.12","2","0","0","1","138"
"30/7/2026, 23.56.08","E32_WS (Sector A)","28.68","69.69","101.02","0.45","340","50.12","2","0","0","1","138"
"30/7/2026, 23.56.13","E32_WS (Sector A)","28.68","69.72","101.02","0.56","304","50.12","2","0","0","1","138"
"30/7/2026, 23.56.18","E32_WS (Sector A)","28.68","69.78","101.02","0.55","325","50.12","2","0","0","1","138"
"30/7/2026, 23.56.23","E32_WS (Sector A)","28.68","69.77","101.02","0.55","329","50.12","2","0","0","1","138"
"30/7/2026, 23.56.28","E32_WS (Sector A)","28.68","69.79","101.02","0.47","345","50.12","2","0","0","1","138"
"30/7/2026, 23.56.33","E32_WS (Sector A)","28.68","69.79","101.02","0.5","302","50.12","2","0","0","1","138"
"30/7/2026, 23.56.38","E32_WS (Sector A)","28.67","69.82","101.02","0.62","323","50.12","2","0","0","1","138"
"30/7/2026, 23.56.43","E32_WS (Sector A)","28.67","69.84","101.02","0.74","320","50.12","2","0","0","1","138"
"30/7/2026, 23.56.48","E32_WS (Sector A)","28.67","69.84","101.03","0.6","344","50.12","2","0","0","1","138"
"30/7/2026, 23.56.53","E32_WS (Sector A)","28.67","69.82","101.02","0.45","320","50.12","2","0","0","1","138"
"30/7/2026, 23.56.58","E32_WS (Sector A)","28.67","69.84","101.03","0.53","314","50.12","2","0","0","1","138"
"30/7/2026, 23.57.03","E32_WS (Sector A)","28.67","69.86","101.02","0.54","325","50.12","2","0","0","1","138"
"30/7/2026, 23.57.08","E32_WS (Sector A)","28.67","69.88","101.02","0.48","318","50.12","2","0","0","1","138"
"30/7/2026, 23.57.13","E32_WS (Sector A)","28.67","69.88","101.02","0.53","297","50.12","2","0","0","1","138"
"30/7/2026, 23.57.18","E32_WS (Sector A)","28.67","69.91","101.03","0.51","309","50.12","2","0","0","1","138"
"30/7/2026, 23.57.23","E32_WS (Sector A)","28.67","69.93","101.02","0.53","290","50.12","2","0","0","1","138"
"30/7/2026, 23.57.28","E32_WS (Sector A)","28.67","69.93","101.02","0.41","327","50.12","2","0","0","1","138"
"30/7/2026, 23.57.33","E32_WS (Sector A)","28.67","69.93","101.03","0.49","318","50.12","2","0","0","1","138"
"30/7/2026, 23.57.38","E32_WS (Sector A)","28.67","69.92","101.03","0.35","325","50.12","2","0","0","1","138"
"30/7/2026, 23.57.43","E32_WS (Sector A)","28.67","69.94","101.03","0.41","316","50.12","2","0","0","1","138"
"30/7/2026, 23.57.48","E32_WS (Sector A)","28.66","69.94","101.03","0.37","352","50.12","2","0","0","1","138"
"30/7/2026, 23.57.53","E32_WS (Sector A)","28.67","69.91","101.03","0.39","349","50.12","2","0","0","1","138"
"30/7/2026, 23.57.58","E32_WS (Sector A)","28.67","69.87","101.03","0.55","337","50.12","2","0","0","1","138"
"30/7/2026, 23.58.03","E32_WS (Sector A)","28.67","69.84","101.03","0.59","337","50.12","2","0","0","1","138"
"30/7/2026, 23.58.08","E32_WS (Sector A)","28.67","69.81","101.03","0.4","323","50.12","2","0","0","1","138"
"30/7/2026, 23.58.13","E32_WS (Sector A)","28.67","69.82","101.03","0.23","338","50.12","2","0","0","1","138"
"30/7/2026, 23.58.18","E32_WS (Sector A)","28.67","69.83","101.03","0.4","334","50.12","2","0","0","1","138"
"30/7/2026, 23.58.23","E32_WS (Sector A)","28.67","69.81","101.03","0.55","345","50.12","2","0","0","1","138"
"30/7/2026, 23.58.28","E32_WS (Sector A)","28.66","69.82","101.03","0.55","296","50.12","2","0","0","1","138"
"30/7/2026, 23.58.33","E32_WS (Sector A)","28.67","69.87","101.03","0.46","310","50.12","2","0","0","1","138"
"30/7/2026, 23.58.38","E32_WS (Sector A)","28.66","69.91","101.03","0.47","316","50.12","2","0","0","1","138"
"30/7/2026, 23.58.43","E32_WS (Sector A)","28.66","69.91","101.03","0.67","340","50.12","2","0","0","1","138"
"30/7/2026, 23.58.48","E32_WS (Sector A)","28.67","69.9","101.03","0.42","337","50.12","2","0","0","1","138"
"30/7/2026, 23.58.53","E32_WS (Sector A)","28.67","69.9","101.03","0.46","327","50.12","2","0","0","1","138"
"30/7/2026, 23.58.58","E32_WS (Sector A)","28.66","69.91","101.03","0.35","312","50.12","2","0","0","1","138"
"30/7/2026, 23.59.03","E32_WS (Sector A)","28.66","69.92","101.03","0.4","308","50.12","2","0","0","1","138"
"30/7/2026, 23.59.08","E32_WS (Sector A)","28.66","69.95","101.03","0.15","344","50.12","2","0","0","1","138"
"30/7/2026, 23.59.13","E32_WS (Sector A)","28.67","69.9","101.03","0.42","352","50.12","2","0","0","1","138"
"30/7/2026, 23.59.18","E32_WS (Sector A)","28.66","69.88","101.03","0.35","332","50.12","2","0","0","1","138"
"30/7/2026, 23.59.23","E32_WS (Sector A)","28.66","69.89","101.03","0.38","324","50.12","2","0","0","1","138"
"30/7/2026, 23.59.28","E32_WS (Sector A)","28.67","69.91","101.03","0.53","352","50.12","2","0","0","1","138"
"30/7/2026, 23.59.33","E32_WS (Sector A)","28.67","69.87","101.03","0.48","350","50.12","2","0","0","1","138"
"30/7/2026, 23.59.38","E32_WS (Sector A)","28.67","69.87","101.03","0.49","326","50.12","2","0","0","1","138"
"30/7/2026, 23.59.43","E32_WS (Sector A)","28.67","69.9","101.03","0.49","311","50.12","2","0","0","1","138"
"30/7/2026, 23.59.48","E32_WS (Sector A)","28.67","69.94","101.03","0.48","314","50.12","2","0","0","1","138"
"30/7/2026, 23.59.53","E32_WS (Sector A)","28.67","69.95","101.03","0.44","320","50.12","2","0","0","1","138"
"30/7/2026, 23.59.58","E32_WS (Sector A)","28.67","69.97","101.03","0.45","329","50.12","2","0","0","1","138"
"31/7/2026, 00.00.03","E32_WS (Sector A)","28.67","69.95","101.03","0.45","316","50.12","2","0","0","1","138"
"31/7/2026, 00.00.08","E32_WS (Sector A)","28.66","69.94","101.03","0.4","313","50.12","2","0","0","1","138"
"31/7/2026, 00.00.13","E32_WS (Sector A)","28.66","69.96","101.03","0.41","318","50.12","2","0","0","1","138"
"31/7/2026, 00.00.18","E32_WS (Sector A)","28.66","69.94","101.03","0.65","331","50.12","2","0","0","1","138"
"31/7/2026, 00.00.23","E32_WS (Sector A)","28.66","69.93","101.03","0.47","307","50.12","2","0","0","1","138"
"31/7/2026, 00.00.28","E32_WS (Sector A)","28.66","69.96","101.03","0.25","336","50.12","2","0","0","1","138"
"31/7/2026, 00.00.33","E32_WS (Sector A)","28.66","69.94","101.03","0.6","354","50.12","2","0","0","1","138"
"31/7/2026, 00.00.38","E32_WS (Sector A)","28.66","69.92","101.03","0.2","323","50.12","2","0","0","1","138"
"31/7/2026, 00.00.43","E32_WS (Sector A)","28.66","69.9","101.03","0.16","342","50.12","2","0","0","1","138"
"31/7/2026, 00.00.48","E32_WS (Sector A)","28.66","69.9","101.03","0.53","339","50.12","2","0","0","1","138"
"31/7/2026, 00.00.53","E32_WS (Sector A)","28.66","69.93","101.03","0.48","319","50.12","2","0","0","1","138"
"31/7/2026, 00.00.58","E32_WS (Sector A)","28.66","69.91","101.03","0.62","351","50.12","2","0","0","1","138"
"31/7/2026, 00.01.03","E32_WS (Sector A)","28.66","69.87","101.03","0.31","356","50.12","2","0","0","1","138"
"31/7/2026, 00.01.08","E32_WS (Sector A)","28.66","69.88","101.03","0.14","314","50.12","2","0","0","1","138"
"31/7/2026, 00.01.13","E32_WS (Sector A)","28.66","69.9","101.03","0.61","321","50.12","2","0","0","1","138"
"31/7/2026, 00.01.18","E32_WS (Sector A)","28.66","69.94","101.03","0.64","339","50.12","2","0","0","1","138"
"31/7/2026, 00.01.23","E32_WS (Sector A)","28.66","69.95","101.03","0.77","312","50.12","2","0","0","1","138"
"31/7/2026, 00.01.28","E32_WS (Sector A)","28.66","70","101.03","0.57","313","50.12","2","0","0","1","138"
"31/7/2026, 00.01.33","E32_WS (Sector A)","28.66","70.02","101.03","0.49","347","50.12","2","0","0","1","138"
"31/7/2026, 00.01.38","E32_WS (Sector A)","28.66","69.99","101.03","0.85","340","50.12","2","0","0","1","138"
"31/7/2026, 00.01.43","E32_WS (Sector A)","28.66","69.94","101.03","0.71","343","50.12","2","0","0","1","138"
"31/7/2026, 00.01.48","E32_WS (Sector A)","28.66","69.95","101.03","0.6","346","50.12","2","0","0","1","138"
"31/7/2026, 00.01.53","E32_WS (Sector A)","28.66","69.94","101.03","0.55","346","50.12","2","0","0","1","138"
"31/7/2026, 00.01.58","E32_WS (Sector A)","28.66","69.93","101.03","0.49","346","50.12","2","0","0","1","138"
"31/7/2026, 00.02.03","E32_WS (Sector A)","28.66","69.95","101.03","0.65","296","50.12","2","0","0","1","138"
"31/7/2026, 00.02.08","E32_WS (Sector A)","28.66","69.99","101.03","0.62","298","50.12","2","0","0","1","138"
"31/7/2026, 00.02.13","E32_WS (Sector A)","28.66","70.01","101.03","0.51","352","50.12","2","0","0","1","138"
"31/7/2026, 00.02.18","E32_WS (Sector A)","28.66","70.01","101.03","0.33","347","50.12","2","0","0","1","138"
"31/7/2026, 00.02.23","E32_WS (Sector A)","28.66","69.96","101.03","0.4","350","50.12","2","0","0","1","138"
"31/7/2026, 00.02.28","E32_WS (Sector A)","28.66","69.94","101.03","0.55","310","50.12","2","0","0","1","138"
"31/7/2026, 00.02.33","E32_WS (Sector A)","28.66","69.96","101.03","0.68","352","50.12","2","0","0","1","138"
"31/7/2026, 00.02.38","E32_WS (Sector A)","28.66","69.92","101.03","0.54","346","50.12","2","0","0","1","138"
"31/7/2026, 00.02.43","E32_WS (Sector A)","28.66","69.97","101.03","0.41","319","50.12","2","0","0","1","138"
"31/7/2026, 00.02.48","E32_WS (Sector A)","28.65","70.01","101.03","0.47","301","50.12","2","0","0","1","138"
"31/7/2026, 00.02.53","E32_WS (Sector A)","28.65","70.03","101.03","0.51","325","50.12","2","0","0","1","138"
"31/7/2026, 00.02.58","E32_WS (Sector A)","28.65","70.05","101.03","0.32","322","50.12","2","0","0","1","138"
"31/7/2026, 00.03.03","E32_WS (Sector A)","28.66","70.03","101.03","0.51","339","50.12","2","0","0","1","138"
"31/7/2026, 00.03.08","E32_WS (Sector A)","28.66","70.02","101.03","0.35","338","50.12","2","0","0","1","138"
"31/7/2026, 00.03.13","E32_WS (Sector A)","28.66","70.02","101.03","0.34","331","50.12","2","0","0","1","138"
"31/7/2026, 00.03.18","E32_WS (Sector A)","28.65","70","101.03","0.48","342","50.12","2","0","0","1","138"
"31/7/2026, 00.03.23","E32_WS (Sector A)","28.65","69.99","101.03","0.37","340","50.12","2","0","0","1","138"
"31/7/2026, 00.03.28","E32_WS (Sector A)","28.65","69.99","101.02","0.36","299","50.12","2","0","0","1","138"
"31/7/2026, 00.03.33","E32_WS (Sector A)","28.65","70.04","101.03","0.52","310","50.12","2","0","0","1","138"
"31/7/2026, 00.03.38","E32_WS (Sector A)","28.65","70.05","101.03","0.63","349","50.12","2","0","0","1","138"
"31/7/2026, 00.03.43","E32_WS (Sector A)","28.65","70.07","101.03","0.59","307","50.12","2","0","0","1","138"
"31/7/2026, 00.03.48","E32_WS (Sector A)","28.64","70.08","101.03","0.46","300","50.12","2","0","0","1","138"
"31/7/2026, 00.03.53","E32_WS (Sector A)","28.64","70.09","101.03","0.7","292","50.12","2","0","0","1","138"
"31/7/2026, 00.03.58","E32_WS (Sector A)","28.64","70.09","101.03","0.54","289","50.12","2","0","0","1","138"
"31/7/2026, 00.04.03","E32_WS (Sector A)","28.64","70.1","101.03","0.17","285","50.12","2","0","0","1","138"
"31/7/2026, 00.04.08","E32_WS (Sector A)","28.64","70.08","101.03","0.49","329","50.12","2","0","0","1","138"
"31/7/2026, 00.04.13","E32_WS (Sector A)","28.64","70.06","101.03","0.3","330","50.12","2","0","0","1","138"
"31/7/2026, 00.04.18","E32_WS (Sector A)","28.64","70.02","101.03","0.18","4","50.12","2","0","0","1","138"
"31/7/2026, 00.04.23","E32_WS (Sector A)","28.64","70.02","101.03","0.43","338","50.12","2","0","0","1","138"
"31/7/2026, 00.04.28","E32_WS (Sector A)","28.64","70.03","101.02","0.48","314","50.12","2","0","0","1","138"
"31/7/2026, 00.04.33","E32_WS (Sector A)","28.64","70.05","101.03","0.46","327","50.12","2","0","0","1","138"
"31/7/2026, 00.04.38","E32_WS (Sector A)","28.64","70.03","101.03","0.6","346","50.12","2","0","0","1","138"
"31/7/2026, 00.04.43","E32_WS (Sector A)","28.65","70.01","101.03","0.65","4","50.12","2","0","0","1","138"
"31/7/2026, 00.04.48","E32_WS (Sector A)","28.65","69.98","101.03","0.64","347","50.12","2","0","0","1","138"
"31/7/2026, 00.04.53","E32_WS (Sector A)","28.65","70","101.03","0.66","4","50.12","2","0","0","1","138"
"31/7/2026, 00.04.58","E32_WS (Sector A)","28.65","70","101.03","0.78","322","50.12","2","0","0","1","138"
"31/7/2026, 00.05.03","E32_WS (Sector A)","28.64","70.04","101.03","0.57","315","50.12","2","0","0","1","138"
"31/7/2026, 00.05.08","E32_WS (Sector A)","28.64","70.07","101.03","0.61","347","50.12","2","0","0","1","138"
"31/7/2026, 00.05.13","E32_WS (Sector A)","28.64","70.03","101.03","0.68","352","50.12","2","0","0","1","138"
"31/7/2026, 00.05.18","E32_WS (Sector A)","28.65","69.98","101.02","0.63","338","50.12","2","0","0","1","138"
"31/7/2026, 00.05.23","E32_WS (Sector A)","28.64","69.98","101.02","0.52","308","50.12","2","0","0","1","138"
"31/7/2026, 00.05.28","E32_WS (Sector A)","28.65","70.01","101.02","0.72","324","50.12","2","0","0","1","138"
"31/7/2026, 00.05.33","E32_WS (Sector A)","28.64","70.01","101.02","0.91","348","50.12","2","0","0","1","138"
"31/7/2026, 00.05.38","E32_WS (Sector A)","28.65","70.02","101.02","0.88","6","50.12","2","0","0","1","138"
"31/7/2026, 00.05.43","E32_WS (Sector A)","28.65","70.01","101.02","0.62","355","50.12","2","0","0","1","138"
"31/7/2026, 00.05.48","E32_WS (Sector A)","28.65","70.01","101.02","0.62","341","50.12","2","0","0","1","138"
"31/7/2026, 00.05.53","E32_WS (Sector A)","28.65","70.02","101.02","0.37","351","50.12","2","0","0","1","138"
"31/7/2026, 00.05.58","E32_WS (Sector A)","28.65","69.97","101.02","0.6","341","50.12","2","0","0","1","138"
"31/7/2026, 00.06.03","E32_WS (Sector A)","28.65","69.95","101.03","0.5","323","50.12","2","0","0","1","138"
"31/7/2026, 00.06.08","E32_WS (Sector A)","28.65","69.96","101.03","0.35","338","50.12","2","0","0","1","138"
"31/7/2026, 00.06.13","E32_WS (Sector A)","28.65","69.95","101.02","0.38","330","50.12","2","0","0","1","138"
"31/7/2026, 00.06.18","E32_WS (Sector A)","28.65","69.93","101.02","0.41","332","50.12","2","0","0","1","138"
"31/7/2026, 00.06.23","E32_WS (Sector A)","28.65","69.91","101.02","0.26","343","50.12","2","0","0","1","138"
"31/7/2026, 00.06.28","E32_WS (Sector A)","28.65","69.88","101.03","0.3","343","50.12","2","0","0","1","138"
"31/7/2026, 00.06.33","E32_WS (Sector A)","28.65","69.9","101.03","0.46","350","50.12","2","0","0","1","138"
"31/7/2026, 00.06.38","E32_WS (Sector A)","28.65","69.86","101.03","0.51","328","50.12","2","0","0","1","138"
"31/7/2026, 00.06.43","E32_WS (Sector A)","28.65","69.91","101.03","0.62","323","50.12","2","0","0","1","138"
"31/7/2026, 00.06.48","E32_WS (Sector A)","28.66","69.95","101.03","0.57","326","50.12","2","0","0","1","138"
"31/7/2026, 00.06.53","E32_WS (Sector A)","28.66","69.91","101.03","0.27","349","50.12","2","0","0","1","138"
"31/7/2026, 00.06.58","E32_WS (Sector A)","28.65","69.91","101.03","0.48","329","50.12","2","0","0","1","138"
"31/7/2026, 00.07.03","E32_WS (Sector A)","28.65","69.91","101.03","0.4","342","50.12","2","0","0","1","138"
"31/7/2026, 00.07.08","E32_WS (Sector A)","28.65","69.86","101.03","0.55","359","50.12","2","0","0","1","138"
"31/7/2026, 00.07.13","E32_WS (Sector A)","28.65","69.88","101.03","0.61","316","50.12","2","0","0","1","138"
"31/7/2026, 00.07.18","E32_WS (Sector A)","28.65","69.9","101.03","0.74","338","50.12","2","0","0","1","138"
"31/7/2026, 00.07.23","E32_WS (Sector A)","28.65","69.88","101.03","0.54","4","50.12","2","0","0","1","138"
"31/7/2026, 00.07.28","E32_WS (Sector A)","28.65","69.89","101.03","0.44","310","50.12","2","0","0","1","138"
"31/7/2026, 00.07.33","E32_WS (Sector A)","28.65","69.92","101.03","0.4","325","50.12","2","0","0","1","138"
"31/7/2026, 00.07.38","E32_WS (Sector A)","28.65","69.94","101.03","0.45","331","50.12","2","0","0","1","138"
"31/7/2026, 00.07.43","E32_WS (Sector A)","28.65","69.91","101.03","0.44","345","50.12","2","0","0","1","138"
"31/7/2026, 00.07.48","E32_WS (Sector A)","28.65","69.88","101.03","0.39","336","50.12","2","0","0","1","138"
"31/7/2026, 00.07.53","E32_WS (Sector A)","28.65","69.85","101.03","0.43","311","50.12","2","0","0","1","138"
"31/7/2026, 00.07.58","E32_WS (Sector A)","28.65","69.88","101.03","0.57","310","50.12","2","0","0","1","138"
"31/7/2026, 00.08.03","E32_WS (Sector A)","28.65","69.9","101.03","0.56","339","50.12","2","0","0","1","138"
"31/7/2026, 00.08.08","E32_WS (Sector A)","28.65","69.9","101.03","0.51","2","50.12","2","0","0","1","138"
"31/7/2026, 00.08.13","E32_WS (Sector A)","28.65","69.87","101.03","0.47","350","50.12","2","0","0","1","138"
"31/7/2026, 00.08.18","E32_WS (Sector A)","28.66","69.84","101.03","0.22","21","50.12","2","0","0","1","138"
"31/7/2026, 00.08.23","E32_WS (Sector A)","28.65","69.85","101.03","0.55","303","50.12","2","0","0","1","138"
"31/7/2026, 00.08.28","E32_WS (Sector A)","28.66","69.91","101.03","0.48","323","50.12","2","0","0","1","138"
"31/7/2026, 00.08.33","E32_WS (Sector A)","28.66","69.93","101.03","0.43","323","50.12","2","0","0","1","138"
"31/7/2026, 00.08.38","E32_WS (Sector A)","28.65","69.95","101.03","0.51","322","50.12","2","0","0","1","138"
"31/7/2026, 00.08.43","E32_WS (Sector A)","28.65","69.94","101.03","0.46","331","50.12","2","0","0","1","138"
"31/7/2026, 00.08.48","E32_WS (Sector A)","28.65","69.93","101.03","0.34","345","50.12","2","0","0","1","138"
"31/7/2026, 00.08.53","E32_WS (Sector A)","28.66","69.9","101.03","0.46","344","50.12","2","0","0","1","138"
"31/7/2026, 00.08.58","E32_WS (Sector A)","28.66","69.88","101.03","0.43","334","50.12","2","0","0","1","138"
"31/7/2026, 00.09.03","E32_WS (Sector A)","28.66","69.91","101.03","0.51","335","50.12","2","0","0","1","138"
"31/7/2026, 00.09.08","E32_WS (Sector A)","28.66","69.92","101.03","0.35","328","50.12","2","0","0","1","138"
"31/7/2026, 00.09.13","E32_WS (Sector A)","28.66","69.93","101.03","0.43","341","50.12","2","0","0","1","138"
"31/7/2026, 00.09.18","E32_WS (Sector A)","28.66","69.89","101.03","0.41","11","50.12","2","0","0","1","138"
"31/7/2026, 00.09.23","E32_WS (Sector A)","28.66","69.88","101.03","0.45","356","50.12","2","0","0","1","138"
"31/7/2026, 00.09.28","E32_WS (Sector A)","28.66","69.87","101.03","0.41","340","50.12","2","0","0","1","138"
"31/7/2026, 00.09.33","E32_WS (Sector A)","28.66","69.9","101.03","0.45","327","50.12","2","0","0","1","138"
"31/7/2026, 00.09.38","E32_WS (Sector A)","28.66","69.91","101.03","0.39","349","50.12","2","0","0","1","138"
"31/7/2026, 00.09.43","E32_WS (Sector A)","28.66","69.89","101.03","0.65","328","50.12","2","0","0","1","138"
"31/7/2026, 00.09.48","E32_WS (Sector A)","28.66","69.88","101.03","0.68","321","50.12","2","0","0","1","138"
"31/7/2026, 00.09.53","E32_WS (Sector A)","28.66","69.91","101.03","0.52","318","50.12","2","0","0","1","138"
"31/7/2026, 00.09.58","E32_WS (Sector A)","28.66","69.94","101.03","0.26","325","50.12","2","0","0","1","138"
"31/7/2026, 00.10.03","E32_WS (Sector A)","28.66","69.9","101.03","0.41","316","50.12","2","0","0","1","138"
"31/7/2026, 00.10.08","E32_WS (Sector A)","28.66","69.91","101.03","0.45","338","50.12","2","0","0","1","138"
"31/7/2026, 00.10.13","E32_WS (Sector A)","28.66","69.89","101.03","0.56","341","50.12","2","0","0","1","138"
"31/7/2026, 00.10.18","E32_WS (Sector A)","28.66","69.86","101.03","0.5","324","50.12","2","0","0","1","138"
"31/7/2026, 00.10.23","E32_WS (Sector A)","28.65","69.88","101.03","0.48","337","50.12","2","0","0","1","138"
"31/7/2026, 00.10.28","E32_WS (Sector A)","28.66","69.88","101.03","0.27","332","50.12","2","0","0","1","138"
"31/7/2026, 00.10.33","E32_WS (Sector A)","28.66","69.84","101.03","0.46","335","50.12","2","0","0","1","138"
"31/7/2026, 00.10.38","E32_WS (Sector A)","28.66","69.85","101.03","0.46","305","50.12","2","0","0","1","138"
"31/7/2026, 00.10.43","E32_WS (Sector A)","28.66","69.88","101.03","0.47","317","50.12","2","0","0","1","138"
"31/7/2026, 00.10.48","E32_WS (Sector A)","28.66","69.89","101.03","0.59","356","50.12","2","0","0","1","138"
"31/7/2026, 00.10.53","E32_WS (Sector A)","28.66","69.87","101.03","0.37","322","50.12","2","0","0","1","138"
"31/7/2026, 00.10.58","E32_WS (Sector A)","28.66","69.86","101.03","0.34","322","50.12","2","0","0","1","138"
"31/7/2026, 00.11.03","E32_WS (Sector A)","28.66","69.84","101.03","0.2","335","50.12","2","0","0","1","138"
"31/7/2026, 00.11.08","E32_WS (Sector A)","28.66","69.84","101.03","0.33","331","50.12","2","0","0","1","138"
"31/7/2026, 00.11.13","E32_WS (Sector A)","28.66","69.85","101.03","0.35","341","50.12","2","0","0","1","138"
"31/7/2026, 00.11.18","E32_WS (Sector A)","28.66","69.84","101.03","0.39","329","50.12","2","0","0","1","138"
"31/7/2026, 00.11.23","E32_WS (Sector A)","28.66","69.86","101.03","0.44","322","50.12","2","0","0","1","138"
"31/7/2026, 00.11.28","E32_WS (Sector A)","28.66","69.9","101.03","0.41","323","50.12","2","0","0","1","138"
"31/7/2026, 00.11.33","E32_WS (Sector A)","28.66","69.9","101.03","0.57","16","50.12","2","0","0","1","138"
"31/7/2026, 00.11.38","E32_WS (Sector A)","28.67","69.88","101.03","0.36","332","50.12","2","0","0","1","138"
"31/7/2026, 00.11.43","E32_WS (Sector A)","28.66","69.84","101.03","0.35","324","50.12","2","0","0","1","138"
"31/7/2026, 00.11.48","E32_WS (Sector A)","28.66","69.88","101.03","0.39","335","50.12","2","0","0","1","138"
"31/7/2026, 00.11.53","E32_WS (Sector A)","28.67","69.88","101.03","0.51","353","50.12","2","0","0","1","138"
"31/7/2026, 00.11.58","E32_WS (Sector A)","28.66","69.84","101.03","0.5","10","50.12","2","0","0","1","138"
"31/7/2026, 00.12.03","E32_WS (Sector A)","28.66","69.84","101.03","0.32","318","50.12","2","0","0","1","138"
"31/7/2026, 00.12.08","E32_WS (Sector A)","28.66","69.83","101.03","0.36","334","50.12","2","0","0","1","138"
"31/7/2026, 00.12.13","E32_WS (Sector A)","28.66","69.84","101.03","0.52","317","50.12","2","0","0","1","138"
"31/7/2026, 00.12.18","E32_WS (Sector A)","28.66","69.87","101.03","0.57","317","50.12","2","0","0","1","138"
"31/7/2026, 00.12.23","E32_WS (Sector A)","28.66","69.91","101.03","0.5","313","50.12","2","0","0","1","138"
"31/7/2026, 00.12.28","E32_WS (Sector A)","28.66","69.93","101.03","0.33","328","50.12","2","0","0","1","138"
"31/7/2026, 00.12.33","E32_WS (Sector A)","28.66","69.91","101.03","0.42","337","50.12","2","0","0","1","138"
"31/7/2026, 00.12.38","E32_WS (Sector A)","28.66","69.89","101.02","0.5","348","50.12","2","0","0","1","138"
"31/7/2026, 00.12.43","E32_WS (Sector A)","28.66","69.86","101.03","0.34","335","50.12","2","0","0","1","138"
"31/7/2026, 00.12.48","E32_WS (Sector A)","28.66","69.83","101.03","0.41","338","50.12","2","0","0","1","138"
"31/7/2026, 00.12.53","E32_WS (Sector A)","28.66","69.82","101.03","0.44","347","50.12","2","0","0","1","138"
"31/7/2026, 00.12.58","E32_WS (Sector A)","28.66","69.79","101.03","0.56","340","50.12","2","0","0","1","138"
"31/7/2026, 00.13.03","E32_WS (Sector A)","28.66","69.8","101.03","0.5","320","50.12","2","0","0","1","138"
"31/7/2026, 00.13.08","E32_WS (Sector A)","28.66","69.86","101.03","0.46","311","50.12","2","0","0","1","138"
"31/7/2026, 00.13.13","E32_WS (Sector A)","28.66","69.91","101.03","0.45","316","50.12","2","0","0","1","138"
"31/7/2026, 00.13.18","E32_WS (Sector A)","28.66","69.94","101.03","0.39","323","50.12","2","0","0","1","138"
"31/7/2026, 00.13.23","E32_WS (Sector A)","28.66","69.96","101.03","0.34","330","50.12","2","0","0","1","138"
"31/7/2026, 00.13.28","E32_WS (Sector A)","28.66","69.94","101.03","0.42","324","50.12","2","0","0","1","138"
"31/7/2026, 00.13.33","E32_WS (Sector A)","28.66","69.9","101.03","0.4","322","50.12","2","0","0","1","138"
"31/7/2026, 00.13.38","E32_WS (Sector A)","28.66","69.9","101.03","0.51","344","50.12","2","0","0","1","138"
"31/7/2026, 00.13.43","E32_WS (Sector A)","28.66","69.87","101.03","0.32","350","50.12","2","0","0","1","138"
"31/7/2026, 00.13.48","E32_WS (Sector A)","28.66","69.86","101.03","0.44","321","50.12","2","0","0","1","138"
"31/7/2026, 00.13.53","E32_WS (Sector A)","28.66","69.9","101.03","0.41","327","50.12","2","0","0","1","138"
"31/7/2026, 00.13.58","E32_WS (Sector A)","28.66","69.89","101.03","0.48","340","50.12","2","0","0","1","138"
"31/7/2026, 00.14.03","E32_WS (Sector A)","28.66","69.87","101.03","0.39","327","50.12","2","0","0","1","138"
"31/7/2026, 00.14.08","E32_WS (Sector A)","28.66","69.88","101.03","0.53","318","50.12","2","0","0","1","138"
"31/7/2026, 00.14.13","E32_WS (Sector A)","28.65","69.91","101.03","0.54","321","50.12","2","0","0","1","138"
"31/7/2026, 00.14.18","E32_WS (Sector A)","28.65","69.93","101.03","0.49","305","50.12","2","0","0","1","138"
"31/7/2026, 00.14.23","E32_WS (Sector A)","28.65","69.96","101.03","0.47","320","50.12","2","0","0","1","138"
"31/7/2026, 00.14.28","E32_WS (Sector A)","28.65","69.98","101.03","0.57","340","50.12","2","0","0","1","138"
"31/7/2026, 00.14.33","E32_WS (Sector A)","28.65","69.96","101.03","0.48","332","50.12","2","0","0","1","138"
"31/7/2026, 00.14.38","E32_WS (Sector A)","28.65","69.9","101.03","0.49","341","50.12","2","0","0","1","138"
"31/7/2026, 00.14.43","E32_WS (Sector A)","28.65","69.9","101.03","0.49","331","50.12","2","0","0","1","138"
"31/7/2026, 00.14.48","E32_WS (Sector A)","28.65","69.89","101.03","0.56","338","50.12","2","0","0","1","138"
"31/7/2026, 00.14.53","E32_WS (Sector A)","28.65","69.92","101.03","0.4","322","50.12","2","0","0","1","138"
"31/7/2026, 00.14.58","E32_WS (Sector A)","28.65","69.91","101.03","0.42","334","50.12","2","0","0","1","138"
"31/7/2026, 00.15.03","E32_WS (Sector A)","28.65","69.87","101.03","0.38","341","50.12","2","0","0","1","138"
"31/7/2026, 00.15.08","E32_WS (Sector A)","28.65","69.84","101.03","0.44","322","50.12","2","0","0","1","138"
"31/7/2026, 00.15.13","E32_WS (Sector A)","28.65","69.88","101.03","0.51","309","50.12","2","0","0","1","138"
"31/7/2026, 00.15.18","E32_WS (Sector A)","28.65","69.92","101.03","0.5","320","50.12","2","0","0","1","138"
"31/7/2026, 00.15.23","E32_WS (Sector A)","28.65","69.96","101.03","0.45","317","50.12","2","0","0","1","138"
"31/7/2026, 00.15.28","E32_WS (Sector A)","28.65","69.98","101.03","0.49","303","50.12","2","0","0","1","138"
"31/7/2026, 00.15.33","E32_WS (Sector A)","28.64","69.98","101.03","0.49","326","50.12","2","0","0","1","138"
"31/7/2026, 00.15.38","E32_WS (Sector A)","28.65","69.97","101.03","0.5","341","50.12","2","0","0","1","138"
"31/7/2026, 00.15.43","E32_WS (Sector A)","28.65","69.96","101.03","0.49","311","50.12","2","0","0","1","138"
"31/7/2026, 00.15.48","E32_WS (Sector A)","28.65","69.96","101.03","0.56","308","50.12","2","0","0","1","138"
"31/7/2026, 00.15.53","E32_WS (Sector A)","28.64","69.98","101.03","0.33","341","50.12","2","0","0","1","138"
"31/7/2026, 00.15.58","E32_WS (Sector A)","28.65","69.98","101.03","0.48","342","50.12","2","0","0","1","138"
"31/7/2026, 00.16.03","E32_WS (Sector A)","28.65","69.94","101.03","0.65","340","50.12","2","0","0","1","138"
"31/7/2026, 00.16.08","E32_WS (Sector A)","28.64","69.95","101.03","0.44","331","50.12","2","0","0","1","138"
"31/7/2026, 00.16.13","E32_WS (Sector A)","28.64","69.94","101.03","0.32","350","50.12","2","0","0","1","138"
"31/7/2026, 00.16.18","E32_WS (Sector A)","28.64","69.95","101.03","0.2","321","50.12","2","0","0","1","138"
"31/7/2026, 00.16.23","E32_WS (Sector A)","28.65","69.9","101.03","0.26","309","50.12","2","0","0","1","138"
"31/7/2026, 00.16.28","E32_WS (Sector A)","28.64","69.94","101.03","0.67","336","50.12","2","0","0","1","138"
"31/7/2026, 00.16.33","E32_WS (Sector A)","28.64","69.94","101.03","0.49","318","50.12","2","0","0","1","138"
"31/7/2026, 00.16.38","E32_WS (Sector A)","28.64","69.96","101.03","0.48","23","50.12","2","0","0","1","138"
"31/7/2026, 00.16.43","E32_WS (Sector A)","28.64","69.94","101.03","0.72","5","50.12","2","0","0","1","138"
"31/7/2026, 00.16.48","E32_WS (Sector A)","28.65","69.92","101.03","0.4","356","50.12","2","0","0","1","138"
"31/7/2026, 00.16.53","E32_WS (Sector A)","28.64","69.9","101.03","0.47","12","50.12","2","0","0","1","138"
"31/7/2026, 00.16.58","E32_WS (Sector A)","28.64","69.88","101.03","0.16","301","50.12","2","0","0","1","138"
"31/7/2026, 00.17.03","E32_WS (Sector A)","28.64","69.91","101.03","0.59","316","50.12","2","0","0","1","138"
"31/7/2026, 00.17.08","E32_WS (Sector A)","28.64","69.93","101.03","0.59","329","50.12","2","0","0","1","138"
"31/7/2026, 00.17.13","E32_WS (Sector A)","28.64","69.92","101.03","0.54","328","50.12","2","0","0","1","138"
"31/7/2026, 00.17.18","E32_WS (Sector A)","28.64","69.94","101.03","0.61","356","50.12","2","0","0","1","138"
"31/7/2026, 00.17.23","E32_WS (Sector A)","28.64","69.93","101.03","0.62","320","50.12","2","0","0","1","138"
"31/7/2026, 00.17.28","E32_WS (Sector A)","28.64","69.95","101.03","0.51","343","50.12","2","0","0","1","138"
"31/7/2026, 00.17.33","E32_WS (Sector A)","28.64","69.93","101.03","0.61","330","50.12","2","0","0","1","138"
"31/7/2026, 00.17.38","E32_WS (Sector A)","28.65","69.91","101.03","0.61","324","50.12","2","0","0","1","138"
"31/7/2026, 00.17.43","E32_WS (Sector A)","28.64","69.91","101.03","0.35","323","50.12","2","0","0","1","138"
"31/7/2026, 00.17.48","E32_WS (Sector A)","28.64","69.94","101.03","0.42","316","50.12","2","0","0","1","138"
"31/7/2026, 00.17.53","E32_WS (Sector A)","28.64","69.95","101.03","0.33","326","50.12","2","0","0","1","138"
"31/7/2026, 00.17.58","E32_WS (Sector A)","28.64","69.94","101.03","0.36","319","50.12","2","0","0","1","138"
"31/7/2026, 00.18.03","E32_WS (Sector A)","28.64","69.91","101.03","0.36","341","50.12","2","0","0","1","138"
"31/7/2026, 00.18.08","E32_WS (Sector A)","28.64","69.89","101.03","0.36","353","50.12","2","0","0","1","138"
"31/7/2026, 00.18.13","E32_WS (Sector A)","28.65","69.86","101.03","0.35","346","50.12","2","0","0","1","138"
"31/7/2026, 00.18.18","E32_WS (Sector A)","28.65","69.86","101.03","0.37","347","50.12","2","0","0","1","138"
"31/7/2026, 00.18.23","E32_WS (Sector A)","28.65","69.84","101.03","0.5","339","50.12","2","0","0","1","138"
"31/7/2026, 00.18.28","E32_WS (Sector A)","28.64","69.85","101.03","0.37","326","50.12","2","0","0","1","138"
"31/7/2026, 00.18.33","E32_WS (Sector A)","28.64","69.87","101.03","0.48","335","50.12","2","0","0","1","138"
"31/7/2026, 00.18.38","E32_WS (Sector A)","28.64","69.88","101.03","0.51","315","50.12","2","0","0","1","138"
"31/7/2026, 00.18.43","E32_WS (Sector A)","28.64","69.91","101.03","0.56","328","50.12","2","0","0","1","138"
"31/7/2026, 00.18.48","E32_WS (Sector A)","28.64","69.92","101.03","0.66","342","50.12","2","0","0","1","138"
"31/7/2026, 00.18.53","E32_WS (Sector A)","28.64","69.91","101.03","0.36","325","50.12","2","0","0","1","138"
"31/7/2026, 00.18.58","E32_WS (Sector A)","28.64","69.91","101.03","0.47","351","50.12","2","0","0","1","138"
"31/7/2026, 00.19.03","E32_WS (Sector A)","28.64","69.87","101.03","0.18","329","50.12","2","0","0","1","138"
"31/7/2026, 00.19.08","E32_WS (Sector A)","28.64","69.88","101.03","0.64","343","50.12","2","0","0","1","138"
"31/7/2026, 00.19.13","E32_WS (Sector A)","28.64","69.85","101.03","0.71","2","50.12","2","0","0","1","138"
"31/7/2026, 00.19.18","E32_WS (Sector A)","28.64","69.85","101.03","0.72","334","50.12","2","0","0","1","138"
"31/7/2026, 00.19.23","E32_WS (Sector A)","28.64","69.84","101.03","0.69","333","50.12","2","0","0","1","138"
"31/7/2026, 00.19.28","E32_WS (Sector A)","28.64","69.88","101.03","0.62","322","50.12","2","0","0","1","138"
"31/7/2026, 00.19.33","E32_WS (Sector A)","28.65","69.92","101.03","0.49","347","50.12","2","0","0","1","138"
"31/7/2026, 00.19.38","E32_WS (Sector A)","28.65","69.9","101.03","0.58","350","50.12","2","0","0","1","138"
"31/7/2026, 00.19.43","E32_WS (Sector A)","28.65","69.87","101.03","0.59","348","50.12","2","0","0","1","138"
"31/7/2026, 00.19.48","E32_WS (Sector A)","28.65","69.86","101.03","0.43","323","50.12","2","0","0","1","138"
"31/7/2026, 00.19.53","E32_WS (Sector A)","28.65","69.9","101.03","0.29","332","50.12","2","0","0","1","138"
"31/7/2026, 00.19.58","E32_WS (Sector A)","28.65","69.9","101.03","0.43","333","50.12","2","0","0","1","138"
"31/7/2026, 00.20.03","E32_WS (Sector A)","28.65","69.86","101.03","0.48","331","50.12","2","0","0","1","138"
"31/7/2026, 00.20.08","E32_WS (Sector A)","28.65","69.86","101.03","0.61","339","50.12","2","0","0","1","138"
"31/7/2026, 00.20.13","E32_WS (Sector A)","28.65","69.84","101.03","0.72","342","50.12","2","0","0","1","138"
"31/7/2026, 00.20.18","E32_WS (Sector A)","28.65","69.83","101.03","0.7","352","50.12","2","0","0","1","138"
"31/7/2026, 00.20.23","E32_WS (Sector A)","28.65","69.84","101.02","0.34","3","50.12","2","0","0","1","138"
"31/7/2026, 00.20.28","E32_WS (Sector A)","28.65","69.82","101.03","0.38","328","50.12","2","0","0","1","138"
"31/7/2026, 00.20.33","E32_WS (Sector A)","28.65","69.83","101.03","0.43","328","50.12","2","0","0","1","138"
"31/7/2026, 00.20.38","E32_WS (Sector A)","28.66","69.85","101.03","0.51","332","50.12","2","0","0","1","138"
"31/7/2026, 00.20.43","E32_WS (Sector A)","28.65","69.86","101.03","0.43","334","50.12","2","0","0","1","138"
"31/7/2026, 00.20.48","E32_WS (Sector A)","28.65","69.83","101.03","0.45","351","50.12","2","0","0","1","138"
"31/7/2026, 00.20.53","E32_WS (Sector A)","28.65","69.82","101.03","0.48","5","50.12","2","0","0","1","138"
"31/7/2026, 00.20.58","E32_WS (Sector A)","28.65","69.8","101.03","0.42","340","50.12","2","0","0","1","138"
"31/7/2026, 00.21.03","E32_WS (Sector A)","28.65","69.8","101.02","0.33","1","50.12","2","0","0","1","138"
"31/7/2026, 00.21.08","E32_WS (Sector A)","28.65","69.82","101.03","0.32","350","50.12","2","0","0","1","138"
"31/7/2026, 00.21.13","E32_WS (Sector A)","28.65","69.82","101.03","0.49","344","50.12","2","0","0","1","138"
"31/7/2026, 00.21.18","E32_WS (Sector A)","28.65","69.82","101.03","0.39","330","50.12","2","0","0","1","138"
"31/7/2026, 00.21.23","E32_WS (Sector A)","28.65","69.83","101.03","0.52","334","50.12","2","0","0","1","138"
"31/7/2026, 00.21.28","E32_WS (Sector A)","28.65","69.83","101.02","0.48","312","50.12","2","0","0","1","138"
"31/7/2026, 00.21.33","E32_WS (Sector A)","28.65","69.83","101.03","0.45","317","50.12","2","0","0","1","138"
"31/7/2026, 00.21.38","E32_WS (Sector A)","28.65","69.8","101.02","0.37","325","50.12","2","0","0","1","138"
"31/7/2026, 00.21.43","E32_WS (Sector A)","28.65","69.79","101.03","0.23","325","50.12","2","0","0","1","138"
"31/7/2026, 00.21.48","E32_WS (Sector A)","28.65","69.75","101.03","0.41","331","50.12","2","0","0","1","138"
"31/7/2026, 00.21.53","E32_WS (Sector A)","28.65","69.75","101.03","0.34","330","50.12","2","0","0","1","138"
"31/7/2026, 00.21.58","E32_WS (Sector A)","28.65","69.73","101.03","0.37","343","50.12","2","0","0","1","138"
"31/7/2026, 00.22.03","E32_WS (Sector A)","28.65","69.73","101.02","0.38","3","50.12","2","0","0","1","138"
"31/7/2026, 00.22.08","E32_WS (Sector A)","28.65","69.71","101.03","0.53","333","50.12","2","0","0","1","138"
"31/7/2026, 00.22.13","E32_WS (Sector A)","28.65","69.7","101.03","0.45","335","50.12","2","0","0","1","138"
"31/7/2026, 00.22.18","E32_WS (Sector A)","28.65","69.68","101.03","0.48","344","50.12","2","0","0","1","138"
"31/7/2026, 00.22.23","E32_WS (Sector A)","28.65","69.68","101.02","0.48","344","50.12","2","0","0","1","138"
"31/7/2026, 00.22.28","E32_WS (Sector A)","28.65","69.66","101.02","0.47","334","50.12","2","0","0","1","138"
"31/7/2026, 00.22.33","E32_WS (Sector A)","28.65","69.69","101.03","0.49","337","50.12","2","0","0","1","138"
"31/7/2026, 00.22.38","E32_WS (Sector A)","28.65","69.68","101.02","0.33","342","50.12","2","0","0","1","138"
"31/7/2026, 00.22.43","E32_WS (Sector A)","28.65","69.66","101.02","0.43","315","50.12","2","0","0","1","138"
"31/7/2026, 00.22.48","E32_WS (Sector A)","28.65","69.74","101.03","0.49","326","50.12","2","0","0","1","138"
"31/7/2026, 00.22.53","E32_WS (Sector A)","28.65","69.77","101.03","0.32","347","50.12","2","0","0","1","138"
"31/7/2026, 00.22.58","E32_WS (Sector A)","28.65","69.75","101.03","0.48","338","50.12","2","0","0","1","138"
"31/7/2026, 00.23.03","E32_WS (Sector A)","28.65","69.75","101.03","0.38","326","50.12","2","0","0","1","138"
"31/7/2026, 00.23.08","E32_WS (Sector A)","28.65","69.79","101.03","0.45","318","50.12","2","0","0","1","138"
"31/7/2026, 00.23.13","E32_WS (Sector A)","28.65","69.83","101.03","0.44","325","50.12","2","0","0","1","138"
"31/7/2026, 00.23.18","E32_WS (Sector A)","28.65","69.85","101.03","0.3","288","50.12","2","0","0","1","138"
"31/7/2026, 00.23.23","E32_WS (Sector A)","28.64","69.87","101.03","0.33","322","50.12","2","0","0","1","138"
"31/7/2026, 00.23.28","E32_WS (Sector A)","28.65","69.84","101.03","0.24","291","50.12","2","0","0","1","138"
"31/7/2026, 00.23.33","E32_WS (Sector A)","28.65","69.86","101.03","0.39","319","50.12","2","0","0","1","138"
"31/7/2026, 00.23.38","E32_WS (Sector A)","28.65","69.88","101.03","0.35","316","50.12","2","0","0","1","138"
"31/7/2026, 00.23.43","E32_WS (Sector A)","28.64","69.86","101.03","0.36","312","50.12","2","0","0","1","138"
"31/7/2026, 00.23.48","E32_WS (Sector A)","28.64","69.85","101.02","0.32","330","50.12","2","0","0","1","138"
"31/7/2026, 00.23.53","E32_WS (Sector A)","28.65","69.82","101.03","0.43","316","50.12","2","0","0","1","138"
"31/7/2026, 00.23.58","E32_WS (Sector A)","28.65","69.81","101.02","0.52","330","50.12","2","0","0","1","138"
"31/7/2026, 00.24.03","E32_WS (Sector A)","28.65","69.82","101.03","0.59","331","50.12","2","0","0","1","138"
"31/7/2026, 00.24.08","E32_WS (Sector A)","28.65","69.81","101.03","0.55","334","50.12","2","0","0","1","138"
"31/7/2026, 00.24.13","E32_WS (Sector A)","28.65","69.8","101.03","0.52","330","50.12","2","0","0","1","138"
"31/7/2026, 00.24.18","E32_WS (Sector A)","28.65","69.8","101.03","0.45","329","50.12","2","0","0","1","138"
"31/7/2026, 00.24.23","E32_WS (Sector A)","28.65","69.79","101.03","0.58","327","50.12","2","0","0","1","138"
"31/7/2026, 00.24.28","E32_WS (Sector A)","28.65","69.8","101.03","0.4","321","50.12","2","0","0","1","138"
"31/7/2026, 00.24.33","E32_WS (Sector A)","28.65","69.85","101.03","0.4","331","50.12","2","0","0","1","138"
"31/7/2026, 00.24.38","E32_WS (Sector A)","28.65","69.86","101.02","0.5","357","50.12","2","0","0","1","138"
"31/7/2026, 00.24.43","E32_WS (Sector A)","28.65","69.86","101.03","0.4","338","50.12","2","0","0","1","138"
"31/7/2026, 00.24.48","E32_WS (Sector A)","28.65","69.9","101.03","0.39","318","50.12","2","0","0","1","138"
"31/7/2026, 00.24.53","E32_WS (Sector A)","28.65","69.92","101.03","0.48","308","50.12","2","0","0","1","138"
"31/7/2026, 00.24.58","E32_WS (Sector A)","28.64","69.94","101.02","0.56","333","50.12","2","0","0","1","138"
"31/7/2026, 00.25.03","E32_WS (Sector A)","28.65","69.94","101.03","0.6","334","50.12","2","0","0","1","138"
"31/7/2026, 00.25.08","E32_WS (Sector A)","28.64","69.96","101.03","0.42","7","50.12","2","0","0","1","138"
"31/7/2026, 00.25.13","E32_WS (Sector A)","28.64","69.89","101.03","0.42","347","50.12","2","0","0","1","138"
"31/7/2026, 00.25.18","E32_WS (Sector A)","28.64","69.92","101.03","0.38","307","50.12","2","0","0","1","138"
"31/7/2026, 00.25.23","E32_WS (Sector A)","28.64","69.96","101.03","0.5","339","50.12","2","0","0","1","138"
"31/7/2026, 00.25.28","E32_WS (Sector A)","28.64","69.94","101.03","0.4","27","50.12","2","0","0","1","138"
"31/7/2026, 00.25.33","E32_WS (Sector A)","28.64","69.91","101.03","0.14","40","50.12","2","0","0","1","138"
"31/7/2026, 00.25.38","E32_WS (Sector A)","28.65","69.89","101.03","0.25","350","50.12","2","0","0","1","138"
"31/7/2026, 00.25.43","E32_WS (Sector A)","28.65","69.88","101.03","0.28","323","50.12","2","0","0","1","138"
"31/7/2026, 00.25.48","E32_WS (Sector A)","28.64","69.89","101.03","0.42","312","50.12","2","0","0","1","138"
"31/7/2026, 00.25.53","E32_WS (Sector A)","28.65","69.93","101.03","0.46","317","50.12","2","0","0","1","138"
"31/7/2026, 00.25.58","E32_WS (Sector A)","28.65","69.96","101.03","0.48","326","50.12","2","0","0","1","138"
"31/7/2026, 00.26.03","E32_WS (Sector A)","28.65","69.97","101.03","0.48","313","50.12","2","0","0","1","138"
"31/7/2026, 00.26.08","E32_WS (Sector A)","28.64","70","101.03","0.35","322","50.12","2","0","0","1","138"
"31/7/2026, 00.26.13","E32_WS (Sector A)","28.64","69.98","101.03","0.51","333","50.12","2","0","0","1","138"
"31/7/2026, 00.26.18","E32_WS (Sector A)","28.64","69.98","101.03","0.58","316","50.12","2","0","0","1","138"
"31/7/2026, 00.26.23","E32_WS (Sector A)","28.64","70.01","101.03","0.47","322","50.12","2","0","0","1","138"
"31/7/2026, 00.26.28","E32_WS (Sector A)","28.64","70.01","101.02","0.28","311","50.12","2","0","0","1","138"
"31/7/2026, 00.26.33","E32_WS (Sector A)","28.64","70.03","101.02","0.63","320","50.12","2","0","0","1","138"
"31/7/2026, 00.26.38","E32_WS (Sector A)","28.64","70.05","101.02","0.63","326","50.12","2","0","0","1","138"
"31/7/2026, 00.26.43","E32_WS (Sector A)","28.64","70.05","101.03","0.63","328","50.12","2","0","0","1","138"
"31/7/2026, 00.26.48","E32_WS (Sector A)","28.64","70.05","101.03","0.62","326","50.12","2","0","0","1","138"
"31/7/2026, 00.26.53","E32_WS (Sector A)","28.64","70.06","101.03","0.61","356","50.12","2","0","0","1","138"
"31/7/2026, 00.26.58","E32_WS (Sector A)","28.64","70.04","101.02","0.52","317","50.12","2","0","0","1","138"
"31/7/2026, 00.27.03","E32_WS (Sector A)","28.64","70.04","101.02","0.58","313","50.12","2","0","0","1","138"
"31/7/2026, 00.27.08","E32_WS (Sector A)","28.63","70.06","101.02","0.55","312","50.12","2","0","0","1","138"
"31/7/2026, 00.27.13","E32_WS (Sector A)","28.63","70.07","101.02","0.55","302","50.12","2","0","0","1","138"
"31/7/2026, 00.27.18","E32_WS (Sector A)","28.63","70.09","101.02","0.55","310","50.12","2","0","0","1","138"
"31/7/2026, 00.27.23","E32_WS (Sector A)","28.63","70.13","101.03","0.28","307","50.12","2","0","0","1","138"
"31/7/2026, 00.27.28","E32_WS (Sector A)","28.63","70.12","101.02","0.29","18","50.12","2","0","0","1","138"
"31/7/2026, 00.27.33","E32_WS (Sector A)","28.63","70.08","101.02","0.41","319","50.12","2","0","0","1","138"
"31/7/2026, 00.27.38","E32_WS (Sector A)","28.63","70.04","101.02","0.53","336","50.12","2","0","0","1","138"
"31/7/2026, 00.27.43","E32_WS (Sector A)","28.63","70.04","101.02","0.39","331","50.12","2","0","0","1","138"
"31/7/2026, 00.27.48","E32_WS (Sector A)","28.63","70.01","101.02","0.44","326","50.12","2","0","0","1","138"
"31/7/2026, 00.27.53","E32_WS (Sector A)","28.63","70.02","101.02","0.4","312","50.12","2","0","0","1","138"
"31/7/2026, 00.27.58","E32_WS (Sector A)","28.63","70.04","101.02","0.53","322","50.12","2","0","0","1","138"
"31/7/2026, 00.28.03","E32_WS (Sector A)","28.62","70.06","101.02","0.33","319","50.12","2","0","0","1","138"
"31/7/2026, 00.28.08","E32_WS (Sector A)","28.63","70.07","101.02","0.43","329","50.12","2","0","0","1","138"
"31/7/2026, 00.28.13","E32_WS (Sector A)","28.62","70.05","101.02","0.52","333","50.12","2","0","0","1","138"
"31/7/2026, 00.28.18","E32_WS (Sector A)","28.63","70.05","101.02","0.36","5","50.12","2","0","0","1","138"
"31/7/2026, 00.28.23","E32_WS (Sector A)","28.63","70.01","101.02","0.22","34","50.12","2","0","0","1","138"
"31/7/2026, 00.28.28","E32_WS (Sector A)","28.63","69.98","101.02","0.45","330","50.12","2","0","0","1","138"
"31/7/2026, 00.28.33","E32_WS (Sector A)","28.62","69.98","101.02","0.52","330","50.12","2","0","0","1","138"
"31/7/2026, 00.28.38","E32_WS (Sector A)","28.63","69.97","101.02","0.57","318","50.12","2","0","0","1","138"
"31/7/2026, 00.28.43","E32_WS (Sector A)","28.63","69.96","101.02","0.45","349","50.12","2","0","0","1","138"
"31/7/2026, 00.28.48","E32_WS (Sector A)","28.63","69.93","101.02","0.56","350","50.12","2","0","0","1","138"
"31/7/2026, 00.28.53","E32_WS (Sector A)","28.63","69.91","101.02","0.38","329","50.12","2","0","0","1","138"
"31/7/2026, 00.28.58","E32_WS (Sector A)","28.63","69.94","101.02","0.49","334","50.12","2","0","0","1","138"
"31/7/2026, 00.29.03","E32_WS (Sector A)","28.63","69.95","101.02","0.58","352","50.12","2","0","0","1","138"
"31/7/2026, 00.29.08","E32_WS (Sector A)","28.63","69.92","101.02","0.23","321","50.12","2","0","0","1","138"
"31/7/2026, 00.29.13","E32_WS (Sector A)","28.62","69.92","101.02","0.42","292","50.12","2","0","0","1","138"
"31/7/2026, 00.29.18","E32_WS (Sector A)","28.62","69.96","101.02","0.44","317","50.12","2","0","0","1","138"
"31/7/2026, 00.29.23","E32_WS (Sector A)","28.62","69.99","101.02","0.64","343","50.12","2","0","0","1","138"
"31/7/2026, 00.29.28","E32_WS (Sector A)","28.62","69.97","101.02","0.4","351","50.12","2","0","0","1","138"
"31/7/2026, 00.29.33","E32_WS (Sector A)","28.62","69.9","101.02","0.3","349","50.12","2","0","0","1","138"
"31/7/2026, 00.29.38","E32_WS (Sector A)","28.62","69.9","101.02","0.23","354","50.12","2","0","0","1","138"
"31/7/2026, 00.29.43","E32_WS (Sector A)","28.63","69.88","101.02","0.27","335","50.12","2","0","0","1","138"
"31/7/2026, 00.29.48","E32_WS (Sector A)","28.62","69.9","101.02","0.6","348","50.12","2","0","0","1","138"
"31/7/2026, 00.29.53","E32_WS (Sector A)","28.62","69.86","101.02","0.38","349","50.12","2","0","0","1","138"
"31/7/2026, 00.29.58","E32_WS (Sector A)","28.62","69.87","101.02","0.45","356","50.12","2","0","0","1","138"
"31/7/2026, 00.30.03","E32_WS (Sector A)","28.62","69.88","101.02","0.47","341","50.12","2","0","0","1","138"
"31/7/2026, 00.30.08","E32_WS (Sector A)","28.63","69.9","101.02","0.51","338","50.12","2","0","0","1","138"
"31/7/2026, 00.30.13","E32_WS (Sector A)","28.62","69.9","101.02","0.47","306","50.12","2","0","0","1","138"
"31/7/2026, 00.30.18","E32_WS (Sector A)","28.62","69.96","101.02","0.34","321","50.12","2","0","0","1","138"
"31/7/2026, 00.30.23","E32_WS (Sector A)","28.63","69.96","101.02","0.45","324","50.12","2","0","0","1","138"
"31/7/2026, 00.30.28","E32_WS (Sector A)","28.62","69.96","101.02","0.46","331","50.12","2","0","0","1","138"
"31/7/2026, 00.30.33","E32_WS (Sector A)","28.62","69.96","101.02","0.37","340","50.12","2","0","0","1","138"
"31/7/2026, 00.30.38","E32_WS (Sector A)","28.62","69.94","101.02","0.44","326","50.12","2","0","0","1","138"
"31/7/2026, 00.30.43","E32_WS (Sector A)","28.63","69.97","101.02","0.42","330","50.12","2","0","0","1","138"
"31/7/2026, 00.30.48","E32_WS (Sector A)","28.62","69.97","101.02","0.45","327","50.12","2","0","0","1","138"
"31/7/2026, 00.30.53","E32_WS (Sector A)","28.63","69.97","101.02","0.51","326","50.12","2","0","0","1","138"
"31/7/2026, 00.30.58","E32_WS (Sector A)","28.62","69.99","101.02","0.5","336","50.12","2","0","0","1","138"
"31/7/2026, 00.31.03","E32_WS (Sector A)","28.62","69.98","101.02","0.47","325","50.12","2","0","0","1","138"
"31/7/2026, 00.31.08","E32_WS (Sector A)","28.63","69.98","101.02","0.44","330","50.12","2","0","0","1","138"
"31/7/2026, 00.31.13","E32_WS (Sector A)","28.63","69.96","101.02","0.57","332","50.12","2","0","0","1","138"
"31/7/2026, 00.31.18","E32_WS (Sector A)","28.63","69.94","101.01","0.52","322","50.12","2","0","0","1","138"
"31/7/2026, 00.31.23","E32_WS (Sector A)","28.62","69.94","101.02","0.87","340","50.12","2","0","0","1","138"
"31/7/2026, 00.31.28","E32_WS (Sector A)","28.63","69.89","101.02","0.93","0","50.12","2","0","0","1","138"
"31/7/2026, 00.31.33","E32_WS (Sector A)","28.62","69.92","101.02","0.51","323","50.12","2","0","0","1","138"
"31/7/2026, 00.31.38","E32_WS (Sector A)","28.62","69.95","101.02","0.43","332","50.12","2","0","0","1","138"
"31/7/2026, 00.31.43","E32_WS (Sector A)","28.62","69.92","101.02","0.52","351","50.12","2","0","0","1","138"
"31/7/2026, 00.31.48","E32_WS (Sector A)","28.62","69.9","101.02","0.68","349","50.12","2","0","0","1","138"
"31/7/2026, 00.31.53","E32_WS (Sector A)","28.62","69.9","101.02","0.45","334","50.12","2","0","0","1","138"
"31/7/2026, 00.31.58","E32_WS (Sector A)","28.62","69.92","101.02","0.47","338","50.12","2","0","0","1","138"
"31/7/2026, 00.32.03","E32_WS (Sector A)","28.62","69.93","101.02","0.49","298","50.12","2","0","0","1","138"
"31/7/2026, 00.32.08","E32_WS (Sector A)","28.61","69.95","101.02","0.35","326","50.12","2","0","0","1","138"
"31/7/2026, 00.32.13","E32_WS (Sector A)","28.62","69.95","101.02","0.4","315","50.12","2","0","0","1","138"
"31/7/2026, 00.32.18","E32_WS (Sector A)","28.62","69.97","101.02","0.41","338","50.12","2","0","0","1","138"
"31/7/2026, 00.32.23","E32_WS (Sector A)","28.62","69.98","101.02","0.42","353","50.12","2","0","0","1","138"
"31/7/2026, 00.32.28","E32_WS (Sector A)","28.62","69.96","101.02","0.21","334","50.12","2","0","0","1","138"
"31/7/2026, 00.32.33","E32_WS (Sector A)","28.62","69.91","101.02","0.34","327","50.12","2","0","0","1","138"
"31/7/2026, 00.32.38","E32_WS (Sector A)","28.62","69.9","101.02","0.15","284","50.12","2","0","0","1","138"
"31/7/2026, 00.32.43","E32_WS (Sector A)","28.61","69.94","101.02","0.42","304","50.12","2","0","0","1","138"
"31/7/2026, 00.32.48","E32_WS (Sector A)","28.61","69.99","101.02","0.55","343","50.12","2","0","0","1","138"
"31/7/2026, 00.32.53","E32_WS (Sector A)","28.61","69.98","101.01","0.3","316","50.12","2","0","0","1","138"
"31/7/2026, 00.32.58","E32_WS (Sector A)","28.61","69.97","101.02","0.49","337","50.12","2","0","0","1","138"
"31/7/2026, 00.33.03","E32_WS (Sector A)","28.61","69.96","101.02","0.34","333","50.12","2","0","0","1","138"
"31/7/2026, 00.33.08","E32_WS (Sector A)","28.61","69.96","101.02","0.27","316","50.12","2","0","0","1","138"
"31/7/2026, 00.33.13","E32_WS (Sector A)","28.61","69.95","101.02","0.41","315","50.12","2","0","0","1","138"
"31/7/2026, 00.33.18","E32_WS (Sector A)","28.61","69.97","101.02","0.69","338","50.12","2","0","0","1","138"
"31/7/2026, 00.33.23","E32_WS (Sector A)","28.62","69.97","101.01","0.36","320","50.12","2","0","0","1","138"
"31/7/2026, 00.33.28","E32_WS (Sector A)","28.62","69.98","101.01","0.35","323","50.12","2","0","0","1","138"
"31/7/2026, 00.33.33","E32_WS (Sector A)","28.61","69.96","101.02","0.43","319","50.12","2","0","0","1","138"
"31/7/2026, 00.33.38","E32_WS (Sector A)","28.61","69.97","101.01","0.23","345","50.12","2","0","0","1","138"
"31/7/2026, 00.33.43","E32_WS (Sector A)","28.61","69.93","101.01","0.31","342","50.12","2","0","0","1","138"
"31/7/2026, 00.33.48","E32_WS (Sector A)","28.62","69.92","101.01","0.37","340","50.12","2","0","0","1","138"
"31/7/2026, 00.33.53","E32_WS (Sector A)","28.62","69.96","101.01","0.47","308","50.12","2","0","0","1","138"
"31/7/2026, 00.33.58","E32_WS (Sector A)","28.61","70","101.02","0.37","325","50.12","2","0","0","1","138"
"31/7/2026, 00.34.03","E32_WS (Sector A)","28.61","70.02","101.02","0.43","316","50.12","2","0","0","1","138"
"31/7/2026, 00.34.08","E32_WS (Sector A)","28.61","70.06","101.01","0.37","348","50.12","2","0","0","1","138"
"31/7/2026, 00.34.13","E32_WS (Sector A)","28.61","70.03","101.02","0.5","351","50.12","2","0","0","1","138"
"31/7/2026, 00.34.18","E32_WS (Sector A)","28.61","69.99","101.01","0.53","353","50.12","2","0","0","1","138"
"31/7/2026, 00.34.23","E32_WS (Sector A)","28.61","69.96","101.01","0.57","332","50.12","2","0","0","1","138"
"31/7/2026, 00.34.28","E32_WS (Sector A)","28.61","69.96","101.01","0.44","322","50.12","2","0","0","1","138"
"31/7/2026, 00.34.33","E32_WS (Sector A)","28.61","69.98","101.01","0.24","342","50.12","2","0","0","1","138"
"31/7/2026, 00.34.38","E32_WS (Sector A)","28.61","69.98","101.01","0.66","346","50.12","2","0","0","1","138"
"31/7/2026, 00.34.43","E32_WS (Sector A)","28.61","69.96","101.01","0.4","352","50.12","2","0","0","1","138"
"31/7/2026, 00.34.48","E32_WS (Sector A)","28.61","69.95","101.01","0.33","4","50.12","2","0","0","1","138"
"31/7/2026, 00.34.53","E32_WS (Sector A)","28.61","69.94","101.01","0.4","301","50.12","2","0","0","1","138"
"31/7/2026, 00.34.58","E32_WS (Sector A)","28.61","69.97","101.01","0.42","338","50.12","2","0","0","1","138"
"31/7/2026, 00.35.03","E32_WS (Sector A)","28.61","69.97","101.01","0.7","337","50.12","2","0","0","1","138"
"31/7/2026, 00.35.08","E32_WS (Sector A)","28.61","69.94","101.01","0.79","354","50.12","2","0","0","1","138"
"31/7/2026, 00.35.13","E32_WS (Sector A)","28.61","69.94","101.01","0.75","327","50.12","2","0","0","1","138"
"31/7/2026, 00.35.18","E32_WS (Sector A)","28.61","69.95","101.01","0.49","338","50.12","2","0","0","1","138"
"31/7/2026, 00.35.23","E32_WS (Sector A)","28.61","69.97","101.01","0.55","307","50.12","2","0","0","1","138"
"31/7/2026, 00.35.28","E32_WS (Sector A)","28.61","70","101.01","0.44","316","50.12","2","0","0","1","138"
"31/7/2026, 00.35.33","E32_WS (Sector A)","28.61","70.01","101.01","0.6","330","50.12","2","0","0","1","138"
"31/7/2026, 00.35.38","E32_WS (Sector A)","28.61","70.01","101.01","0.54","349","50.12","2","0","0","1","138"
"31/7/2026, 00.35.43","E32_WS (Sector A)","28.61","69.97","101.01","0.56","342","50.12","2","0","0","1","138"
"31/7/2026, 00.35.48","E32_WS (Sector A)","28.61","69.94","101.01","0.35","350","50.12","2","0","0","1","138"
"31/7/2026, 00.35.53","E32_WS (Sector A)","28.61","69.92","101.01","0.32","344","50.12","2","0","0","1","138"
"31/7/2026, 00.35.58","E32_WS (Sector A)","28.61","69.9","101.01","0.52","336","50.12","2","0","0","1","138"
"31/7/2026, 00.36.03","E32_WS (Sector A)","28.61","69.9","101.01","0.22","10","50.12","2","0","0","1","138"
"31/7/2026, 00.36.08","E32_WS (Sector A)","28.61","69.88","101.01","0.42","331","50.12","2","0","0","1","138"
"31/7/2026, 00.36.13","E32_WS (Sector A)","28.61","69.89","101.01","0.43","332","50.12","2","0","0","1","138"
"31/7/2026, 00.36.18","E32_WS (Sector A)","28.61","69.89","101.01","0.49","307","50.12","2","0","0","1","138"
"31/7/2026, 00.36.23","E32_WS (Sector A)","28.61","69.93","101.01","0.48","314","50.12","2","0","0","1","138"
"31/7/2026, 00.36.28","E32_WS (Sector A)","28.61","70","101.01","0.38","318","50.12","2","0","0","1","138"
"31/7/2026, 00.36.33","E32_WS (Sector A)","28.61","70","101.01","0.37","4","50.12","2","0","0","1","138"
"31/7/2026, 00.36.38","E32_WS (Sector A)","28.61","69.98","101.01","0.39","314","50.12","2","0","0","1","138"
"31/7/2026, 00.36.43","E32_WS (Sector A)","28.61","70.01","101.01","0.51","350","50.12","2","0","0","1","138"
"31/7/2026, 00.36.48","E32_WS (Sector A)","28.61","69.98","101.01","0.36","342","50.12","2","0","0","1","138"
"31/7/2026, 00.36.53","E32_WS (Sector A)","28.6","70","101.01","0.49","307","50.12","2","0","0","1","138"
"31/7/2026, 00.36.58","E32_WS (Sector A)","28.6","70.04","101.01","0.41","326","50.12","2","0","0","1","138"
"31/7/2026, 00.37.03","E32_WS (Sector A)","28.6","70.05","101.01","0.33","338","50.12","2","0","0","1","138"
"31/7/2026, 00.37.08","E32_WS (Sector A)","28.6","70.03","101.01","0.33","347","50.12","2","0","0","1","138"
"31/7/2026, 00.37.13","E32_WS (Sector A)","28.6","70","101.01","0.31","304","50.12","2","0","0","1","138"
"31/7/2026, 00.37.18","E32_WS (Sector A)","28.6","70","101.01","0.43","352","50.12","2","0","0","1","138"
"31/7/2026, 00.37.23","E32_WS (Sector A)","28.6","69.98","101.01","0.28","328","50.12","2","0","0","1","138"
"31/7/2026, 00.37.28","E32_WS (Sector A)","28.6","69.95","101.01","0.52","355","50.12","2","0","0","1","138"
"31/7/2026, 00.37.33","E32_WS (Sector A)","28.6","69.96","101.01","0.6","333","50.12","2","0","0","1","138"
"31/7/2026, 00.37.38","E32_WS (Sector A)","28.59","69.95","101.01","0.41","347","50.12","2","0","0","1","138"
"31/7/2026, 00.37.43","E32_WS (Sector A)","28.6","69.95","101.01","0.57","339","50.12","2","0","0","1","138"
"31/7/2026, 00.37.48","E32_WS (Sector A)","28.6","69.92","101.01","0.62","346","50.12","2","0","0","1","138"
"31/7/2026, 00.37.53","E32_WS (Sector A)","28.6","69.9","101.01","0.63","322","50.12","2","0","0","1","138"
"31/7/2026, 00.37.58","E32_WS (Sector A)","28.6","69.94","101.01","0.41","1","50.12","2","0","0","1","138"
"31/7/2026, 00.38.03","E32_WS (Sector A)","28.6","69.92","101","0.46","338","50.12","2","0","0","1","138"
"31/7/2026, 00.38.08","E32_WS (Sector A)","28.59","69.94","101.01","0.5","308","50.12","2","0","0","1","138"
"31/7/2026, 00.38.13","E32_WS (Sector A)","28.59","70.01","101.01","0.52","300","50.12","2","0","0","1","138"
"31/7/2026, 00.38.18","E32_WS (Sector A)","28.59","70.04","101.01","0.52","309","50.12","2","0","0","1","138"
"31/7/2026, 00.38.23","E32_WS (Sector A)","28.59","70.08","101.01","0.43","335","50.12","2","0","0","1","138"
"31/7/2026, 00.38.28","E32_WS (Sector A)","28.59","70.04","101.01","0.62","336","50.12","2","0","0","1","138"
"31/7/2026, 00.38.33","E32_WS (Sector A)","28.6","70","101.01","0.35","341","50.12","2","0","0","1","138"
"31/7/2026, 00.38.38","E32_WS (Sector A)","28.59","69.99","101","0.47","348","50.12","2","0","0","1","138"
"31/7/2026, 00.38.43","E32_WS (Sector A)","28.59","70","101.01","0.11","317","50.12","2","0","0","1","138"
"31/7/2026, 00.38.48","E32_WS (Sector A)","28.59","70","101.01","0.19","305","50.12","2","0","0","1","138"
"31/7/2026, 00.38.53","E32_WS (Sector A)","28.59","70.02","101.01","0.58","342","50.12","2","0","0","1","138"
"31/7/2026, 00.38.58","E32_WS (Sector A)","28.58","70.01","101.01","0.46","309","50.12","2","0","0","1","138"
"31/7/2026, 00.39.03","E32_WS (Sector A)","28.58","70.04","101.01","0.67","1","50.12","2","0","0","1","138"
"31/7/2026, 00.39.08","E32_WS (Sector A)","28.58","70","101.01","0.55","1","50.12","2","0","0","1","138"
"31/7/2026, 00.39.13","E32_WS (Sector A)","28.58","69.98","101.01","0.52","329","50.12","2","0","0","1","138"
"31/7/2026, 00.39.18","E32_WS (Sector A)","28.58","70","101.01","0.4","332","50.12","2","0","0","1","138"
"31/7/2026, 00.39.23","E32_WS (Sector A)","28.58","70","101","0.51","357","50.12","2","0","0","1","138"
"31/7/2026, 00.39.28","E32_WS (Sector A)","28.58","69.97","101.01","0.52","317","50.12","2","0","0","1","138"
"31/7/2026, 00.39.33","E32_WS (Sector A)","28.59","69.98","101.01","0.68","358","50.12","2","0","0","1","138"
"31/7/2026, 00.39.38","E32_WS (Sector A)","28.59","69.97","101.01","0.72","338","50.12","2","0","0","1","138"
"31/7/2026, 00.39.43","E32_WS (Sector A)","28.58","69.96","101.01","0.42","314","50.12","2","0","0","1","138"
"31/7/2026, 00.39.48","E32_WS (Sector A)","28.58","69.99","101.01","0.57","331","50.12","2","0","0","1","138"
"31/7/2026, 00.39.53","E32_WS (Sector A)","28.58","69.99","101.01","0.65","342","50.12","2","0","0","1","138"
"31/7/2026, 00.39.58","E32_WS (Sector A)","28.58","69.97","101.01","0.5","337","50.12","2","0","0","1","138"
"31/7/2026, 00.40.03","E32_WS (Sector A)","28.58","69.96","101.01","0.31","318","50.12","2","0","0","1","138"
"31/7/2026, 00.40.08","E32_WS (Sector A)","28.58","69.98","101.01","0.41","319","50.12","2","0","0","1","138"
"31/7/2026, 00.40.13","E32_WS (Sector A)","28.58","70","101.01","0.38","311","50.12","2","0","0","1","138"
"31/7/2026, 00.40.18","E32_WS (Sector A)","28.58","70.01","101.01","0.54","336","50.12","2","0","0","1","138"
"31/7/2026, 00.40.23","E32_WS (Sector A)","28.58","69.97","101.01","0.34","331","50.12","2","0","0","1","138"
"31/7/2026, 00.40.28","E32_WS (Sector A)","28.58","69.94","101.01","0.31","352","50.12","2","0","0","1","138"
"31/7/2026, 00.40.33","E32_WS (Sector A)","28.58","69.91","101","0.57","340","50.12","2","0","0","1","138"
"31/7/2026, 00.40.38","E32_WS (Sector A)","28.59","69.92","101.01","0.62","334","50.12","2","0","0","1","138"
"31/7/2026, 00.40.43","E32_WS (Sector A)","28.59","69.93","101","0.48","322","50.12","2","0","0","1","138"
"31/7/2026, 00.40.48","E32_WS (Sector A)","28.58","69.93","101","0.51","325","50.12","2","0","0","1","138"
"31/7/2026, 00.40.53","E32_WS (Sector A)","28.58","69.99","101.01","0.54","307","50.12","2","0","0","1","138"
"31/7/2026, 00.40.58","E32_WS (Sector A)","28.58","70.03","101","0.49","314","50.12","2","0","0","1","138"
"31/7/2026, 00.41.03","E32_WS (Sector A)","28.58","70.06","101","0.5","309","50.12","2","0","0","1","138"
"31/7/2026, 00.41.08","E32_WS (Sector A)","28.58","70.08","101.01","0.45","320","50.12","2","0","0","1","138"
"31/7/2026, 00.41.13","E32_WS (Sector A)","28.57","70.08","101","0.46","330","50.12","2","0","0","1","138"
"31/7/2026, 00.41.18","E32_WS (Sector A)","28.58","70.07","101","0.49","332","50.12","2","0","0","1","138"
"31/7/2026, 00.41.23","E32_WS (Sector A)","28.58","70.06","101","0.42","337","50.12","2","0","0","1","138"
"31/7/2026, 00.41.28","E32_WS (Sector A)","28.57","70.03","101","0.39","326","50.12","2","0","0","1","138"
"31/7/2026, 00.41.33","E32_WS (Sector A)","28.58","70.03","101","0.45","316","50.12","2","0","0","1","138"
"31/7/2026, 00.41.38","E32_WS (Sector A)","28.58","70.04","101","0.48","357","50.12","2","0","0","1","138"
"31/7/2026, 00.41.43","E32_WS (Sector A)","28.57","70.03","101","0.45","329","50.12","2","0","0","1","138"
"31/7/2026, 00.41.48","E32_WS (Sector A)","28.57","70.03","101","0.46","351","50.12","2","0","0","1","138"
"31/7/2026, 00.41.53","E32_WS (Sector A)","28.57","70.02","101","0.38","347","50.12","2","0","0","1","138"
"31/7/2026, 00.41.58","E32_WS (Sector A)","28.58","69.98","101","0.36","357","50.12","2","0","0","1","138"
"31/7/2026, 00.42.03","E32_WS (Sector A)","28.57","69.97","101","0.3","332","50.12","2","0","0","1","138"
"31/7/2026, 00.42.08","E32_WS (Sector A)","28.57","69.96","101","0.38","331","50.12","2","0","0","1","138"
"31/7/2026, 00.42.13","E32_WS (Sector A)","28.57","69.98","101","0.42","334","50.12","2","0","0","1","138"
"31/7/2026, 00.42.18","E32_WS (Sector A)","28.57","70","101","0.41","322","50.12","2","0","0","1","138"
"31/7/2026, 00.42.23","E32_WS (Sector A)","28.58","70.02","101","0.4","335","50.12","2","0","0","1","138"
"31/7/2026, 00.42.28","E32_WS (Sector A)","28.57","70.01","101","0.42","326","50.12","2","0","0","1","138"
"31/7/2026, 00.42.33","E32_WS (Sector A)","28.58","70.03","101","0.51","318","50.12","2","0","0","1","138"
"31/7/2026, 00.42.38","E32_WS (Sector A)","28.57","70.07","101","0.49","319","50.12","2","0","0","1","138"
"31/7/2026, 00.42.43","E32_WS (Sector A)","28.57","70.08","101","0.44","317","50.12","2","0","0","1","138"
"31/7/2026, 00.43.50","E32_WS (Sector A)","28.57","70","101","0.44","322","50.12","2","0","0","1","138"
"31/7/2026, 00.43.53","E32_WS (Sector A)","28.56","70.06","101","0.45","323","50.12","2","0","0","1","138"
"31/7/2026, 00.43.58","E32_WS (Sector A)","28.56","70.09","101","0.45","319","50.12","2","0","0","1","138"
"31/7/2026, 00.44.03","E32_WS (Sector A)","28.56","70.12","101","0.54","336","50.12","2","0","0","1","138"
"31/7/2026, 00.44.08","E32_WS (Sector A)","28.56","70.13","101","0.43","335","50.12","2","0","0","1","138"
"31/7/2026, 00.44.13","E32_WS (Sector A)","28.56","70.12","101.01","0.48","330","50.12","2","0","0","1","138"
"31/7/2026, 00.44.18","E32_WS (Sector A)","28.56","70.1","101","0.53","342","50.12","2","0","0","1","138"
"31/7/2026, 00.44.23","E32_WS (Sector A)","28.56","70.05","101.01","0.53","344","50.12","2","0","0","1","138"
"31/7/2026, 00.44.28","E32_WS (Sector A)","28.56","70.02","101","0.47","342","50.12","2","0","0","1","138"
"31/7/2026, 00.44.33","E32_WS (Sector A)","28.56","70.01","101.01","0.43","338","50.12","2","0","0","1","138"
"31/7/2026, 00.44.38","E32_WS (Sector A)","28.56","69.97","101.01","0.38","341","50.12","2","0","0","1","138"
"31/7/2026, 00.44.43","E32_WS (Sector A)","28.56","69.94","101.01","0.38","344","50.12","2","0","0","1","138"
"31/7/2026, 00.44.48","E32_WS (Sector A)","28.56","69.92","101.01","0.57","359","50.12","2","0","0","1","138"
"31/7/2026, 00.44.53","E32_WS (Sector A)","28.56","69.92","101.01","0.66","328","50.12","2","0","0","1","138"
"31/7/2026, 00.44.58","E32_WS (Sector A)","28.56","70","101.01","0.43","310","50.12","2","0","0","1","138"
"31/7/2026, 00.45.03","E32_WS (Sector A)","28.56","70.05","101","0.26","347","50.12","2","0","0","1","138"
"31/7/2026, 00.45.08","E32_WS (Sector A)","28.56","70","101.01","0.54","330","50.12","2","0","0","1","138"
"31/7/2026, 00.45.13","E32_WS (Sector A)","28.56","69.98","101.01","0.41","6","50.12","2","0","0","1","138"
"31/7/2026, 00.45.18","E32_WS (Sector A)","28.56","69.99","101.01","0.38","326","50.12","2","0","0","1","138"
"31/7/2026, 00.45.23","E32_WS (Sector A)","28.56","70.05","101.01","0.39","324","50.12","2","0","0","1","138"
"31/7/2026, 00.45.28","E32_WS (Sector A)","28.56","70.06","101","0.26","325","50.12","2","0","0","1","138"
"31/7/2026, 00.45.33","E32_WS (Sector A)","28.55","70.07","101.01","0.45","296","50.12","2","0","0","1","138"
"31/7/2026, 00.45.38","E32_WS (Sector A)","28.55","70.13","101.01","0.59","318","50.12","2","0","0","1","138"
"31/7/2026, 00.45.43","E32_WS (Sector A)","28.55","70.16","101.01","0.61","307","50.12","2","0","0","1","138"
"31/7/2026, 00.45.48","E32_WS (Sector A)","28.55","70.15","101.01","0.51","326","50.12","2","0","0","1","138"
"31/7/2026, 00.45.53","E32_WS (Sector A)","28.55","70.18","101.01","0.65","340","50.12","2","0","0","1","138"
"31/7/2026, 00.45.58","E32_WS (Sector A)","28.55","70.16","101","0.45","347","50.12","2","0","0","1","138"
"31/7/2026, 00.46.03","E32_WS (Sector A)","28.55","70.15","101","0.51","343","50.12","2","0","0","1","138"
"31/7/2026, 00.46.08","E32_WS (Sector A)","28.55","70.13","101.01","0.44","316","50.12","2","0","0","1","138"
"31/7/2026, 00.46.13","E32_WS (Sector A)","28.55","70.16","101","0.47","326","50.12","2","0","0","1","138"
"31/7/2026, 00.46.18","E32_WS (Sector A)","28.55","70.16","101","0.39","325","50.12","2","0","0","1","138"
"31/7/2026, 00.46.23","E32_WS (Sector A)","28.55","70.16","101","0.48","328","50.12","2","0","0","1","138"
"31/7/2026, 00.46.28","E32_WS (Sector A)","28.55","70.14","101.01","0.39","331","50.12","2","0","0","1","138"
"31/7/2026, 00.46.33","E32_WS (Sector A)","28.55","70.12","101.01","0.31","6","50.12","2","0","0","1","138"
"31/7/2026, 00.46.38","E32_WS (Sector A)","28.55","70.07","101.01","0.42","3","50.12","2","0","0","1","138"
"31/7/2026, 00.46.43","E32_WS (Sector A)","28.55","70.09","101.01","0.27","354","50.12","2","0","0","1","138"
"31/7/2026, 00.46.48","E32_WS (Sector A)","28.55","70.1","101.01","0.5","307","50.12","2","0","0","1","138"
"31/7/2026, 00.46.53","E32_WS (Sector A)","28.54","70.16","101","0.5","303","50.12","2","0","0","1","138"
"31/7/2026, 00.46.58","E32_WS (Sector A)","28.54","70.22","101","0.38","328","50.12","2","0","0","1","138"
"31/7/2026, 00.47.03","E32_WS (Sector A)","28.54","70.21","101","0.51","339","50.12","2","0","0","1","138"
"31/7/2026, 00.47.08","E32_WS (Sector A)","28.54","70.18","101.01","0.46","346","50.12","2","0","0","1","138"
"31/7/2026, 00.47.13","E32_WS (Sector A)","28.54","70.18","101.01","0.46","299","50.12","2","0","0","1","138"
"31/7/2026, 00.47.18","E32_WS (Sector A)","28.54","70.24","101.01","0.35","312","50.12","2","0","0","1","138"
"31/7/2026, 00.47.23","E32_WS (Sector A)","28.54","70.23","101.01","0.39","319","50.12","2","0","0","1","138"
"31/7/2026, 00.47.28","E32_WS (Sector A)","28.54","70.23","101.01","0.47","344","50.12","2","0","0","1","138"
"31/7/2026, 00.47.33","E32_WS (Sector A)","28.54","70.19","101.01","0.47","349","50.12","2","0","0","1","138"
"31/7/2026, 00.47.38","E32_WS (Sector A)","28.54","70.15","101","0.42","330","50.12","2","0","0","1","138"
"31/7/2026, 00.47.43","E32_WS (Sector A)","28.54","70.11","101.01","0.41","345","50.12","2","0","0","1","138"
"31/7/2026, 00.47.48","E32_WS (Sector A)","28.54","70.11","101.01","0.4","324","50.12","2","0","0","1","138"
"31/7/2026, 00.47.53","E32_WS (Sector A)","28.54","70.15","101.01","0.46","323","50.12","2","0","0","1","138"
"31/7/2026, 00.47.58","E32_WS (Sector A)","28.54","70.19","101.01","0.53","317","50.12","2","0","0","1","138"
"31/7/2026, 00.48.03","E32_WS (Sector A)","28.53","70.22","101.01","0.45","323","50.12","2","0","0","1","138"
"31/7/2026, 00.48.08","E32_WS (Sector A)","28.54","70.25","101.01","0.46","332","50.12","2","0","0","1","138"
"31/7/2026, 00.48.13","E32_WS (Sector A)","28.54","70.24","101.01","0.5","337","50.12","2","0","0","1","138"
"31/7/2026, 00.48.18","E32_WS (Sector A)","28.53","70.19","101","0.3","330","50.12","2","0","0","1","138"
"31/7/2026, 00.48.23","E32_WS (Sector A)","28.53","70.22","101","0.23","305","50.12","2","0","0","1","138"
"31/7/2026, 00.48.28","E32_WS (Sector A)","28.53","70.25","101.01","0.2","309","50.12","2","0","0","1","138"
"31/7/2026, 00.48.33","E32_WS (Sector A)","28.53","70.21","101.01","0.43","329","50.12","2","0","0","1","138"
"31/7/2026, 00.48.38","E32_WS (Sector A)","28.53","70.21","101","0.33","352","50.12","2","0","0","1","138"
"31/7/2026, 00.48.43","E32_WS (Sector A)","28.53","70.2","101","0.58","324","50.12","2","0","0","1","138"
"31/7/2026, 00.48.48","E32_WS (Sector A)","28.53","70.22","101","0.51","319","50.12","2","0","0","1","138"
"31/7/2026, 00.48.53","E32_WS (Sector A)","28.53","70.25","101","0.42","315","50.12","2","0","0","1","138"
"31/7/2026, 00.48.58","E32_WS (Sector A)","28.53","70.27","101.01","0.48","329","50.12","2","0","0","1","138"
"31/7/2026, 00.49.03","E32_WS (Sector A)","28.53","70.27","101","0.42","322","50.12","2","0","0","1","138"
"31/7/2026, 00.49.08","E32_WS (Sector A)","28.53","70.28","101.01","0.45","319","50.12","2","0","0","1","138"
"31/7/2026, 00.49.13","E32_WS (Sector A)","28.53","70.31","101.01","0.44","331","50.12","2","0","0","1","138"
"31/7/2026, 00.49.18","E32_WS (Sector A)","28.52","70.29","101","0.45","344","50.12","2","0","0","1","138"
"31/7/2026, 00.49.23","E32_WS (Sector A)","28.52","70.25","101","0.49","341","50.12","2","0","0","1","138"
"31/7/2026, 00.49.28","E32_WS (Sector A)","28.53","70.22","101","0.48","336","50.12","2","0","0","1","138"
"31/7/2026, 00.49.33","E32_WS (Sector A)","28.52","70.18","101.01","0.58","342","50.12","2","0","0","1","138"
"31/7/2026, 00.49.38","E32_WS (Sector A)","28.52","70.18","101","0.44","318","50.12","2","0","0","1","138"
"31/7/2026, 00.49.43","E32_WS (Sector A)","28.53","70.23","101","0.52","8","50.12","2","0","0","1","138"
"31/7/2026, 00.49.48","E32_WS (Sector A)","28.52","70.2","101","0.2","339","50.12","2","0","0","1","138"
"31/7/2026, 00.49.53","E32_WS (Sector A)","28.52","70.2","101","0.45","302","50.12","2","0","0","1","138"
"31/7/2026, 00.49.58","E32_WS (Sector A)","28.52","70.27","101","0.56","306","50.12","2","0","0","1","138"
"31/7/2026, 00.50.03","E32_WS (Sector A)","28.52","70.31","101","0.42","325","50.12","2","0","0","1","138"
"31/7/2026, 00.50.08","E32_WS (Sector A)","28.52","70.31","101.01","0.34","328","50.12","2","0","0","1","138"
"31/7/2026, 00.50.13","E32_WS (Sector A)","28.52","70.29","101.01","0.47","340","50.12","2","0","0","1","138"
"31/7/2026, 00.50.18","E32_WS (Sector A)","28.52","70.28","101.01","0.4","330","50.12","2","0","0","1","138"
"31/7/2026, 00.50.23","E32_WS (Sector A)","28.52","70.29","101.01","0.45","330","50.12","2","0","0","1","138"
"31/7/2026, 00.50.28","E32_WS (Sector A)","28.52","70.3","101.01","0.38","333","50.12","2","0","0","1","138"
"31/7/2026, 00.50.33","E32_WS (Sector A)","28.52","70.31","101","0.31","341","50.12","2","0","0","1","138"
"31/7/2026, 00.50.38","E32_WS (Sector A)","28.51","70.26","101","0.38","356","50.12","2","0","0","1","138"
"31/7/2026, 00.50.43","E32_WS (Sector A)","28.52","70.22","101","0.39","315","50.12","2","0","0","1","138"
"31/7/2026, 00.50.48","E32_WS (Sector A)","28.51","70.24","101.01","0.42","312","50.12","2","0","0","1","138"
"31/7/2026, 00.50.53","E32_WS (Sector A)","28.52","70.27","101","0.47","335","50.12","2","0","0","1","138"
"31/7/2026, 00.50.58","E32_WS (Sector A)","28.52","70.28","101","0.53","339","50.12","2","0","0","1","138"
"31/7/2026, 00.51.03","E32_WS (Sector A)","28.52","70.26","101","0.43","328","50.12","2","0","0","1","138"
"31/7/2026, 00.51.08","E32_WS (Sector A)","28.52","70.27","101.01","0.44","334","50.12","2","0","0","1","138"
"31/7/2026, 00.51.13","E32_WS (Sector A)","28.51","70.24","101","0.44","337","50.12","2","0","0","1","138"
"31/7/2026, 00.51.18","E32_WS (Sector A)","28.51","70.25","101.01","0.45","327","50.12","2","0","0","1","138"
"31/7/2026, 00.51.23","E32_WS (Sector A)","28.51","70.29","101","0.55","311","50.12","2","0","0","1","138"
"31/7/2026, 00.51.28","E32_WS (Sector A)","28.51","70.3","101","0.51","331","50.12","2","0","0","1","138"
"31/7/2026, 00.51.33","E32_WS (Sector A)","28.51","70.3","101.01","0.51","333","50.12","2","0","0","1","138"
"31/7/2026, 00.51.38","E32_WS (Sector A)","28.51","70.3","101","0.49","328","50.12","2","0","0","1","138"
"31/7/2026, 00.51.43","E32_WS (Sector A)","28.51","70.31","101","0.48","322","50.12","2","0","0","1","138"
"31/7/2026, 00.51.48","E32_WS (Sector A)","28.51","70.3","101","0.46","328","50.12","2","0","0","1","138"
"31/7/2026, 00.51.53","E32_WS (Sector A)","28.51","70.33","101","0.43","330","50.12","2","0","0","1","138"
"31/7/2026, 00.51.58","E32_WS (Sector A)","28.51","70.3","101","0.44","330","50.12","2","0","0","1","138"
"31/7/2026, 00.52.03","E32_WS (Sector A)","28.51","70.28","101","0.44","330","50.12","2","0","0","1","138"
"31/7/2026, 00.52.08","E32_WS (Sector A)","28.51","70.27","101","0.51","326","50.12","2","0","0","1","138"
"31/7/2026, 00.52.13","E32_WS (Sector A)","28.51","70.3","101","0.46","335","50.12","2","0","0","1","138"
"31/7/2026, 00.52.18","E32_WS (Sector A)","28.51","70.29","101","0.47","333","50.12","2","0","0","1","138"
"31/7/2026, 00.52.23","E32_WS (Sector A)","28.51","70.27","101","0.46","338","50.12","2","0","0","1","138"
"31/7/2026, 00.52.28","E32_WS (Sector A)","28.51","70.26","101","0.43","328","50.12","2","0","0","1","138"
"31/7/2026, 00.52.33","E32_WS (Sector A)","28.51","70.27","101","0.41","2","50.12","2","0","0","1","138"
"31/7/2026, 00.52.38","E32_WS (Sector A)","28.51","70.19","101","0.47","354","50.12","2","0","0","1","138"
"31/7/2026, 00.52.43","E32_WS (Sector A)","28.51","70.17","101","0.46","359","50.12","2","0","0","1","138"
"31/7/2026, 00.52.48","E32_WS (Sector A)","28.51","70.17","101","0.64","326","50.12","2","0","0","1","138"
"31/7/2026, 00.52.53","E32_WS (Sector A)","28.51","70.22","101","0.64","322","50.12","2","0","0","1","138"
"31/7/2026, 00.52.58","E32_WS (Sector A)","28.5","70.28","101","0.54","340","50.12","2","0","0","1","138"
"31/7/2026, 00.53.03","E32_WS (Sector A)","28.51","70.28","101","0.48","333","50.12","2","0","0","1","138"
"31/7/2026, 00.53.08","E32_WS (Sector A)","28.51","70.28","101","0.45","325","50.12","2","0","0","1","138"
"31/7/2026, 00.53.13","E32_WS (Sector A)","28.51","70.28","101","0.5","349","50.12","2","0","0","1","138"
"31/7/2026, 00.53.18","E32_WS (Sector A)","28.51","70.23","101","0.47","359","50.12","2","0","0","1","138"
"31/7/2026, 00.53.23","E32_WS (Sector A)","28.51","70.22","101","0.39","338","50.12","2","0","0","1","138"
"31/7/2026, 00.53.28","E32_WS (Sector A)","28.51","70.22","101","0.46","304","50.12","2","0","0","1","138"
"31/7/2026, 00.53.33","E32_WS (Sector A)","28.51","70.29","101","0.32","339","50.12","2","0","0","1","138"
"31/7/2026, 00.53.38","E32_WS (Sector A)","28.5","70.29","101","0.38","332","50.12","2","0","0","1","138"
"31/7/2026, 00.53.43","E32_WS (Sector A)","28.5","70.31","101","0.44","312","50.12","2","0","0","1","138"
"31/7/2026, 00.53.48","E32_WS (Sector A)","28.5","70.34","101","0.37","321","50.12","2","0","0","1","138"
"31/7/2026, 00.53.53","E32_WS (Sector A)","28.5","70.36","101","0.4","341","50.12","2","0","0","1","138"
"31/7/2026, 00.53.58","E32_WS (Sector A)","28.5","70.31","101","0.32","338","50.12","2","0","0","1","138"
"31/7/2026, 00.54.03","E32_WS (Sector A)","28.5","70.34","101","0.37","305","50.12","2","0","0","1","138"
"31/7/2026, 00.54.08","E32_WS (Sector A)","28.5","70.36","101","0.44","322","50.12","2","0","0","1","138"
"31/7/2026, 00.54.13","E32_WS (Sector A)","28.5","70.36","101","0.37","353","50.12","2","0","0","1","138"
"31/7/2026, 00.54.18","E32_WS (Sector A)","28.5","70.33","101","0.35","340","50.12","2","0","0","1","138"
"31/7/2026, 00.54.23","E32_WS (Sector A)","28.5","70.27","101","0.49","337","50.12","2","0","0","1","138"
"31/7/2026, 00.54.28","E32_WS (Sector A)","28.5","70.26","101","0.54","329","50.12","2","0","0","1","138"
"31/7/2026, 00.54.33","E32_WS (Sector A)","28.51","70.27","101","0.41","342","50.12","2","0","0","1","138"
"31/7/2026, 00.54.38","E32_WS (Sector A)","28.5","70.26","101","0.37","336","50.12","2","0","0","1","138"
"31/7/2026, 00.54.43","E32_WS (Sector A)","28.5","70.27","101","0.48","326","50.12","2","0","0","1","138"
"31/7/2026, 00.54.48","E32_WS (Sector A)","28.5","70.3","101","0.36","329","50.12","2","0","0","1","138"
"31/7/2026, 00.54.53","E32_WS (Sector A)","28.5","70.33","101","0.42","323","50.12","2","0","0","1","138"
"31/7/2026, 00.54.58","E32_WS (Sector A)","28.5","70.37","101","0.47","325","50.12","2","0","0","1","138"
"31/7/2026, 00.55.03","E32_WS (Sector A)","28.5","70.39","101","0.51","330","50.12","2","0","0","1","138"
"31/7/2026, 00.55.08","E32_WS (Sector A)","28.5","70.41","101","0.49","326","50.12","2","0","0","1","138"
"31/7/2026, 00.55.13","E32_WS (Sector A)","28.5","70.4","101","0.36","19","50.12","2","0","0","1","138"
"31/7/2026, 00.55.18","E32_WS (Sector A)","28.5","70.34","101","0.48","335","50.12","2","0","0","1","138"
"31/7/2026, 00.55.23","E32_WS (Sector A)","28.5","70.35","101","0.59","331","50.12","2","0","0","1","138"
"31/7/2026, 00.55.28","E32_WS (Sector A)","28.5","70.36","101","0.58","332","50.12","2","0","0","1","138"
"31/7/2026, 00.55.33","E32_WS (Sector A)","28.5","70.35","101","0.56","332","50.12","2","0","0","1","138"
"31/7/2026, 00.55.38","E32_WS (Sector A)","28.5","70.31","101","0.55","351","50.12","2","0","0","1","138"
"31/7/2026, 00.55.43","E32_WS (Sector A)","28.5","70.29","101","0.3","340","50.12","2","0","0","1","138"
"31/7/2026, 00.55.48","E32_WS (Sector A)","28.5","70.24","101","0.43","356","50.12","2","0","0","1","138"
"31/7/2026, 00.55.53","E32_WS (Sector A)","28.5","70.25","101","0.56","333","50.12","2","0","0","1","138"
"31/7/2026, 00.55.58","E32_WS (Sector A)","28.5","70.29","101","0.44","328","50.12","2","0","0","1","138"
"31/7/2026, 00.56.03","E32_WS (Sector A)","28.5","70.36","101","0.46","323","50.12","2","0","0","1","138"
"31/7/2026, 00.56.08","E32_WS (Sector A)","28.5","70.38","101","0.39","340","50.12","2","0","0","1","138"
"31/7/2026, 00.56.13","E32_WS (Sector A)","28.5","70.35","101","0.5","336","50.12","2","0","0","1","138"
"31/7/2026, 00.56.18","E32_WS (Sector A)","28.5","70.3","101","0.47","344","50.12","2","0","0","1","138"
"31/7/2026, 00.56.23","E32_WS (Sector A)","28.5","70.26","101","0.45","333","50.12","2","0","0","1","138"
"31/7/2026, 00.56.28","E32_WS (Sector A)","28.5","70.27","101","0.45","323","50.12","2","0","0","1","138"
"31/7/2026, 00.56.33","E32_WS (Sector A)","28.5","70.31","101","0.41","331","50.12","2","0","0","1","138"
"31/7/2026, 00.56.38","E32_WS (Sector A)","28.5","70.29","101","0.43","321","50.12","2","0","0","1","138"
"31/7/2026, 00.56.43","E32_WS (Sector A)","28.5","70.36","101","0.42","324","50.12","2","0","0","1","138"
"31/7/2026, 00.56.48","E32_WS (Sector A)","28.5","70.38","101","0.45","328","50.12","2","0","0","1","138"
"31/7/2026, 00.56.53","E32_WS (Sector A)","28.5","70.38","101","0.49","324","50.12","2","0","0","1","138"
"31/7/2026, 00.56.58","E32_WS (Sector A)","28.5","70.4","101","0.43","325","50.12","2","0","0","1","138"
"31/7/2026, 00.57.03","E32_WS (Sector A)","28.5","70.41","101","0.41","334","50.12","2","0","0","1","138"
"31/7/2026, 00.57.08","E32_WS (Sector A)","28.5","70.36","101","0.43","339","50.12","2","0","0","1","138"
"31/7/2026, 00.57.13","E32_WS (Sector A)","28.5","70.33","101","0.45","340","50.12","2","0","0","1","138"
"31/7/2026, 00.57.18","E32_WS (Sector A)","28.5","70.28","101","0.51","324","50.12","2","0","0","1","138"
"31/7/2026, 00.57.23","E32_WS (Sector A)","28.5","70.3","101","0.5","313","50.12","2","0","0","1","138"
"31/7/2026, 00.57.28","E32_WS (Sector A)","28.5","70.36","101","0.52","321","50.12","2","0","0","1","138"
"31/7/2026, 00.57.33","E32_WS (Sector A)","28.49","70.38","101","0.46","325","50.12","2","0","0","1","138"
"31/7/2026, 00.57.38","E32_WS (Sector A)","28.5","70.4","101","0.34","334","50.12","2","0","0","1","138"
"31/7/2026, 00.57.43","E32_WS (Sector A)","28.49","70.37","101","0.56","356","50.12","2","0","0","1","138"
"31/7/2026, 00.57.48","E32_WS (Sector A)","28.49","70.29","101","0.56","329","50.12","2","0","0","1","138"
"31/7/2026, 00.57.53","E32_WS (Sector A)","28.49","70.3","101","0.7","341","50.12","2","0","0","1","138"
"31/7/2026, 00.57.58","E32_WS (Sector A)","28.49","70.27","101","0.39","359","50.12","2","0","0","1","138"
"31/7/2026, 00.58.03","E32_WS (Sector A)","28.49","70.27","101","0.44","333","50.12","2","0","0","1","138"
"31/7/2026, 00.58.08","E32_WS (Sector A)","28.49","70.28","101","0.53","339","50.12","2","0","0","1","138"
"31/7/2026, 00.58.13","E32_WS (Sector A)","28.5","70.27","101","0.44","326","50.12","2","0","0","1","138"
"31/7/2026, 00.58.18","E32_WS (Sector A)","28.49","70.36","101","0.38","322","50.12","2","0","0","1","138"
"31/7/2026, 00.58.23","E32_WS (Sector A)","28.5","70.38","101","0.47","323","50.12","2","0","0","1","138"
"31/7/2026, 00.58.28","E32_WS (Sector A)","28.5","70.4","101","0.44","324","50.12","2","0","0","1","138"
"31/7/2026, 00.58.33","E32_WS (Sector A)","28.49","70.42","101","0.44","323","50.12","2","0","0","1","138"
"31/7/2026, 00.58.38","E32_WS (Sector A)","28.49","70.42","101","0.45","335","50.12","2","0","0","1","138"
"31/7/2026, 00.58.43","E32_WS (Sector A)","28.5","70.41","101","0.5","325","50.12","2","0","0","1","138"
"31/7/2026, 00.58.48","E32_WS (Sector A)","28.49","70.4","101","0.39","339","50.12","2","0","0","1","138"
"31/7/2026, 00.58.53","E32_WS (Sector A)","28.49","70.39","101","0.54","330","50.12","2","0","0","1","138"
"31/7/2026, 00.58.58","E32_WS (Sector A)","28.49","70.38","101","0.64","338","50.12","2","0","0","1","138"
"31/7/2026, 00.59.03","E32_WS (Sector A)","28.49","70.35","101","0.52","338","50.12","2","0","0","1","138"
"31/7/2026, 00.59.08","E32_WS (Sector A)","28.49","70.31","101","0.49","347","50.12","2","0","0","1","138"
"31/7/2026, 00.59.13","E32_WS (Sector A)","28.49","70.29","101","0.26","348","50.12","2","0","0","1","138"
"31/7/2026, 00.59.18","E32_WS (Sector A)","28.49","70.32","101","0.4","310","50.12","2","0","0","1","138"
"31/7/2026, 00.59.23","E32_WS (Sector A)","28.49","70.39","101","0.25","11","50.12","2","0","0","1","138"
"31/7/2026, 00.59.28","E32_WS (Sector A)","28.49","70.39","101","0.78","326","50.12","2","0","0","1","138"
"31/7/2026, 00.59.33","E32_WS (Sector A)","28.49","70.43","101","0.5","325","50.12","2","0","0","1","138"
"31/7/2026, 00.59.38","E32_WS (Sector A)","28.48","70.46","101","0.46","347","50.12","2","0","0","1","138"
"31/7/2026, 00.59.43","E32_WS (Sector A)","28.48","70.44","101","0.34","357","50.12","2","0","0","1","138"
"31/7/2026, 00.59.48","E32_WS (Sector A)","28.49","70.43","101","0.46","324","50.12","2","0","0","1","138"
"31/7/2026, 00.59.53","E32_WS (Sector A)","28.49","70.45","101","0.14","330","50.12","2","0","0","1","138"
"31/7/2026, 00.59.58","E32_WS (Sector A)","28.48","70.43","101","0.68","335","50.12","2","0","0","1","138"
"31/7/2026, 01.00.03","E32_WS (Sector A)","28.48","70.45","101","0.56","304","50.12","2","0","0","1","138"
"31/7/2026, 01.00.08","E32_WS (Sector A)","28.48","70.49","101","0.67","324","50.12","2","0","0","1","138"
"31/7/2026, 01.00.13","E32_WS (Sector A)","28.48","70.52","101","0.64","313","50.12","2","0","0","1","138"
"31/7/2026, 01.00.18","E32_WS (Sector A)","28.48","70.55","101","0.45","338","50.12","2","0","0","1","138"
"31/7/2026, 01.00.23","E32_WS (Sector A)","28.48","70.53","101","0.51","312","50.12","2","0","0","1","138"
"31/7/2026, 01.00.28","E32_WS (Sector A)","28.48","70.54","101","0.48","323","50.12","2","0","0","1","138"
"31/7/2026, 01.00.33","E32_WS (Sector A)","28.48","70.54","101","0.41","350","50.12","2","0","0","1","138"
"31/7/2026, 01.00.38","E32_WS (Sector A)","28.48","70.52","101","0.32","332","50.12","2","0","0","1","138"
"31/7/2026, 01.00.43","E32_WS (Sector A)","28.48","70.51","101","0.39","323","50.12","2","0","0","1","138"
"31/7/2026, 01.00.48","E32_WS (Sector A)","28.47","70.5","101","0.37","338","50.12","2","0","0","1","138"
"31/7/2026, 01.00.53","E32_WS (Sector A)","28.47","70.48","101","0.39","337","50.12","2","0","0","1","138"
"31/7/2026, 01.00.58","E32_WS (Sector A)","28.47","70.45","101","0.43","330","50.12","2","0","0","1","138"
"31/7/2026, 01.01.03","E32_WS (Sector A)","28.48","70.46","101","0.38","320","50.12","2","0","0","1","138"
"31/7/2026, 01.01.08","E32_WS (Sector A)","28.48","70.45","101","0.27","348","50.12","2","0","0","1","138"
"31/7/2026, 01.01.13","E32_WS (Sector A)","28.47","70.42","101","0.51","319","50.12","2","0","0","1","138"
"31/7/2026, 01.01.18","E32_WS (Sector A)","28.47","70.48","101","0.55","309","50.12","2","0","0","1","138"
"31/7/2026, 01.01.23","E32_WS (Sector A)","28.47","70.49","101","0.55","324","50.12","2","0","0","1","138"
"31/7/2026, 01.01.28","E32_WS (Sector A)","28.47","70.55","101","0.55","345","50.12","2","0","0","1","138"
"31/7/2026, 01.01.33","E32_WS (Sector A)","28.47","70.51","100.99","0.47","331","50.12","2","0","0","1","138"
"31/7/2026, 01.01.38","E32_WS (Sector A)","28.47","70.54","101","0.41","316","50.12","2","0","0","1","138"
"31/7/2026, 01.01.43","E32_WS (Sector A)","28.47","70.56","101","0.4","331","50.12","2","0","0","1","138"
"31/7/2026, 01.01.48","E32_WS (Sector A)","28.47","70.54","101","0.52","335","50.12","2","0","0","1","138"
"31/7/2026, 01.01.53","E32_WS (Sector A)","28.47","70.53","101","0.48","321","50.12","2","0","0","1","138"
"31/7/2026, 01.01.58","E32_WS (Sector A)","28.47","70.55","101","0.46","325","50.12","2","0","0","1","138"
"31/7/2026, 01.02.03","E32_WS (Sector A)","28.47","70.55","101","0.45","326","50.12","2","0","0","1","138"
"31/7/2026, 01.02.08","E32_WS (Sector A)","28.47","70.54","101","0.37","325","50.12","2","0","0","1","138"
"31/7/2026, 01.02.13","E32_WS (Sector A)","28.47","70.53","101","0.33","353","50.12","2","0","0","1","138"
"31/7/2026, 01.02.18","E32_WS (Sector A)","28.47","70.46","101","0.36","320","50.12","2","0","0","1","138"
"31/7/2026, 01.02.23","E32_WS (Sector A)","28.47","70.46","101","0.57","323","50.12","2","0","0","1","138"
"31/7/2026, 01.02.28","E32_WS (Sector A)","28.47","70.5","101","0.53","338","50.12","2","0","0","1","138"
"31/7/2026, 01.02.33","E32_WS (Sector A)","28.47","70.49","101","0.53","334","50.12","2","0","0","1","138"
"31/7/2026, 01.02.38","E32_WS (Sector A)","28.47","70.49","101","0.45","325","50.12","2","0","0","1","138"
"31/7/2026, 01.02.43","E32_WS (Sector A)","28.46","70.48","101","0.31","358","50.12","2","0","0","1","138"
"31/7/2026, 01.02.48","E32_WS (Sector A)","28.47","70.42","101","0.54","344","50.12","2","0","0","1","138"
"31/7/2026, 01.02.53","E32_WS (Sector A)","28.47","70.4","101","0.39","317","50.12","2","0","0","1","138"
"31/7/2026, 01.02.58","E32_WS (Sector A)","28.47","70.43","101","0.51","329","50.12","2","0","0","1","138"
"31/7/2026, 01.03.03","E32_WS (Sector A)","28.47","70.43","101","0.69","342","50.12","2","0","0","1","138"
"31/7/2026, 01.03.08","E32_WS (Sector A)","28.47","70.41","101","0.31","351","50.12","2","0","0","1","138"
"31/7/2026, 01.03.13","E32_WS (Sector A)","28.46","70.39","101","0.22","340","50.12","2","0","0","1","138"
"31/7/2026, 01.03.18","E32_WS (Sector A)","28.47","70.36","101","0.52","348","50.12","2","0","0","1","138"
"31/7/2026, 01.03.23","E32_WS (Sector A)","28.47","70.36","100.99","0.48","339","50.12","2","0","0","1","138"
"31/7/2026, 01.03.28","E32_WS (Sector A)","28.47","70.35","100.99","0.52","339","50.12","2","0","0","1","138"
"31/7/2026, 01.03.33","E32_WS (Sector A)","28.47","70.4","100.99","0.51","320","50.12","2","0","0","1","138"
"31/7/2026, 01.03.38","E32_WS (Sector A)","28.47","70.43","101","0.51","345","50.12","2","0","0","1","138"
"31/7/2026, 01.03.43","E32_WS (Sector A)","28.47","70.42","101","0.42","345","50.12","2","0","0","1","138"
"31/7/2026, 01.03.48","E32_WS (Sector A)","28.47","70.38","101","0.41","327","50.12","2","0","0","1","138"
"31/7/2026, 01.03.53","E32_WS (Sector A)","28.47","70.4","100.99","0.38","323","50.12","2","0","0","1","138"
"31/7/2026, 01.03.58","E32_WS (Sector A)","28.47","70.43","100.99","0.32","351","50.12","2","0","0","1","138"
"31/7/2026, 01.04.03","E32_WS (Sector A)","28.47","70.4","100.99","0.53","317","50.12","2","0","0","1","138"
"31/7/2026, 01.04.08","E32_WS (Sector A)","28.47","70.48","100.99","0.41","339","50.12","2","0","0","1","138"
"31/7/2026, 01.04.13","E32_WS (Sector A)","28.47","70.49","100.99","0.44","322","50.12","2","0","0","1","138"
"31/7/2026, 01.04.18","E32_WS (Sector A)","28.47","70.52","100.99","0.31","327","50.12","2","0","0","1","138"
"31/7/2026, 01.04.23","E32_WS (Sector A)","28.47","70.5","100.99","0.36","337","50.12","2","0","0","1","138"
"31/7/2026, 01.04.28","E32_WS (Sector A)","28.47","70.48","100.99","0.26","335","50.12","2","0","0","1","138"
"31/7/2026, 01.04.33","E32_WS (Sector A)","28.47","70.44","100.99","0.42","351","50.12","2","0","0","1","138"
"31/7/2026, 01.04.38","E32_WS (Sector A)","28.47","70.39","101","0.33","0","50.12","2","0","0","1","138"
"31/7/2026, 01.04.43","E32_WS (Sector A)","28.47","70.38","100.99","0.52","348","50.12","2","0","0","1","138"
"31/7/2026, 01.04.48","E32_WS (Sector A)","28.47","70.37","100.99","0.56","324","50.12","2","0","0","1","138"
"31/7/2026, 01.04.53","E32_WS (Sector A)","28.47","70.42","100.99","0.43","330","50.12","2","0","0","1","138"
"31/7/2026, 01.04.58","E32_WS (Sector A)","28.47","70.46","100.99","0.43","318","50.12","2","0","0","1","138"
"31/7/2026, 01.05.03","E32_WS (Sector A)","28.47","70.5","100.99","0.42","354","50.12","2","0","0","1","138"
"31/7/2026, 01.05.08","E32_WS (Sector A)","28.47","70.48","101","0.51","359","50.12","2","0","0","1","138"
"31/7/2026, 01.05.13","E32_WS (Sector A)","28.47","70.43","101","0.58","326","50.12","2","0","0","1","138"
"31/7/2026, 01.05.18","E32_WS (Sector A)","28.47","70.46","100.99","0.4","14","50.12","2","0","0","1","138"
"31/7/2026, 01.05.23","E32_WS (Sector A)","28.47","70.48","100.99","0.45","295","50.12","2","0","0","1","138"
"31/7/2026, 01.05.28","E32_WS (Sector A)","28.47","70.52","100.99","0.51","335","50.12","2","0","0","1","138"
"31/7/2026, 01.05.33","E32_WS (Sector A)","28.47","70.52","100.99","0.45","336","50.12","2","0","0","1","138"
"31/7/2026, 01.05.38","E32_WS (Sector A)","28.47","70.5","100.99","0.42","327","50.12","2","0","0","1","138"
"31/7/2026, 01.05.43","E32_WS (Sector A)","28.47","70.49","100.99","0.3","325","50.12","2","0","0","1","138"
"31/7/2026, 01.05.48","E32_WS (Sector A)","28.47","70.49","100.99","0.51","315","50.12","2","0","0","1","138"
"31/7/2026, 01.05.53","E32_WS (Sector A)","28.47","70.51","100.99","0.45","325","50.12","2","0","0","1","138"
"31/7/2026, 01.05.58","E32_WS (Sector A)","28.47","70.54","100.99","0.55","321","50.12","2","0","0","1","138"
"31/7/2026, 01.06.03","E32_WS (Sector A)","28.47","70.55","100.99","0.51","320","50.12","2","0","0","1","138"
"31/7/2026, 01.06.08","E32_WS (Sector A)","28.46","70.57","100.99","0.5","320","50.12","2","0","0","1","138"
"31/7/2026, 01.06.13","E32_WS (Sector A)","28.46","70.6","100.99","0.49","352","50.12","2","0","0","1","138"
"31/7/2026, 01.06.18","E32_WS (Sector A)","28.46","70.56","100.99","0.43","326","50.12","2","0","0","1","138"
"31/7/2026, 01.06.23","E32_WS (Sector A)","28.46","70.56","100.99","0.43","325","50.12","2","0","0","1","138"
"31/7/2026, 01.06.28","E32_WS (Sector A)","28.46","70.59","100.99","0.41","332","50.12","2","0","0","1","138"
"31/7/2026, 01.06.33","E32_WS (Sector A)","28.46","70.59","100.99","0.37","331","50.12","2","0","0","1","138"
"31/7/2026, 01.06.38","E32_WS (Sector A)","28.46","70.56","100.99","0.56","340","50.12","2","0","0","1","138"
"31/7/2026, 01.06.43","E32_WS (Sector A)","28.46","70.54","100.98","0.54","329","50.12","2","0","0","1","138"
"31/7/2026, 01.06.48","E32_WS (Sector A)","28.46","70.54","100.99","0.5","312","50.12","2","0","0","1","138"
"31/7/2026, 01.06.53","E32_WS (Sector A)","28.46","70.55","100.99","0.39","337","50.12","2","0","0","1","138"
"31/7/2026, 01.06.58","E32_WS (Sector A)","28.46","70.55","100.99","0.37","335","50.12","2","0","0","1","138"
"31/7/2026, 01.07.03","E32_WS (Sector A)","28.46","70.52","100.98","0.44","337","50.12","2","0","0","1","138"
"31/7/2026, 01.07.08","E32_WS (Sector A)","28.46","70.49","100.99","0.42","339","50.12","2","0","0","1","138"
"31/7/2026, 01.07.13","E32_WS (Sector A)","28.46","70.48","100.99","0.62","358","50.12","2","0","0","1","138"
"31/7/2026, 01.07.18","E32_WS (Sector A)","28.46","70.47","100.99","0.24","292","50.12","2","0","0","1","138"
"31/7/2026, 01.07.23","E32_WS (Sector A)","28.46","70.54","100.99","0.47","304","50.12","2","0","0","1","138"
"31/7/2026, 01.07.28","E32_WS (Sector A)","28.46","70.58","100.99","0.49","346","50.12","2","0","0","1","138"
"31/7/2026, 01.07.33","E32_WS (Sector A)","28.47","70.55","100.99","0.37","331","50.12","2","0","0","1","138"
"31/7/2026, 01.07.38","E32_WS (Sector A)","28.47","70.54","100.99","0.44","330","50.12","2","0","0","1","138"
"31/7/2026, 01.07.43","E32_WS (Sector A)","28.47","70.55","100.99","0.49","318","50.12","2","0","0","1","138"
"31/7/2026, 01.07.48","E32_WS (Sector A)","28.46","70.57","100.98","0.35","317","50.12","2","0","0","1","138"
"31/7/2026, 01.07.53","E32_WS (Sector A)","28.46","70.59","100.99","0.28","320","50.12","2","0","0","1","138"
"31/7/2026, 01.07.58","E32_WS (Sector A)","28.46","70.58","100.98","0.47","322","50.12","2","0","0","1","138"
"31/7/2026, 01.08.03","E32_WS (Sector A)","28.47","70.57","100.98","0.41","327","50.12","2","0","0","1","138"
"31/7/2026, 01.08.08","E32_WS (Sector A)","28.47","70.57","100.98","0.29","341","50.12","2","0","0","1","138"
"31/7/2026, 01.08.13","E32_WS (Sector A)","28.47","70.5","100.98","0.36","355","50.12","2","0","0","1","138"
"31/7/2026, 01.08.18","E32_WS (Sector A)","28.46","70.48","100.99","0.35","313","50.12","2","0","0","1","138"
"31/7/2026, 01.08.23","E32_WS (Sector A)","28.47","70.51","100.99","0.35","345","50.12","2","0","0","1","138"
"31/7/2026, 01.08.28","E32_WS (Sector A)","28.47","70.5","100.98","0.47","346","50.12","2","0","0","1","138"
"31/7/2026, 01.08.33","E32_WS (Sector A)","28.47","70.49","100.98","0.24","332","50.12","2","0","0","1","138"
"31/7/2026, 01.08.38","E32_WS (Sector A)","28.46","70.48","100.98","0.35","341","50.12","2","0","0","1","138"
"31/7/2026, 01.08.43","E32_WS (Sector A)","28.47","70.49","100.98","0.45","338","50.12","2","0","0","1","138"
"31/7/2026, 01.08.48","E32_WS (Sector A)","28.47","70.48","100.98","0.53","354","50.12","2","0","0","1","138"
"31/7/2026, 01.08.53","E32_WS (Sector A)","28.47","70.43","100.99","0.53","344","50.12","2","0","0","1","138"
"31/7/2026, 01.08.58","E32_WS (Sector A)","28.47","70.41","100.98","0.45","347","50.12","2","0","0","1","138"
"31/7/2026, 01.09.03","E32_WS (Sector A)","28.47","70.41","100.98","0.3","342","50.12","2","0","0","1","138"
"31/7/2026, 01.09.08","E32_WS (Sector A)","28.47","70.4","100.98","0.53","335","50.12","2","0","0","1","138"
"31/7/2026, 01.09.13","E32_WS (Sector A)","28.47","70.41","100.98","0.45","342","50.12","2","0","0","1","138"
"31/7/2026, 01.09.18","E32_WS (Sector A)","28.47","70.41","100.98","0.58","356","50.12","2","0","0","1","138"
"31/7/2026, 01.09.23","E32_WS (Sector A)","28.47","70.37","100.98","0.43","326","50.12","2","0","0","1","138"
"31/7/2026, 01.09.28","E32_WS (Sector A)","28.47","70.43","100.98","0.39","349","50.12","2","0","0","1","138"
"31/7/2026, 01.09.33","E32_WS (Sector A)","28.47","70.43","100.98","0.41","315","50.12","2","0","0","1","138"
"31/7/2026, 01.09.38","E32_WS (Sector A)","28.47","70.49","100.98","0.38","336","50.12","2","0","0","1","138"
"31/7/2026, 01.09.43","E32_WS (Sector A)","28.47","70.47","100.98","0.35","321","50.12","2","0","0","1","138"
"31/7/2026, 01.09.48","E32_WS (Sector A)","28.47","70.45","100.98","0.39","321","50.12","2","0","0","1","138"
"31/7/2026, 01.09.53","E32_WS (Sector A)","28.47","70.48","100.98","0.46","323","50.12","2","0","0","1","138"
"31/7/2026, 01.09.58","E32_WS (Sector A)","28.47","70.5","100.98","0.41","319","50.12","2","0","0","1","138"
"31/7/2026, 01.10.03","E32_WS (Sector A)","28.47","70.54","100.98","0.35","318","50.12","2","0","0","1","138"
"31/7/2026, 01.10.08","E32_WS (Sector A)","28.47","70.55","100.98","0.37","348","50.12","2","0","0","1","138"
"31/7/2026, 01.10.13","E32_WS (Sector A)","28.47","70.52","100.98","0.51","332","50.12","2","0","0","1","138"
"31/7/2026, 01.10.18","E32_WS (Sector A)","28.47","70.53","100.98","0.43","319","50.12","2","0","0","1","138"
"31/7/2026, 01.10.23","E32_WS (Sector A)","28.47","70.57","100.98","0.46","315","50.12","2","0","0","1","138"
"31/7/2026, 01.10.28","E32_WS (Sector A)","28.47","70.56","100.98","0.46","325","50.12","2","0","0","1","138"
"31/7/2026, 01.10.33","E32_WS (Sector A)","28.47","70.56","100.98","0.43","339","50.12","2","0","0","1","138"
"31/7/2026, 01.10.38","E32_WS (Sector A)","28.47","70.55","100.98","0.41","342","50.12","2","0","0","1","138"
"31/7/2026, 01.10.43","E32_WS (Sector A)","28.47","70.5","100.98","0.37","0","50.12","2","0","0","1","138"
"31/7/2026, 01.10.48","E32_WS (Sector A)","28.47","70.45","100.98","0.55","358","50.12","2","0","0","1","138"
"31/7/2026, 01.10.53","E32_WS (Sector A)","28.47","70.43","100.98","0.38","308","50.12","2","0","0","1","138"
"31/7/2026, 01.10.58","E32_WS (Sector A)","28.47","70.48","100.98","0.65","5","50.12","2","0","0","1","138"
"31/7/2026, 01.11.03","E32_WS (Sector A)","28.47","70.46","100.98","0.35","322","50.12","2","0","0","1","138"
"31/7/2026, 01.11.08","E32_WS (Sector A)","28.47","70.46","100.98","0.28","2","50.12","2","0","0","1","138"
"31/7/2026, 01.11.13","E32_WS (Sector A)","28.47","70.44","100.98","0.51","351","50.12","2","0","0","1","138"
"31/7/2026, 01.11.18","E32_WS (Sector A)","28.47","70.44","100.98","0.33","319","50.12","2","0","0","1","138"
"31/7/2026, 01.11.23","E32_WS (Sector A)","28.47","70.44","100.98","0.34","341","50.12","2","0","0","1","138"
"31/7/2026, 01.11.28","E32_WS (Sector A)","28.47","70.43","100.98","0.38","311","50.12","2","0","0","1","138"
"31/7/2026, 01.11.33","E32_WS (Sector A)","28.47","70.44","100.98","0.44","317","50.12","2","0","0","1","138"
"31/7/2026, 01.11.38","E32_WS (Sector A)","28.47","70.47","100.98","0.51","345","50.12","2","0","0","1","138"
"31/7/2026, 01.11.43","E32_WS (Sector A)","28.47","70.44","100.98","0.22","0","50.12","2","0","0","1","138"
"31/7/2026, 01.11.48","E32_WS (Sector A)","28.47","70.44","100.98","0.5","327","50.12","2","0","0","1","138"
"31/7/2026, 01.11.53","E32_WS (Sector A)","28.47","70.46","100.98","0.65","316","50.12","2","0","0","1","138"
"31/7/2026, 01.11.58","E32_WS (Sector A)","28.46","70.49","100.98","0.59","305","50.12","2","0","0","1","138"
"31/7/2026, 01.12.03","E32_WS (Sector A)","28.46","70.52","100.98","0.42","310","50.12","2","0","0","1","138"
"31/7/2026, 01.12.08","E32_WS (Sector A)","28.46","70.53","100.98","0.56","1","50.12","2","0","0","1","138"
"31/7/2026, 01.12.13","E32_WS (Sector A)","28.47","70.53","100.98","0.34","328","50.12","2","0","0","1","138"
"31/7/2026, 01.12.18","E32_WS (Sector A)","28.46","70.53","100.98","0.46","321","50.12","2","0","0","1","138"
"31/7/2026, 01.12.23","E32_WS (Sector A)","28.46","70.52","100.98","0.5","329","50.12","2","0","0","1","138"
"31/7/2026, 01.12.28","E32_WS (Sector A)","28.47","70.53","100.98","0.52","327","50.12","2","0","0","1","138"
"31/7/2026, 01.12.33","E32_WS (Sector A)","28.47","70.54","100.98","0.37","347","50.12","2","0","0","1","138"
"31/7/2026, 01.12.38","E32_WS (Sector A)","28.46","70.5","100.98","0.4","347","50.12","2","0","0","1","138"
"31/7/2026, 01.12.43","E32_WS (Sector A)","28.46","70.49","100.98","0.55","293","50.12","2","0","0","1","138"
"31/7/2026, 01.12.48","E32_WS (Sector A)","28.46","70.53","100.98","0.56","323","50.12","2","0","0","1","138"
"31/7/2026, 01.12.53","E32_WS (Sector A)","28.46","70.56","100.98","0.47","354","50.12","2","0","0","1","138"
"31/7/2026, 01.12.58","E32_WS (Sector A)","28.46","70.54","100.98","0.58","1","50.12","2","0","0","1","138"
"31/7/2026, 01.13.03","E32_WS (Sector A)","28.46","70.48","100.98","0.58","358","50.12","2","0","0","1","138"
"31/7/2026, 01.13.08","E32_WS (Sector A)","28.46","70.49","100.98","0.59","323","50.12","2","0","0","1","138"
"31/7/2026, 01.13.13","E32_WS (Sector A)","28.46","70.54","100.98","0.46","317","50.12","2","0","0","1","138"
"31/7/2026, 01.13.18","E32_WS (Sector A)","28.46","70.53","100.98","0.42","326","50.12","2","0","0","1","138"
"31/7/2026, 01.13.23","E32_WS (Sector A)","28.46","70.52","100.98","0.58","316","50.12","2","0","0","1","138"
"31/7/2026, 01.13.28","E32_WS (Sector A)","28.46","70.55","100.98","0.5","327","50.12","2","0","0","1","138"
"31/7/2026, 01.13.33","E32_WS (Sector A)","28.45","70.53","100.98","0.63","342","50.12","2","0","0","1","138"
"31/7/2026, 01.13.38","E32_WS (Sector A)","28.45","70.52","100.98","0.75","331","50.12","2","0","0","1","138"
"31/7/2026, 01.13.43","E32_WS (Sector A)","28.45","70.54","100.98","0.56","330","50.12","2","0","0","1","138"
"31/7/2026, 01.13.48","E32_WS (Sector A)","28.45","70.53","100.98","0.58","350","50.12","2","0","0","1","138"
"31/7/2026, 01.13.53","E32_WS (Sector A)","28.45","70.49","100.98","0.57","358","50.12","2","0","0","1","138"
"31/7/2026, 01.13.58","E32_WS (Sector A)","28.45","70.48","100.98","0.37","343","50.12","2","0","0","1","138"
"31/7/2026, 01.14.03","E32_WS (Sector A)","28.46","70.48","100.98","0.49","333","50.12","2","0","0","1","138"
"31/7/2026, 01.14.08","E32_WS (Sector A)","28.46","70.47","100.99","0.51","320","50.12","2","0","0","1","138"
"31/7/2026, 01.14.13","E32_WS (Sector A)","28.46","70.49","100.98","0.52","331","50.12","2","0","0","1","138"
"31/7/2026, 01.14.18","E32_WS (Sector A)","28.46","70.51","100.98","0.44","351","50.12","2","0","0","1","138"
"31/7/2026, 01.14.23","E32_WS (Sector A)","28.45","70.54","100.98","0.53","0","50.12","2","0","0","1","138"
"31/7/2026, 01.14.28","E32_WS (Sector A)","28.45","70.55","100.98","0.54","300","50.12","2","0","0","1","138"
"31/7/2026, 01.14.33","E32_WS (Sector A)","28.45","70.59","100.98","0.38","312","50.12","2","0","0","1","138"
"31/7/2026, 01.14.38","E32_WS (Sector A)","28.45","70.6","100.98","0.4","311","50.12","2","0","0","1","138"
"31/7/2026, 01.14.43","E32_WS (Sector A)","28.45","70.62","100.98","0.37","318","50.12","2","0","0","1","138"
"31/7/2026, 01.14.48","E32_WS (Sector A)","28.45","70.62","100.98","0.36","318","50.12","2","0","0","1","138"
"31/7/2026, 01.14.53","E32_WS (Sector A)","28.45","70.62","100.98","0.56","339","50.12","2","0","0","1","138"
"31/7/2026, 01.14.58","E32_WS (Sector A)","28.44","70.59","100.98","0.41","358","50.12","2","0","0","1","138"
"31/7/2026, 01.15.03","E32_WS (Sector A)","28.44","70.56","100.98","0.38","345","50.12","2","0","0","1","138"
"31/7/2026, 01.15.08","E32_WS (Sector A)","28.45","70.55","100.98","0.34","329","50.12","2","0","0","1","138"
"31/7/2026, 01.15.13","E32_WS (Sector A)","28.44","70.56","100.98","0.33","304","50.12","2","0","0","1","138"
"31/7/2026, 01.15.18","E32_WS (Sector A)","28.44","70.57","100.98","0.49","303","50.12","2","0","0","1","138"
"31/7/2026, 01.15.23","E32_WS (Sector A)","28.44","70.61","100.98","0.36","323","50.12","2","0","0","1","138"
"31/7/2026, 01.15.28","E32_WS (Sector A)","28.44","70.6","100.98","0.27","357","50.12","2","0","0","1","138"
"31/7/2026, 01.15.33","E32_WS (Sector A)","28.44","70.58","100.98","0.29","321","50.12","2","0","0","1","138"
"31/7/2026, 01.15.38","E32_WS (Sector A)","28.44","70.57","100.98","0.39","308","50.12","2","0","0","1","138"
"31/7/2026, 01.15.43","E32_WS (Sector A)","28.44","70.59","100.98","0.59","305","50.12","2","0","0","1","138"
"31/7/2026, 01.15.48","E32_WS (Sector A)","28.43","70.64","100.98","0.36","316","50.12","2","0","0","1","138"
"31/7/2026, 01.15.53","E32_WS (Sector A)","28.44","70.67","100.98","0.32","344","50.12","2","0","0","1","138"
"31/7/2026, 01.15.58","E32_WS (Sector A)","28.44","70.62","100.98","0.44","343","50.12","2","0","0","1","138"
"31/7/2026, 01.16.03","E32_WS (Sector A)","28.44","70.61","100.98","0.58","332","50.12","2","0","0","1","138"
"31/7/2026, 01.16.08","E32_WS (Sector A)","28.43","70.58","100.98","0.72","336","50.12","2","0","0","1","138"
"31/7/2026, 01.16.13","E32_WS (Sector A)","28.43","70.6","100.98","0.63","329","50.12","2","0","0","1","138"
"31/7/2026, 01.16.18","E32_WS (Sector A)","28.44","70.58","100.98","0.44","15","50.12","2","0","0","1","138"
"31/7/2026, 01.16.23","E32_WS (Sector A)","28.44","70.56","100.98","0.33","339","50.12","2","0","0","1","138"
"31/7/2026, 01.16.28","E32_WS (Sector A)","28.44","70.51","100.98","0.46","341","50.12","2","0","0","1","138"
"31/7/2026, 01.16.33","E32_WS (Sector A)","28.44","70.5","100.98","0.36","338","50.12","2","0","0","1","138"
"31/7/2026, 01.16.38","E32_WS (Sector A)","28.44","70.48","100.98","0.37","328","50.12","2","0","0","1","138"
"31/7/2026, 01.16.43","E32_WS (Sector A)","28.44","70.48","100.98","0.46","317","50.12","2","0","0","1","138"
"31/7/2026, 01.16.48","E32_WS (Sector A)","28.43","70.54","100.98","0.54","306","50.12","2","0","0","1","138"
"31/7/2026, 01.16.53","E32_WS (Sector A)","28.44","70.59","100.98","0.47","319","50.12","2","0","0","1","138"
"31/7/2026, 01.16.58","E32_WS (Sector A)","28.44","70.62","100.98","0.41","324","50.12","2","0","0","1","138"
"31/7/2026, 01.17.03","E32_WS (Sector A)","28.44","70.62","100.98","0.42","319","50.12","2","0","0","1","138"
"31/7/2026, 01.17.08","E32_WS (Sector A)","28.44","70.63","100.97","0.34","339","50.12","2","0","0","1","138"
"31/7/2026, 01.17.13","E32_WS (Sector A)","28.44","70.59","100.97","0.61","2","50.12","2","0","0","1","138"
"31/7/2026, 01.17.18","E32_WS (Sector A)","28.44","70.56","100.97","0.7","337","50.12","2","0","0","1","138"
"31/7/2026, 01.17.23","E32_WS (Sector A)","28.43","70.54","100.98","0.64","343","50.12","2","0","0","1","138"
"31/7/2026, 01.17.28","E32_WS (Sector A)","28.44","70.5","100.98","0.51","347","50.12","2","0","0","1","138"
"31/7/2026, 01.17.33","E32_WS (Sector A)","28.43","70.49","100.98","0.38","327","50.12","2","0","0","1","138"
"31/7/2026, 01.17.38","E32_WS (Sector A)","28.43","70.55","100.97","0.48","324","50.12","2","0","0","1","138"
"31/7/2026, 01.17.43","E32_WS (Sector A)","28.43","70.59","100.98","0.33","333","50.12","2","0","0","1","138"
"31/7/2026, 01.17.48","E32_WS (Sector A)","28.44","70.56","100.97","0.58","334","50.12","2","0","0","1","138"
"31/7/2026, 01.17.53","E32_WS (Sector A)","28.43","70.55","100.97","0.5","317","50.12","2","0","0","1","138"
"31/7/2026, 01.17.58","E32_WS (Sector A)","28.43","70.58","100.97","0.38","321","50.12","2","0","0","1","138"
"31/7/2026, 01.18.03","E32_WS (Sector A)","28.43","70.61","100.97","0.28","330","50.12","2","0","0","1","138"
"31/7/2026, 01.18.08","E32_WS (Sector A)","28.43","70.57","100.97","0.52","0","50.12","2","0","0","1","138"
"31/7/2026, 01.18.13","E32_WS (Sector A)","28.43","70.54","100.97","0.5","350","50.12","2","0","0","1","138"
"31/7/2026, 01.18.18","E32_WS (Sector A)","28.44","70.49","100.98","0.43","323","50.12","2","0","0","1","138"
"31/7/2026, 01.18.23","E32_WS (Sector A)","28.43","70.51","100.97","0.53","322","50.12","2","0","0","1","138"
"31/7/2026, 01.18.28","E32_WS (Sector A)","28.44","70.54","100.97","0.49","324","50.12","2","0","0","1","138"
"31/7/2026, 01.18.33","E32_WS (Sector A)","28.43","70.56","100.98","0.43","340","50.12","2","0","0","1","138"
"31/7/2026, 01.18.38","E32_WS (Sector A)","28.44","70.53","100.97","0.34","340","50.12","2","0","0","1","138"
"31/7/2026, 01.18.43","E32_WS (Sector A)","28.44","70.49","100.97","0.47","336","50.12","2","0","0","1","138"
"31/7/2026, 01.18.48","E32_WS (Sector A)","28.43","70.5","100.97","0.56","328","50.12","2","0","0","1","138"
"31/7/2026, 01.18.53","E32_WS (Sector A)","28.43","70.51","100.97","0.34","334","50.12","2","0","0","1","138"
"31/7/2026, 01.18.58","E32_WS (Sector A)","28.44","70.5","100.97","0.46","340","50.12","2","0","0","1","138"
"31/7/2026, 01.19.03","E32_WS (Sector A)","28.44","70.46","100.97","0.51","336","50.12","2","0","0","1","138"
"31/7/2026, 01.19.08","E32_WS (Sector A)","28.44","70.45","100.97","0.51","331","50.12","2","0","0","1","138"
"31/7/2026, 01.19.13","E32_WS (Sector A)","28.44","70.44","100.97","0.66","352","50.12","2","0","0","1","138"
"31/7/2026, 01.19.18","E32_WS (Sector A)","28.44","70.44","100.97","0.63","298","50.12","2","0","0","1","138"
"31/7/2026, 01.19.23","E32_WS (Sector A)","28.43","70.55","100.97","0.4","315","50.12","2","0","0","1","138"
"31/7/2026, 01.19.28","E32_WS (Sector A)","28.43","70.58","100.97","0.35","329","50.12","2","0","0","1","138"
"31/7/2026, 01.19.33","E32_WS (Sector A)","28.43","70.58","100.97","0.49","352","50.12","2","0","0","1","138"
"31/7/2026, 01.19.38","E32_WS (Sector A)","28.43","70.58","100.97","0.48","332","50.12","2","0","0","1","138"
"31/7/2026, 01.19.43","E32_WS (Sector A)","28.42","70.57","100.97","0.35","316","50.12","2","0","0","1","138"
"31/7/2026, 01.19.48","E32_WS (Sector A)","28.42","70.56","100.97","0.33","320","50.12","2","0","0","1","138"
"31/7/2026, 01.19.53","E32_WS (Sector A)","28.43","70.55","100.97","0.5","325","50.12","2","0","0","1","138"
"31/7/2026, 01.19.58","E32_WS (Sector A)","28.43","70.52","100.97","0.44","346","50.12","2","0","0","1","138"
"31/7/2026, 01.20.03","E32_WS (Sector A)","28.43","70.49","100.97","0.45","335","50.12","2","0","0","1","138"
"31/7/2026, 01.20.08","E32_WS (Sector A)","28.43","70.53","100.97","0.43","327","50.12","2","0","0","1","138"
"31/7/2026, 01.20.13","E32_WS (Sector A)","28.42","70.56","100.97","0.48","303","50.12","2","0","0","1","138"
"31/7/2026, 01.20.18","E32_WS (Sector A)","28.42","70.62","100.97","0.41","315","50.12","2","0","0","1","138"
"31/7/2026, 01.20.23","E32_WS (Sector A)","28.43","70.64","100.97","0.29","331","50.12","2","0","0","1","138"
"31/7/2026, 01.20.28","E32_WS (Sector A)","28.42","70.63","100.97","0.42","331","50.12","2","0","0","1","138"
"31/7/2026, 01.20.33","E32_WS (Sector A)","28.42","70.62","100.97","0.43","348","50.12","2","0","0","1","138"
"31/7/2026, 01.20.38","E32_WS (Sector A)","28.42","70.57","100.97","0.47","346","50.12","2","0","0","1","138"
"31/7/2026, 01.20.43","E32_WS (Sector A)","28.43","70.53","100.97","0.44","340","50.12","2","0","0","1","138"
"31/7/2026, 01.20.48","E32_WS (Sector A)","28.42","70.52","100.97","0.44","312","50.12","2","0","0","1","138"
"31/7/2026, 01.20.53","E32_WS (Sector A)","28.42","70.58","100.97","0.4","333","50.12","2","0","0","1","138"
"31/7/2026, 01.20.58","E32_WS (Sector A)","28.42","70.61","100.97","0.43","322","50.12","2","0","0","1","138"
"31/7/2026, 01.21.03","E32_WS (Sector A)","28.42","70.63","100.97","0.48","323","50.12","2","0","0","1","138"
"31/7/2026, 01.21.08","E32_WS (Sector A)","28.42","70.63","100.97","0.43","321","50.12","2","0","0","1","138"
"31/7/2026, 01.21.13","E32_WS (Sector A)","28.42","70.64","100.97","0.38","323","50.12","2","0","0","1","138"
"31/7/2026, 01.21.18","E32_WS (Sector A)","28.41","70.65","100.97","0.41","319","50.12","2","0","0","1","138"
"31/7/2026, 01.21.23","E32_WS (Sector A)","28.42","70.65","100.97","0.33","325","50.12","2","0","0","1","138"
"31/7/2026, 01.21.28","E32_WS (Sector A)","28.42","70.62","100.97","0.39","333","50.12","2","0","0","1","138"
"31/7/2026, 01.21.33","E32_WS (Sector A)","28.42","70.57","100.97","0.38","5","50.12","2","0","0","1","138"
"31/7/2026, 01.21.38","E32_WS (Sector A)","28.41","70.53","100.97","0.35","326","50.12","2","0","0","1","138"
"31/7/2026, 01.21.43","E32_WS (Sector A)","28.41","70.53","100.96","0.33","348","50.12","2","0","0","1","138"
"31/7/2026, 01.21.48","E32_WS (Sector A)","28.41","70.52","100.96","0.51","309","50.12","2","0","0","1","138"
"31/7/2026, 01.21.53","E32_WS (Sector A)","28.41","70.54","100.96","0.61","319","50.12","2","0","0","1","138"
"31/7/2026, 01.21.58","E32_WS (Sector A)","28.41","70.58","100.96","0.5","332","50.12","2","0","0","1","138"
"31/7/2026, 01.22.03","E32_WS (Sector A)","28.41","70.57","100.97","0.31","0","50.12","2","0","0","1","138"
"31/7/2026, 01.22.08","E32_WS (Sector A)","28.41","70.58","100.97","0.37","317","50.12","2","0","0","1","138"
"31/7/2026, 01.22.13","E32_WS (Sector A)","28.41","70.62","100.96","0.46","303","50.12","2","0","0","1","138"
"31/7/2026, 01.22.18","E32_WS (Sector A)","28.4","70.66","100.96","0.49","313","50.12","2","0","0","1","138"
"31/7/2026, 01.22.23","E32_WS (Sector A)","28.4","70.69","100.96","0.39","312","50.12","2","0","0","1","138"
"31/7/2026, 01.22.28","E32_WS (Sector A)","28.4","70.68","100.97","0.5","356","50.12","2","0","0","1","138"
"31/7/2026, 01.22.33","E32_WS (Sector A)","28.4","70.65","100.96","0.6","320","50.12","2","0","0","1","138"
"31/7/2026, 01.22.38","E32_WS (Sector A)","28.4","70.6","100.96","0.39","339","50.12","2","0","0","1","138"
"31/7/2026, 01.22.43","E32_WS (Sector A)","28.4","70.57","100.96","0.27","305","50.12","2","0","0","1","138"
"31/7/2026, 01.22.48","E32_WS (Sector A)","28.4","70.54","100.96","0.24","270","50.12","2","0","0","1","138"
"31/7/2026, 01.22.53","E32_WS (Sector A)","28.4","70.57","100.97","0.38","308","50.12","2","0","0","1","138"
"31/7/2026, 01.22.58","E32_WS (Sector A)","28.4","70.59","100.96","0.51","318","50.12","2","0","0","1","138"
"31/7/2026, 01.23.03","E32_WS (Sector A)","28.4","70.6","100.96","0.59","351","50.12","2","0","0","1","138"
"31/7/2026, 01.23.08","E32_WS (Sector A)","28.4","70.59","100.96","0.31","348","50.12","2","0","0","1","138"
"31/7/2026, 01.23.13","E32_WS (Sector A)","28.4","70.56","100.96","0.2","344","50.12","2","0","0","1","138"
"31/7/2026, 01.23.18","E32_WS (Sector A)","28.4","70.53","100.96","0.38","16","50.12","2","0","0","1","138"
"31/7/2026, 01.23.23","E32_WS (Sector A)","28.4","70.54","100.96","0.59","341","50.12","2","0","0","1","138"
"31/7/2026, 01.23.28","E32_WS (Sector A)","28.4","70.54","100.96","0.83","350","50.12","2","0","0","1","138"
"31/7/2026, 01.23.33","E32_WS (Sector A)","28.4","70.55","100.96","0.4","340","50.12","2","0","0","1","138"
"31/7/2026, 01.23.38","E32_WS (Sector A)","28.4","70.55","100.96","0.43","299","50.12","2","0","0","1","138"
"31/7/2026, 01.23.43","E32_WS (Sector A)","28.4","70.57","100.96","0.29","336","50.12","2","0","0","1","138"
"31/7/2026, 01.23.48","E32_WS (Sector A)","28.4","70.56","100.96","0.59","2","50.12","2","0","0","1","138"
"31/7/2026, 01.23.53","E32_WS (Sector A)","28.4","70.52","100.96","0.26","325","50.12","2","0","0","1","138"
"31/7/2026, 01.23.58","E32_WS (Sector A)","28.4","70.52","100.96","0.52","316","50.12","2","0","0","1","138"
"31/7/2026, 01.24.03","E32_WS (Sector A)","28.4","70.57","100.96","0.61","324","50.12","2","0","0","1","138"
"31/7/2026, 01.24.08","E32_WS (Sector A)","28.4","70.57","100.96","0.24","355","50.12","2","0","0","1","138"
"31/7/2026, 01.24.13","E32_WS (Sector A)","28.4","70.54","100.96","0.48","355","50.12","2","0","0","1","138"
"31/7/2026, 01.24.18","E32_WS (Sector A)","28.4","70.52","100.96","0.53","331","50.12","2","0","0","1","138"
"31/7/2026, 01.24.23","E32_WS (Sector A)","28.4","70.54","100.96","0.44","317","50.12","2","0","0","1","138"
"31/7/2026, 01.24.28","E32_WS (Sector A)","28.4","70.57","100.96","0.45","336","50.12","2","0","0","1","138"
"31/7/2026, 01.24.33","E32_WS (Sector A)","28.4","70.53","100.96","0.47","343","50.12","2","0","0","1","138"
"31/7/2026, 01.24.38","E32_WS (Sector A)","28.4","70.53","100.96","0.55","342","50.12","2","0","0","1","138"
"31/7/2026, 01.24.43","E32_WS (Sector A)","28.4","70.46","100.96","0.42","352","50.12","2","0","0","1","138"
"31/7/2026, 01.24.48","E32_WS (Sector A)","28.41","70.45","100.95","0.34","342","50.12","2","0","0","1","138"
"31/7/2026, 01.24.53","E32_WS (Sector A)","28.4","70.44","100.96","0.39","332","50.12","2","0","0","1","138"
"31/7/2026, 01.24.58","E32_WS (Sector A)","28.41","70.43","100.96","0.53","339","50.12","2","0","0","1","138"
"31/7/2026, 01.25.03","E32_WS (Sector A)","28.41","70.44","100.96","0.44","339","50.12","2","0","0","1","138"
"31/7/2026, 01.25.08","E32_WS (Sector A)","28.41","70.43","100.96","0.5","310","50.12","2","0","0","1","138"
"31/7/2026, 01.25.13","E32_WS (Sector A)","28.41","70.52","100.96","0.46","318","50.12","2","0","0","1","138"
"31/7/2026, 01.25.18","E32_WS (Sector A)","28.41","70.57","100.96","0.45","319","50.12","2","0","0","1","138"
"31/7/2026, 01.25.23","E32_WS (Sector A)","28.41","70.59","100.96","0.49","314","50.12","2","0","0","1","138"
"31/7/2026, 01.25.28","E32_WS (Sector A)","28.41","70.62","100.96","0.48","320","50.12","2","0","0","1","138"
"31/7/2026, 01.25.33","E32_WS (Sector A)","28.41","70.64","100.96","0.41","320","50.12","2","0","0","1","138"
"31/7/2026, 01.25.38","E32_WS (Sector A)","28.41","70.65","100.96","0.43","330","50.12","2","0","0","1","138"
"31/7/2026, 01.25.43","E32_WS (Sector A)","28.41","70.61","100.96","0.5","332","50.12","2","0","0","1","138"
"31/7/2026, 01.25.48","E32_WS (Sector A)","28.41","70.6","100.96","0.47","336","50.12","2","0","0","1","138"
"31/7/2026, 01.25.53","E32_WS (Sector A)","28.41","70.58","100.96","0.42","328","50.12","2","0","0","1","138"
"31/7/2026, 01.25.58","E32_WS (Sector A)","28.41","70.58","100.96","0.42","331","50.12","2","0","0","1","138"
"31/7/2026, 01.26.03","E32_WS (Sector A)","28.41","70.57","100.96","0.37","332","50.12","2","0","0","1","138"
"31/7/2026, 01.26.08","E32_WS (Sector A)","28.41","70.54","100.96","0.34","339","50.12","2","0","0","1","138"
"31/7/2026, 01.26.13","E32_WS (Sector A)","28.41","70.5","100.96","0.59","348","50.12","2","0","0","1","138"
"31/7/2026, 01.26.18","E32_WS (Sector A)","28.41","70.47","100.96","0.49","349","50.12","2","0","0","1","138"
"31/7/2026, 01.26.23","E32_WS (Sector A)","28.41","70.45","100.96","0.51","315","50.12","2","0","0","1","138"
"31/7/2026, 01.26.28","E32_WS (Sector A)","28.41","70.5","100.96","0.41","328","50.12","2","0","0","1","138"
"31/7/2026, 01.26.33","E32_WS (Sector A)","28.41","70.51","100.96","0.39","343","50.12","2","0","0","1","138"
"31/7/2026, 01.26.38","E32_WS (Sector A)","28.41","70.5","100.96","0.39","331","50.12","2","0","0","1","138"
"31/7/2026, 01.26.43","E32_WS (Sector A)","28.41","70.45","100.96","0.46","349","50.12","2","0","0","1","138"
"31/7/2026, 01.26.48","E32_WS (Sector A)","28.41","70.44","100.96","0.45","326","50.12","2","0","0","1","138"
"31/7/2026, 01.26.53","E32_WS (Sector A)","28.42","70.45","100.96","0.47","327","50.12","2","0","0","1","138"
"31/7/2026, 01.26.58","E32_WS (Sector A)","28.41","70.47","100.96","0.6","346","50.12","2","0","0","1","138"
"31/7/2026, 01.27.03","E32_WS (Sector A)","28.42","70.45","100.96","0.34","347","50.12","2","0","0","1","138"
"31/7/2026, 01.27.08","E32_WS (Sector A)","28.42","70.41","100.96","0.46","327","50.12","2","0","0","1","138"
"31/7/2026, 01.27.13","E32_WS (Sector A)","28.42","70.44","100.96","0.45","325","50.12","2","0","0","1","138"
"31/7/2026, 01.27.18","E32_WS (Sector A)","28.42","70.49","100.96","0.46","325","50.12","2","0","0","1","138"
"31/7/2026, 01.27.23","E32_WS (Sector A)","28.42","70.5","100.96","0.48","337","50.12","2","0","0","1","138"
"31/7/2026, 01.27.28","E32_WS (Sector A)","28.42","70.5","100.96","0.29","9","50.12","2","0","0","1","138"
"31/7/2026, 01.27.33","E32_WS (Sector A)","28.42","70.47","100.96","0.35","350","50.12","2","0","0","1","138"
"31/7/2026, 01.27.38","E32_WS (Sector A)","28.41","70.45","100.96","0.36","350","50.12","2","0","0","1","138"
"31/7/2026, 01.27.43","E32_WS (Sector A)","28.41","70.43","100.96","0.41","348","50.12","2","0","0","1","138"
"31/7/2026, 01.27.48","E32_WS (Sector A)","28.41","70.39","100.96","0.61","326","50.12","2","0","0","1","138"
"31/7/2026, 01.27.53","E32_WS (Sector A)","28.41","70.41","100.96","0.52","310","50.12","2","0","0","1","138"
"31/7/2026, 01.27.58","E32_WS (Sector A)","28.41","70.44","100.96","0.48","332","50.12","2","0","0","1","138"
"31/7/2026, 01.28.03","E32_WS (Sector A)","28.41","70.42","100.96","0.34","337","50.12","2","0","0","1","138"
"31/7/2026, 01.28.08","E32_WS (Sector A)","28.42","70.42","100.96","0.45","322","50.12","2","0","0","1","138"
"31/7/2026, 01.28.13","E32_WS (Sector A)","28.41","70.44","100.96","0.35","341","50.12","2","0","0","1","138"
"31/7/2026, 01.28.18","E32_WS (Sector A)","28.41","70.41","100.96","0.43","348","50.12","2","0","0","1","138"
"31/7/2026, 01.28.23","E32_WS (Sector A)","28.41","70.39","100.96","0.39","336","50.12","2","0","0","1","138"
"31/7/2026, 01.28.28","E32_WS (Sector A)","28.41","70.37","100.96","0.4","326","50.12","2","0","0","1","138"
"31/7/2026, 01.28.33","E32_WS (Sector A)","28.41","70.4","100.96","0.56","320","50.12","2","0","0","1","138"
"31/7/2026, 01.28.38","E32_WS (Sector A)","28.41","70.46","100.96","0.37","347","50.12","2","0","0","1","138"
"31/7/2026, 01.28.43","E32_WS (Sector A)","28.41","70.42","100.96","0.36","333","50.12","2","0","0","1","138"
"31/7/2026, 01.28.48","E32_WS (Sector A)","28.41","70.41","100.96","0.41","336","50.12","2","0","0","1","138"
"31/7/2026, 01.28.53","E32_WS (Sector A)","28.41","70.4","100.96","0.48","318","50.12","2","0","0","1","138"
"31/7/2026, 01.28.58","E32_WS (Sector A)","28.41","70.46","100.96","0.45","322","50.12","2","0","0","1","138"
"31/7/2026, 01.29.03","E32_WS (Sector A)","28.41","70.49","100.96","0.33","340","50.12","2","0","0","1","138"
"31/7/2026, 01.29.08","E32_WS (Sector A)","28.41","70.49","100.95","0.32","353","50.12","2","0","0","1","138"
"31/7/2026, 01.29.13","E32_WS (Sector A)","28.41","70.46","100.96","0.51","305","50.12","2","0","0","1","138"
"31/7/2026, 01.29.18","E32_WS (Sector A)","28.41","70.52","100.96","0.52","303","50.12","2","0","0","1","138"
"31/7/2026, 01.29.23","E32_WS (Sector A)","28.41","70.57","100.96","0.46","319","50.12","2","0","0","1","138"
"31/7/2026, 01.29.28","E32_WS (Sector A)","28.41","70.59","100.96","0.42","331","50.12","2","0","0","1","138"
"31/7/2026, 01.29.33","E32_WS (Sector A)","28.41","70.56","100.96","0.48","343","50.12","2","0","0","1","138"
"31/7/2026, 01.29.38","E32_WS (Sector A)","28.41","70.57","100.96","0.42","328","50.12","2","0","0","1","138"
"31/7/2026, 01.29.43","E32_WS (Sector A)","28.4","70.55","100.96","0.32","337","50.12","2","0","0","1","138"
"31/7/2026, 01.29.48","E32_WS (Sector A)","28.4","70.52","100.96","0.37","325","50.12","2","0","0","1","138"
"31/7/2026, 01.29.53","E32_WS (Sector A)","28.41","70.52","100.96","0.46","319","50.12","2","0","0","1","138"
"31/7/2026, 01.29.58","E32_WS (Sector A)","28.41","70.52","100.95","0.49","346","50.12","2","0","0","1","138"
"31/7/2026, 01.30.03","E32_WS (Sector A)","28.4","70.51","100.95","0.56","346","50.12","2","0","0","1","138"
"31/7/2026, 01.30.08","E32_WS (Sector A)","28.4","70.47","100.96","0.42","330","50.12","2","0","0","1","138"
"31/7/2026, 01.30.13","E32_WS (Sector A)","28.4","70.44","100.96","0.55","323","50.12","2","0","0","1","138"
"31/7/2026, 01.30.18","E32_WS (Sector A)","28.4","70.45","100.96","0.45","332","50.12","2","0","0","1","138"
"31/7/2026, 01.30.23","E32_WS (Sector A)","28.4","70.45","100.96","0.48","330","50.12","2","0","0","1","138"
"31/7/2026, 01.30.28","E32_WS (Sector A)","28.4","70.45","100.96","0.3","1","50.12","2","0","0","1","138"
"31/7/2026, 01.30.33","E32_WS (Sector A)","28.4","70.39","100.96","0.37","353","50.12","2","0","0","1","138"
"31/7/2026, 01.30.38","E32_WS (Sector A)","28.4","70.39","100.96","0.47","342","50.12","2","0","0","1","138"
"31/7/2026, 01.30.43","E32_WS (Sector A)","28.41","70.39","100.96","0.56","331","50.12","2","0","0","1","138"
"31/7/2026, 01.30.48","E32_WS (Sector A)","28.41","70.39","100.96","0.47","317","50.12","2","0","0","1","138"
"31/7/2026, 01.30.53","E32_WS (Sector A)","28.41","70.42","100.96","0.42","333","50.12","2","0","0","1","138"
"31/7/2026, 01.30.58","E32_WS (Sector A)","28.41","70.42","100.96","0.46","341","50.12","2","0","0","1","138"
"31/7/2026, 01.31.03","E32_WS (Sector A)","28.4","70.41","100.96","0.48","350","50.12","2","0","0","1","138"
"31/7/2026, 01.31.08","E32_WS (Sector A)","28.41","70.41","100.96","0.38","343","50.12","2","0","0","1","138"
"31/7/2026, 01.31.13","E32_WS (Sector A)","28.41","70.37","100.96","0.52","344","50.12","2","0","0","1","138"
"31/7/2026, 01.31.18","E32_WS (Sector A)","28.41","70.36","100.96","0.44","318","50.12","2","0","0","1","138"
"31/7/2026, 01.31.23","E32_WS (Sector A)","28.41","70.38","100.96","0.46","313","50.12","2","0","0","1","138"
"31/7/2026, 01.31.28","E32_WS (Sector A)","28.41","70.45","100.96","0.4","328","50.12","2","0","0","1","138"
"31/7/2026, 01.31.33","E32_WS (Sector A)","28.4","70.46","100.96","0.42","342","50.12","2","0","0","1","138"
"31/7/2026, 01.31.38","E32_WS (Sector A)","28.4","70.45","100.96","0.42","340","50.12","2","0","0","1","138"
"31/7/2026, 01.31.43","E32_WS (Sector A)","28.41","70.41","100.96","0.43","339","50.12","2","0","0","1","138"
"31/7/2026, 01.31.48","E32_WS (Sector A)","28.41","70.41","100.96","0.43","315","50.12","2","0","0","1","138"
"31/7/2026, 01.31.53","E32_WS (Sector A)","28.4","70.45","100.95","0.41","319","50.12","2","0","0","1","138"
"31/7/2026, 01.31.58","E32_WS (Sector A)","28.4","70.48","100.96","0.43","331","50.12","2","0","0","1","138"
"31/7/2026, 01.32.03","E32_WS (Sector A)","28.41","70.46","100.95","0.54","334","50.12","2","0","0","1","138"
"31/7/2026, 01.32.08","E32_WS (Sector A)","28.4","70.47","100.96","0.4","322","50.12","2","0","0","1","138"
"31/7/2026, 01.32.13","E32_WS (Sector A)","28.4","70.48","100.96","0.49","316","50.12","2","0","0","1","138"
"31/7/2026, 01.32.18","E32_WS (Sector A)","28.4","70.49","100.95","0.58","309","50.12","2","0","0","1","138"
"31/7/2026, 01.32.23","E32_WS (Sector A)","28.39","70.5","100.95","0.51","312","50.12","2","0","0","1","138"
"31/7/2026, 01.32.28","E32_WS (Sector A)","28.39","70.52","100.95","0.46","314","50.12","2","0","0","1","138"
"31/7/2026, 01.32.33","E32_WS (Sector A)","28.39","70.52","100.95","0.38","325","50.12","2","0","0","1","138"
"31/7/2026, 01.32.38","E32_WS (Sector A)","28.39","70.51","100.95","0.38","340","50.12","2","0","0","1","138"
"31/7/2026, 01.32.43","E32_WS (Sector A)","28.38","70.48","100.95","0.33","338","50.12","2","0","0","1","138"
"31/7/2026, 01.32.48","E32_WS (Sector A)","28.39","70.44","100.95","0.35","355","50.12","2","0","0","1","138"
"31/7/2026, 01.32.53","E32_WS (Sector A)","28.39","70.41","100.95","0.7","350","50.12","2","0","0","1","138"
"31/7/2026, 01.32.58","E32_WS (Sector A)","28.39","70.39","100.95","0.5","343","50.12","2","0","0","1","138"
"31/7/2026, 01.33.03","E32_WS (Sector A)","28.39","70.37","100.95","0.47","340","50.12","2","0","0","1","138"
"31/7/2026, 01.33.08","E32_WS (Sector A)","28.39","70.35","100.96","0.4","352","50.12","2","0","0","1","138"
"31/7/2026, 01.33.13","E32_WS (Sector A)","28.39","70.33","100.95","0.44","344","50.12","2","0","0","1","138"
"31/7/2026, 01.33.18","E32_WS (Sector A)","28.39","70.32","100.95","0.49","354","50.12","2","0","0","1","138"
"31/7/2026, 01.33.23","E32_WS (Sector A)","28.39","70.32","100.95","0.58","337","50.12","2","0","0","1","138"
"31/7/2026, 01.33.28","E32_WS (Sector A)","28.39","70.3","100.95","0.41","327","50.12","2","0","0","1","138"
"31/7/2026, 01.33.33","E32_WS (Sector A)","28.4","70.31","100.95","0.42","343","50.12","2","0","0","1","138"
"31/7/2026, 01.33.38","E32_WS (Sector A)","28.39","70.29","100.95","0.48","354","50.12","2","0","0","1","138"
"31/7/2026, 01.33.43","E32_WS (Sector A)","28.39","70.28","100.95","0.51","332","50.12","2","0","0","1","138"
"31/7/2026, 01.33.48","E32_WS (Sector A)","28.39","70.31","100.95","0.46","316","50.12","2","0","0","1","138"
"31/7/2026, 01.33.53","E32_WS (Sector A)","28.39","70.34","100.95","0.51","321","50.12","2","0","0","1","138"
"31/7/2026, 01.33.58","E32_WS (Sector A)","28.39","70.36","100.95","0.41","331","50.12","2","0","0","1","138"
"31/7/2026, 01.34.03","E32_WS (Sector A)","28.39","70.36","100.95","0.6","355","50.12","2","0","0","1","138"
"31/7/2026, 01.34.08","E32_WS (Sector A)","28.39","70.34","100.94","0.39","301","50.12","2","0","0","1","138"
"31/7/2026, 01.34.13","E32_WS (Sector A)","28.39","70.36","100.95","0.24","315","50.12","2","0","0","1","138"
"31/7/2026, 01.34.18","E32_WS (Sector A)","28.39","70.37","100.95","0.34","321","50.12","2","0","0","1","138"
"31/7/2026, 01.34.23","E32_WS (Sector A)","28.39","70.34","100.95","0.14","312","50.12","2","0","0","1","138"
"31/7/2026, 01.34.28","E32_WS (Sector A)","28.39","70.31","100.95","0.49","353","50.12","2","0","0","1","138"
"31/7/2026, 01.34.33","E32_WS (Sector A)","28.39","70.3","100.95","0.5","335","50.12","2","0","0","1","138"
"31/7/2026, 01.34.38","E32_WS (Sector A)","28.39","70.31","100.95","0.4","330","50.12","2","0","0","1","138"
"31/7/2026, 01.34.43","E32_WS (Sector A)","28.39","70.3","100.94","0.44","343","50.12","2","0","0","1","138"
"31/7/2026, 01.34.48","E32_WS (Sector A)","28.39","70.29","100.95","0.49","344","50.12","2","0","0","1","138"
"31/7/2026, 01.34.53","E32_WS (Sector A)","28.39","70.26","100.95","0.36","349","50.12","2","0","0","1","138"
"31/7/2026, 01.34.58","E32_WS (Sector A)","28.39","70.27","100.95","0.44","318","50.12","2","0","0","1","138"
"31/7/2026, 01.35.03","E32_WS (Sector A)","28.4","70.3","100.95","0.4","334","50.12","2","0","0","1","138"
"31/7/2026, 01.35.08","E32_WS (Sector A)","28.39","70.31","100.95","0.41","330","50.12","2","0","0","1","138"
"31/7/2026, 01.35.13","E32_WS (Sector A)","28.39","70.31","100.95","0.4","339","50.12","2","0","0","1","138"
"31/7/2026, 01.35.18","E32_WS (Sector A)","28.4","70.31","100.95","0.47","350","50.12","2","0","0","1","138"
"31/7/2026, 01.35.23","E32_WS (Sector A)","28.39","70.27","100.95","0.39","340","50.12","2","0","0","1","138"
"31/7/2026, 01.35.28","E32_WS (Sector A)","28.39","70.25","100.95","0.37","333","50.12","2","0","0","1","138"
"31/7/2026, 01.35.33","E32_WS (Sector A)","28.39","70.25","100.95","0.33","338","50.12","2","0","0","1","138"
"31/7/2026, 01.35.38","E32_WS (Sector A)","28.4","70.25","100.95","0.51","1","50.12","2","0","0","1","138"
"31/7/2026, 01.35.43","E32_WS (Sector A)","28.4","70.24","100.95","0.54","325","50.12","2","0","0","1","138"
"31/7/2026, 01.35.48","E32_WS (Sector A)","28.39","70.25","100.95","0.5","317","50.12","2","0","0","1","138"
"31/7/2026, 01.35.53","E32_WS (Sector A)","28.4","70.31","100.95","0.45","320","50.12","2","0","0","1","138"
"31/7/2026, 01.35.58","E32_WS (Sector A)","28.4","70.34","100.95","0.43","318","50.12","2","0","0","1","138"
"31/7/2026, 01.36.03","E32_WS (Sector A)","28.39","70.34","100.95","0.54","321","50.12","2","0","0","1","138"
"31/7/2026, 01.36.08","E32_WS (Sector A)","28.4","70.36","100.95","0.43","316","50.12","2","0","0","1","138"
"31/7/2026, 01.36.13","E32_WS (Sector A)","28.39","70.37","100.94","0.38","319","50.12","2","0","0","1","138"
"31/7/2026, 01.36.18","E32_WS (Sector A)","28.39","70.38","100.95","0.45","329","50.12","2","0","0","1","138"
"31/7/2026, 01.36.23","E32_WS (Sector A)","28.39","70.37","100.95","0.33","349","50.12","2","0","0","1","138"
"31/7/2026, 01.36.28","E32_WS (Sector A)","28.39","70.34","100.94","0.55","314","50.12","2","0","0","1","138"
"31/7/2026, 01.36.33","E32_WS (Sector A)","28.39","70.33","100.95","0.46","321","50.12","2","0","0","1","138"
"31/7/2026, 01.36.38","E32_WS (Sector A)","28.39","70.33","100.95","0.41","337","50.12","2","0","0","1","138"
"31/7/2026, 01.36.43","E32_WS (Sector A)","28.38","70.32","100.95","0.29","348","50.12","2","0","0","1","138"
"31/7/2026, 01.36.48","E32_WS (Sector A)","28.38","70.31","100.95","0.53","313","50.12","2","0","0","1","138"
"31/7/2026, 01.36.53","E32_WS (Sector A)","28.38","70.32","100.95","0.42","317","50.12","2","0","0","1","138"
"31/7/2026, 01.36.58","E32_WS (Sector A)","28.38","70.33","100.95","0.47","337","50.12","2","0","0","1","138"
"31/7/2026, 01.37.03","E32_WS (Sector A)","28.38","70.35","100.95","0.42","312","50.12","2","0","0","1","138"
"31/7/2026, 01.37.08","E32_WS (Sector A)","28.38","70.36","100.95","0.43","319","50.12","2","0","0","1","138"
"31/7/2026, 01.37.13","E32_WS (Sector A)","28.38","70.38","100.95","0.39","17","50.12","2","0","0","1","138"
"31/7/2026, 01.37.18","E32_WS (Sector A)","28.38","70.35","100.95","0.32","10","50.12","2","0","0","1","138"
"31/7/2026, 01.37.23","E32_WS (Sector A)","28.38","70.32","100.95","0.51","348","50.12","2","0","0","1","138"
"31/7/2026, 01.37.28","E32_WS (Sector A)","28.38","70.3","100.95","0.51","14","50.12","2","0","0","1","138"
"31/7/2026, 01.37.33","E32_WS (Sector A)","28.38","70.28","100.95","0.39","335","50.12","2","0","0","1","138"
"31/7/2026, 01.37.38","E32_WS (Sector A)","28.38","70.29","100.95","0.26","341","50.12","2","0","0","1","138"
"31/7/2026, 01.37.43","E32_WS (Sector A)","28.38","70.28","100.95","0.3","331","50.12","2","0","0","1","138"
"31/7/2026, 01.37.48","E32_WS (Sector A)","28.38","70.28","100.95","0.62","332","50.12","2","0","0","1","138"
"31/7/2026, 01.37.53","E32_WS (Sector A)","28.38","70.27","100.95","0.35","19","50.12","2","0","0","1","138"
"31/7/2026, 01.37.58","E32_WS (Sector A)","28.38","70.26","100.95","0.4","344","50.12","2","0","0","1","138"
"31/7/2026, 01.38.03","E32_WS (Sector A)","28.38","70.25","100.95","0.45","309","50.12","2","0","0","1","138"