nahh2026-07-22 10:31:57 [cctv] [INFO] Initializing YOLO model for cctv...
2026-07-22 10:31:57 [cctv2] [INFO] Initializing YOLO model for cctv2...
2026-07-22 10:32:00 [cctv] [INFO] YOLO model loaded successfully for cctv
2026-07-22 10:32:00 [cctv] [INFO] Running in EVENT-DRIVEN ONVIF mode...
2026-07-22 10:32:00 [cctv2] [INFO] YOLO model loaded successfully for cctv2
2026-07-22 10:32:00 [cctv2] [INFO] Running in EVENT-DRIVEN ONVIF mode...
2026-07-22 10:32:00 [cctv2] [INFO] Connecting to ONVIF on 10.10.0.5:2021...
2026-07-22 10:32:00 [cctv] [INFO] Connecting to ONVIF on 10.10.0.5:2020...
2026-07-22 10:32:21 [cctv2] [INFO] ONVIF PullPoint active on port 2021!
2026-07-22 10:32:22 [cctv] [INFO] ONVIF PullPoint active on port 2020!
2026-07-22 10:34:19 [cctv2] [INFO] Notification received (Topic: tns1:RuleEngine/PeopleDetector/People)
2026-07-22 10:34:19 [cctv2] [INFO] Notification received (Topic: tns1:RuleEngine/PeopleDetector/People)
2026-07-22 10:34:19 [cctv2] [INFO] Notification received (Topic: tns1:RuleEngine/PeopleDetector/People)
2026-07-22 10:34:19 [cctv2] [INFO] Notification received (Topic: tns1:RuleEngine/PeopleDetector/People)
2026-07-22 10:34:19 [cctv2] [INFO] Notification received (Topic: tns1:RuleEngine/PeopleDetector/People)
2026-07-22 10:34:19 [cctv2] [INFO] Notification received (Topic: tns1:RuleEngine/PeopleDetector/People)
2026-07-22 10:34:19 [cctv2] [INFO] Notification received (Topic: tns1:RuleEngine/PeopleDetector/People)
2026-07-22 10:34:20 [cctv2] [INFO] Notification received (Topic: tns1:RuleEngine/PeopleDetector/People)
2026-07-22 10:34:20 [cctv2] [INFO] Notification received (Topic: tns1:RuleEngine/PeopleDetector/People)
2026-07-22 10:34:20 [cctv2] [INFO] Notification received (Topic: tns1:RuleEngine/PeopleDetector/People)
2026-07-22 10:34:20 [cctv2] [INFO] Notification received (Topic: tns1:RuleEngine/PeopleDetector/People)
2026-07-22 10:34:20 [cctv2] [INFO] Notification received (Topic: tns1:RuleEngine/PeopleDetector/People)
2026-07-22 10:34:20 [cctv2] [INFO] Notification received (Topic: tns1:RuleEngine/PeopleDetector/People)
2026-07-22 10:34:20 [cctv2] [INFO] Notification received (Topic: tns1:RuleEngine/PeopleDetector/People)
2026-07-22 10:34:20 [cctv2] [INFO] Notification received (Topic: tns1:RuleEngine/PeopleDetector/People)
2026-07-22 10:34:20 [cctv2] [INFO] Notification received (Topic: tns1:RuleEngine/PeopleDetector/People)
2026-07-22 10:34:20 [cctv2] [INFO] Notification received (Topic: tns1:RuleEngine/PeopleDetector/People)
2026-07-22 10:34:20 [cctv2] [INFO] Notification received (Topic: tns1:RuleEngine/PeopleDetector/People)
2026-07-22 10:34:20 [cctv2] [INFO] Notification received (Topic: tns1:RuleEngine/PeopleDetector/People)
2026-07-22 10:34:20 [cctv2] [INFO] Notification received (Topic: tns1:RuleEngine/PeopleDetector/People)
2026-07-22 10:34:20 [cctv2] [INFO] Notification received (Topic: tns1:RuleEngine/PeopleDetector/People)
2026-07-22 10:34:20 [cctv2] [INFO] Notification received (Topic: tns1:RuleEngine/PeopleDetector/People)
2026-07-22 10:34:20 [cctv2] [INFO] Notification received (Topic: tns1:RuleEngine/PeopleDetector/People)
2026-07-22 10:34:20 [cctv2] [INFO] Notification received (Topic: tns1:RuleEngine/PeopleDetector/People)
2026-07-22 10:34:20 [cctv2] [INFO] Notification received (Topic: tns1:RuleEngine/PeopleDetector/People)
2026-07-22 10:34:20 [cctv2] [INFO] Notification received (Topic: tns1:RuleEngine/PeopleDetector/People)
2026-07-22 10:34:20 [cctv2] [INFO] Notification received (Topic: tns1:RuleEngine/PeopleDetector/People)
2026-07-22 10:34:20 [cctv2] [INFO] Notification received (Topic: tns1:RuleEngine/PeopleDetector/People)
2026-07-22 10:34:21 [cctv2] [INFO] Notification received (Topic: tns1:RuleEngine/PeopleDetector/People)
2026-07-22 10:34:21 [cctv2] [INFO] Notification received (Topic: tns1:RuleEngine/PeopleDetector/People)
2026-07-22 10:34:21 [cctv2] [INFO] Notification received (Topic: tns1:RuleEngine/PeopleDetector/People)
2026-07-22 10:34:21 [cctv2] [INFO] Notification received (Topic: tns1:RuleEngine/PeopleDetector/People)
2026-07-22 10:34:21 [cctv2] [INFO] Notification received (Topic: tns1:RuleEngine/PeopleDetector/People)
2026-07-22 10:34:21 [cctv2] [INFO] Notification received (Topic: tns1:RuleEngine/PeopleDetector/People)
2026-07-22 10:34:21 [cctv2] [INFO] Notification received (Topic: tns1:RuleEngine/CellMotionDetector/Motion)
2026-07-22 10:34:21 [cctv2] [INFO] Notification received (Topic: tns1:RuleEngine/CellMotionDetector/Motion)
2026-07-22 10:34:21 [cctv2] [INFO] Notification received (Topic: tns1:RuleEngine/CellMotionDetector/Motion)
2026-07-22 10:34:21 [cctv2] [INFO] Notification received (Topic: tns1:RuleEngine/CellMotionDetector/Motion)
2026-07-22 10:34:21 [cctv2] [INFO] Notification received (Topic: tns1:RuleEngine/CellMotionDetector/Motion)
2026-07-22 10:34:21 [cctv2] [INFO] Notification received (Topic: tns1:RuleEngine/CellMotionDetector/Motion)
2026-07-22 10:34:21 [cctv2] [INFO] Notification received (Topic: tns1:RuleEngine/CellMotionDetector/Motion)
2026-07-22 10:34:22 [cctv2] [INFO] Notification received (Topic: tns1:RuleEngine/CellMotionDetector/Motion)
2026-07-22 10:34:22 [cctv2] [INFO] Notification received (Topic: tns1:RuleEngine/CellMotionDetector/Motion)
2026-07-22 10:34:22 [cctv2] [INFO] Notification received (Topic: tns1:RuleEngine/CellMotionDetector/Motion)
2026-07-22 10:34:22 [cctv2] [INFO] Notification received (Topic: tns1:RuleEngine/CellMotionDetector/Motion)
2026-07-22 10:34:22 [cctv2] [INFO] Notification received (Topic: tns1:RuleEngine/CellMotionDetector/Motion)
2026-07-22 10:34:22 [cctv2] [INFO] Notification received (Topic: tns1:RuleEngine/CellMotionDetector/Motion)
2026-07-22 10:34:22 [cctv2] [INFO] Notification received (Topic: tns1:RuleEngine/CellMotionDetector/Motion)
2026-07-22 10:34:22 [cctv2] [INFO] Notification received (Topic: tns1:RuleEngine/CellMotionDetector/Motion)
2026-07-22 10:34:22 [cctv2] [INFO] Notification received (Topic: tns1:RuleEngine/CellMotionDetector/Motion)
2026-07-22 10:34:22 [cctv2] [INFO] Notification received (Topic: tns1:RuleEngine/CellMotionDetector/Motion)
2026-07-22 10:34:22 [cctv2] [INFO] Notification received (Topic: tns1:RuleEngine/CellMotionDetector/Motion)
2026-07-22 10:34:22 [cctv2] [INFO] Notification received (Topic: tns1:RuleEngine/CellMotionDetector/Motion)
2026-07-22 10:34:22 [cctv2] [INFO] Notification received (Topic: tns1:RuleEngine/CellMotionDetector/Motion)
2026-07-22 10:34:22 [cctv2] [INFO] Notification received (Topic: tns1:RuleEngine/CellMotionDetector/Motion)
2026-07-22 10:34:22 [cctv2] [INFO] Notification received (Topic: tns1:RuleEngine/CellMotionDetector/Motion)
2026-07-22 10:34:22 [cctv2] [INFO] Notification received (Topic: tns1:RuleEngine/CellMotionDetector/Motion)
2026-07-22 10:34:23 [cctv2] [INFO] Notification received (Topic: tns1:RuleEngine/CellMotionDetector/Motion)
2026-07-22 10:34:23 [cctv2] [INFO] Notification received (Topic: tns1:RuleEngine/CellMotionDetector/Motion)
2026-07-22 10:34:23 [cctv2] [INFO] Notification received (Topic: tns1:RuleEngine/CellMotionDetector/Motion)
2026-07-22 10:34:23 [cctv2] [INFO] Notification received (Topic: tns1:RuleEngine/CellMotionDetector/Motion)
2026-07-22 10:34:23 [cctv2] [INFO] Notification received (Topic: tns1:RuleEngine/CellMotionDetector/Motion)
2026-07-22 10:34:23 [cctv2] [INFO] Notification received (Topic: tns1:RuleEngine/CellMotionDetector/Motion)
2026-07-22 10:34:23 [cctv2] [INFO] Notification received (Topic: tns1:RuleEngine/CellMotionDetector/Motion)
2026-07-22 10:34:23 [cctv2] [INFO] Notification received (Topic: tns1:RuleEngine/CellMotionDetector/Motion)
2026-07-22 10:34:23 [cctv2] [INFO] Notification received (Topic: tns1:RuleEngine/CellMotionDetector/Motion)
2026-07-22 10:34:23 [cctv2] [INFO] Notification received (Topic: tns1:RuleEngine/CellMotionDetector/Motion)
2026-07-22 10:34:23 [cctv2] [INFO] Notification received (Topic: tns1:RuleEngine/CellMotionDetector/Motion)
2026-07-22 10:34:23 [cctv2] [INFO] Notification received (Topic: tns1:RuleEngine/CellMotionDetector/Motion)
2026-07-22 10:34:23 [cctv2] [INFO] Notification received (Topic: tns1:RuleEngine/CellMotionDetector/Motion)
2026-07-22 10:34:23 [cctv2] [INFO] Notification received (Topic: tns1:RuleEngine/CellMotionDetector/Motion)
2026-07-22 10:34:40 [cctv2] [INFO] Notification received (Topic: tns1:RuleEngine/CellMotionDetector/Motion)
2026-07-22 10:34:40 [cctv2] [INFO] Notification received (Topic: tns1:RuleEngine/CellMotionDetector/Motion)
2026-07-22 10:34:40 [cctv2] [INFO] Notification received (Topic: tns1:RuleEngine/CellMotionDetector/Motion)
2026-07-22 10:34:40 [cctv2] [INFO] Notification received (Topic: tns1:RuleEngine/CellMotionDetector/Motion)
2026-07-22 10:34:40 [cctv2] [INFO] Notification received (Topic: tns1:RuleEngine/CellMotionDetector/Motion)
2026-07-22 10:34:40 [cctv2] [INFO] Notification received (Topic: tns1:RuleEngine/CellMotionDetector/Motion)
2026-07-22 10:34:40 [cctv2] [INFO] Notification received (Topic: tns1:RuleEngine/CellMotionDetector/Motion)
2026-07-22 10:34:40 [cctv2] [INFO] Notification received (Topic: tns1:RuleEngine/CellMotionDetector/Motion)
2026-07-22 10:34:40 [cctv2] [INFO] Notification received (Topic: tns1:RuleEngine/CellMotionDetector/Motion)
2026-07-22 10:34:40 [cctv2] [INFO] Notification received (Topic: tns1:RuleEngine/CellMotionDetector/Motion)
2026-07-22 10:34:40 [cctv2] [INFO] Notification received (Topic: tns1:RuleEngine/CellMotionDetector/Motion)
2026-07-22 10:34:40 [cctv2] [INFO] Notification received (Topic: tns1:RuleEngine/CellMotionDetector/Motion)
2026-07-22 10:34:40 [cctv2] [INFO] Notification received (Topic: tns1:RuleEngine/CellMotionDetector/Motion)
2026-07-22 10:34:40 [cctv2] [INFO] Notification received (Topic: tns1:RuleEngine/CellMotionDetector/Motion)
2026-07-22 10:34:41 [cctv2] [INFO] Notification received (Topic: tns1:RuleEngine/CellMotionDetector/Motion)
2026-07-22 10:34:41 [cctv2] [INFO] Notification received (Topic: tns1:RuleEngine/CellMotionDetector/Motion)
2026-07-22 10:34:41 [cctv2] [INFO] Notification received (Topic: tns1:RuleEngine/CellMotionDetector/Motion)
2026-07-22 10:34:41 [cctv2] [INFO] Notification received (Topic: tns1:RuleEngine/CellMotionDetector/Motion)
2026-07-22 10:34:41 [cctv2] [INFO] Notification received (Topic: tns1:RuleEngine/CellMotionDetector/Motion)
2026-07-22 10:34:41 [cctv2] [INFO] Notification received (Topic: tns1:RuleEngine/CellMotionDetector/Motion)
2026-07-22 10:34:41 [cctv2] [INFO] Notification received (Topic: tns1:RuleEngine/CellMotionDetector/Motion)
2026-07-22 10:34:41 [cctv2] [INFO] Notification received (Topic: tns1:RuleEngine/CellMotionDetector/Motion)
2026-07-22 10:34:41 [cctv2] [INFO] Notification received (Topic: tns1:RuleEngine/CellMotionDetector/Motion)
2026-07-22 10:34:41 [cctv2] [INFO] Notification received (Topic: tns1:RuleEngine/CellMotionDetector/Motion)
2026-07-22 10:34:41 [cctv2] [INFO] Notification received (Topic: tns1:RuleEngine/CellMotionDetector/Motion)
2026-07-22 10:34:41 [cctv2] [INFO] Notification received (Topic: tns1:RuleEngine/CellMotionDetector/Motion)
2026-07-22 10:34:41 [cctv2] [INFO] Notification received (Topic: tns1:RuleEngine/CellMotionDetector/Motion)
2026-07-22 10:34:41 [cctv2] [INFO] Notification received (Topic: tns1:RuleEngine/CellMotionDetector/Motion)
2026-07-22 10:34:41 [cctv2] [INFO] Notification received (Topic: tns1:RuleEngine/CellMotionDetector/Motion)
2026-07-22 10:34:42 [cctv2] [INFO] Notification received (Topic: tns1:RuleEngine/CellMotionDetector/Motion)
2026-07-22 10:34:42 [cctv2] [INFO] Notification received (Topic: tns1:RuleEngine/CellMotionDetector/Motion)
2026-07-22 10:34:42 [cctv2] [INFO] Notification received (Topic: tns1:RuleEngine/CellMotionDetector/Motion)
2026-07-22 10:34:42 [cctv2] [INFO] Notification received (Topic: tns1:RuleEngine/CellMotionDetector/Motion)
2026-07-22 10:34:42 [cctv2] [INFO] Notification received (Topic: tns1:RuleEngine/CellMotionDetector/Motion)
2026-07-22 10:34:42 [cctv2] [INFO] Notification received (Topic: tns1:RuleEngine/CellMotionDetector/Motion)
2026-07-22 10:34:42 [cctv2] [INFO] Notification received (Topic: tns1:RuleEngine/CellMotionDetector/Motion)
2026-07-22 10:34:42 [cctv2] [INFO] Notification received (Topic: tns1:RuleEngine/CellMotionDetector/Motion)
2026-07-22 10:34:42 [cctv2] [INFO] Notification received (Topic: tns1:RuleEngine/CellMotionDetector/Motion)
2026-07-22 10:34:42 [cctv2] [INFO] Notification received (Topic: tns1:RuleEngine/CellMotionDetector/Motion)
2026-07-22 10:34:42 [cctv2] [INFO] Notification received (Topic: tns1:RuleEngine/CellMotionDetector/Motion)
2026-07-22 10:34:42 [cctv2] [INFO] Notification received (Topic: tns1:RuleEngine/CellMotionDetector/Motion)
2026-07-22 10:34:42 [cctv2] [INFO] Notification received (Topic: tns1:RuleEngine/CellMotionDetector/Motion)
2026-07-22 10:34:42 [cctv2] [INFO] Notification received (Topic: tns1:RuleEngine/CellMotionDetector/Motion)
2026-07-22 10:34:42 [cctv2] [INFO] Notification received (Topic: tns1:RuleEngine/CellMotionDetector/Motion)
2026-07-22 10:34:42 [cctv2] [INFO] Notification received (Topic: tns1:RuleEngine/CellMotionDetector/Motion)
2026-07-22 10:34:42 [cctv2] [INFO] Notification received (Topic: tns1:RuleEngine/CellMotionDetector/Motion)
2026-07-22 10:34:42 [cctv2] [INFO] Notification received (Topic: tns1:RuleEngine/CellMotionDetector/Motion)
2026-07-22 10:34:42 [cctv2] [INFO] Notification received (Topic: tns1:RuleEngine/CellMotionDetector/Motion)
2026-07-22 10:34:42 [cctv2] [INFO] Notification received (Topic: tns1:RuleEngine/CellMotionDetector/Motion)
2026-07-22 10:34:42 [cctv2] [INFO] Notification received (Topic: tns1:RuleEngine/CellMotionDetector/Motion)
2026-07-22 10:34:44 [cctv2] [INFO] Notification received (Topic: tns1:RuleEngine/PeopleDetector/People)
2026-07-22 10:34:44 [cctv2] [INFO] Notification received (Topic: tns1:RuleEngine/PeopleDetector/People)
2026-07-22 10:34:44 [cctv2] [INFO] Notification received (Topic: tns1:RuleEngine/PeopleDetector/People)
2026-07-22 10:34:44 [cctv2] [INFO] Notification received (Topic: tns1:RuleEngine/PeopleDetector/People)
2026-07-22 10:34:44 [cctv2] [INFO] Notification received (Topic: tns1:RuleEngine/PeopleDetector/People)
2026-07-22 10:34:44 [cctv2] [INFO] Notification received (Topic: tns1:RuleEngine/PeopleDetector/People)
2026-07-22 10:34:44 [cctv2] [INFO] Notification received (Topic: tns1:RuleEngine/PeopleDetector/People)
2026-07-22 10:34:44 [cctv2] [INFO] Notification received (Topic: tns1:RuleEngine/PeopleDetector/People)
2026-07-22 10:34:44 [cctv2] [INFO] Notification received (Topic: tns1:RuleEngine/PeopleDetector/People)
2026-07-22 10:34:44 [cctv2] [INFO] Notification received (Topic: tns1:RuleEngine/PeopleDetector/People)
2026-07-22 10:34:44 [cctv2] [INFO] Notification received (Topic: tns1:RuleEngine/PeopleDetector/People)
2026-07-22 10:34:44 [cctv2] [INFO] Notification received (Topic: tns1:RuleEngine/PeopleDetector/People)
2026-07-22 10:34:44 [cctv2] [INFO] Notification received (Topic: tns1:RuleEngine/PeopleDetector/People)
2026-07-22 10:34:44 [cctv2] [INFO] Notification received (Topic: tns1:RuleEngine/PeopleDetector/People)
2026-07-22 10:34:44 [cctv2] [INFO] Notification received (Topic: tns1:RuleEngine/PeopleDetector/People)
2026-07-22 10:34:44 [cctv2] [INFO] Notification received (Topic: tns1:RuleEngine/PeopleDetector/People)
2026-07-22 10:34:44 [cctv2] [INFO] Notification received (Topic: tns1:RuleEngine/PeopleDetector/People)
2026-07-22 10:34:44 [cctv2] [INFO] Notification received (Topic: tns1:RuleEngine/PeopleDetector/People)
2026-07-22 10:34:44 [cctv2] [INFO] Notification received (Topic: tns1:RuleEngine/PeopleDetector/People)
2026-07-22 10:34:45 [cctv2] [INFO] Notification received (Topic: tns1:RuleEngine/PeopleDetector/People)
2026-07-22 10:34:45 [cctv2] [INFO] Notification received (Topic: tns1:RuleEngine/PeopleDetector/People)
2026-07-22 10:34:45 [cctv2] [INFO] Notification received (Topic: tns1:RuleEngine/PeopleDetector/People)
2026-07-22 10:34:45 [cctv2] [INFO] Notification received (Topic: tns1:RuleEngine/PeopleDetector/People)
2026-07-22 10:34:45 [cctv2] [INFO] Notification received (Topic: tns1:RuleEngine/PeopleDetector/People)
2026-07-22 10:34:45 [cctv2] [INFO] Notification received (Topic: tns1:RuleEngine/PeopleDetector/People)
2026-07-22 10:34:45 [cctv2] [INFO] Notification received (Topic: tns1:RuleEngine/PeopleDetector/People)
2026-07-22 10:34:45 [cctv2] [INFO] Notification received (Topic: tns1:RuleEngine/PeopleDetector/People)
2026-07-22 10:34:45 [cctv2] [INFO] Notification received (Topic: tns1:RuleEngine/PeopleDetector/People)
2026-07-22 10:34:45 [cctv2] [INFO] Notification received (Topic: tns1:RuleEngine/CellMotionDetector/Motion)
2026-07-22 10:34:45 [cctv2] [INFO] Notification received (Topic: tns1:RuleEngine/CellMotionDetector/Motion)
2026-07-22 10:34:45 [cctv2] [INFO] Notification received (Topic: tns1:RuleEngine/CellMotionDetector/Motion)
2026-07-22 10:34:45 [cctv2] [INFO] Notification received (Topic: tns1:RuleEngine/CellMotionDetector/Motion)
2026-07-22 10:34:45 [cctv2] [INFO] Notification received (Topic: tns1:RuleEngine/CellMotionDetector/Motion)
2026-07-22 10:34:45 [cctv2] [INFO] Notification received (Topic: tns1:RuleEngine/CellMotionDetector/Motion)
2026-07-22 10:34:45 [cctv2] [INFO] Notification received (Topic: tns1:RuleEngine/CellMotionDetector/Motion)
2026-07-22 10:34:46 [cctv2] [INFO] Notification received (Topic: tns1:RuleEngine/CellMotionDetector/Motion)
2026-07-22 10:34:46 [cctv2] [INFO] Notification received (Topic: tns1:RuleEngine/CellMotionDetector/Motion)
2026-07-22 10:34:46 [cctv2] [INFO] Notification received (Topic: tns1:RuleEngine/CellMotionDetector/Motion)
2026-07-22 10:34:48 [cctv2] [INFO] Notification received (Topic: tns1:RuleEngine/PeopleDetector/People)
2026-07-22 10:34:48 [cctv2] [INFO] Notification received (Topic: tns1:RuleEngine/PeopleDetector/People)
2026-07-22 10:34:49 [cctv2] [INFO] Notification received (Topic: tns1:RuleEngine/PeopleDetector/People)
2026-07-22 10:34:49 [cctv2] [INFO] Notification received (Topic: tns1:RuleEngine/PeopleDetector/People)
2026-07-22 10:34:49 [cctv2] [INFO] Notification received (Topic: tns1:RuleEngine/PeopleDetector/People)
2026-07-22 10:34:49 [cctv2] [INFO] Notification received (Topic: tns1:RuleEngine/PeopleDetector/People)
2026-07-22 10:34:49 [cctv2] [INFO] Notification received (Topic: tns1:RuleEngine/PeopleDetector/People)
2026-07-22 10:34:49 [cctv2] [INFO] Notification received (Topic: tns1:RuleEngine/PeopleDetector/People)
2026-07-22 10:34:49 [cctv2] [INFO] Notification received (Topic: tns1:RuleEngine/PeopleDetector/People)
2026-07-22 10:34:49 [cctv2] [INFO] Notification received (Topic: tns1:RuleEngine/PeopleDetector/People)
2026-07-22 10:34:49 [cctv2] [INFO] Notification received (Topic: tns1:RuleEngine/PeopleDetector/People)
2026-07-22 10:34:57 [cctv2] [INFO] Notification received (Topic: tns1:RuleEngine/CellMotionDetector/Motion)
2026-07-22 10:34:57 [cctv2] [INFO] Notification received (Topic: tns1:RuleEngine/CellMotionDetector/Motion)
2026-07-22 10:34:57 [cctv2] [INFO] Notification received (Topic: tns1:RuleEngine/CellMotionDetector/Motion)
2026-07-22 10:34:57 [cctv2] [INFO] Notification received (Topic: tns1:RuleEngine/CellMotionDetector/Motion)
2026-07-22 10:34:57 [cctv2] [INFO] Notification received (Topic: tns1:RuleEngine/CellMotionDetector/Motion)
2026-07-22 10:34:57 [cctv2] [INFO] Notification received (Topic: tns1:RuleEngine/CellMotionDetector/Motion)
2026-07-22 10:34:57 [cctv2] [INFO] Notification received (Topic: tns1:RuleEngine/CellMotionDetector/Motion)
2026-07-22 10:34:57 [cctv2] [INFO] Notification received (Topic: tns1:RuleEngine/CellMotionDetector/Motion)
2026-07-22 10:34:57 [cctv2] [INFO] Notification received (Topic: tns1:RuleEngine/CellMotionDetector/Motion)
2026-07-22 10:34:57 [cctv2] [INFO] Notification received (Topic: tns1:RuleEngine/PeopleDetector/People)
2026-07-22 10:34:58 [cctv2] [INFO] Notification received (Topic: tns1:RuleEngine/PeopleDetector/People)
2026-07-22 10:34:58 [cctv2] [INFO] Notification received (Topic: tns1:RuleEngine/PeopleDetector/People)
2026-07-22 10:34:58 [cctv2] [INFO] Notification received (Topic: tns1:RuleEngine/PeopleDetector/People)
2026-07-22 10:34:58 [cctv2] [INFO] Notification received (Topic: tns1:RuleEngine/PeopleDetector/People)
2026-07-22 10:34:58 [cctv2] [INFO] Notification received (Topic: tns1:RuleEngine/PeopleDetector/People)
2026-07-22 10:34:58 [cctv2] [INFO] Notification received (Topic: tns1:RuleEngine/PeopleDetector/People)
2026-07-22 10:34:58 [cctv2] [INFO] Notification received (Topic: tns1:RuleEngine/PeopleDetector/People)
2026-07-22 10:34:58 [cctv2] [INFO] Notification received (Topic: tns1:RuleEngine/PeopleDetector/People)
2026-07-22 10:34:58 [cctv2] [INFO] Notification received (Topic: tns1:RuleEngine/PeopleDetector/People)
2026-07-22 10:34:58 [cctv2] [INFO] Notification received (Topic: tns1:RuleEngine/PeopleDetector/People)
2026-07-22 10:34:58 [cctv2] [INFO] Notification received (Topic: tns1:RuleEngine/PeopleDetector/People)
2026-07-22 10:34:58 [cctv2] [INFO] Notification received (Topic: tns1:RuleEngine/PeopleDetector/People)
2026-07-22 10:34:58 [cctv2] [INFO] Notification received (Topic: tns1:RuleEngine/PeopleDetector/People)
2026-07-22 10:34:58 [cctv2] [INFO] Notification received (Topic: tns1:RuleEngine/PeopleDetector/People)
2026-07-22 10:34:58 [cctv2] [INFO] Notification received (Topic: tns1:RuleEngine/PeopleDetector/People)
2026-07-22 10:34:59 [cctv2] [INFO] Notification received (Topic: tns1:RuleEngine/PeopleDetector/People)
2026-07-22 10:34:59 [cctv2] [INFO] Notification received (Topic: tns1:RuleEngine/PeopleDetector/People)
2026-07-22 10:34:59 [cctv2] [INFO] Notification received (Topic: tns1:RuleEngine/PeopleDetector/People)
2026-07-22 10:34:59 [cctv2] [INFO] Notification received (Topic: tns1:RuleEngine/PeopleDetector/People)
2026-07-22 10:34:59 [cctv2] [INFO] Notification received (Topic: tns1:RuleEngine/PeopleDetector/People)
2026-07-22 10:34:59 [cctv2] [INFO] Notification received (Topic: tns1:RuleEngine/PeopleDetector/People)
2026-07-22 10:34:59 [cctv2] [INFO] Notification received (Topic: tns1:RuleEngine/PeopleDetector/People)
2026-07-22 10:34:59 [cctv2] [INFO] Notification received (Topic: tns1:RuleEngine/CellMotionDetector/Motion)
2026-07-22 10:34:59 [cctv2] [INFO] Notification received (Topic: tns1:RuleEngine/CellMotionDetector/Motion)
2026-07-22 10:34:59 [cctv2] [INFO] Notification received (Topic: tns1:RuleEngine/CellMotionDetector/Motion)
2026-07-22 10:34:59 [cctv2] [INFO] Notification received (Topic: tns1:RuleEngine/CellMotionDetector/Motion)
2026-07-22 10:34:59 [cctv2] [INFO] Notification received (Topic: tns1:RuleEngine/CellMotionDetector/Motion)
2026-07-22 10:34:59 [cctv2] [INFO] Notification received (Topic: tns1:RuleEngine/CellMotionDetector/Motion)
2026-07-22 10:34:59 [cctv2] [INFO] Notification received (Topic: tns1:RuleEngine/CellMotionDetector/Motion)
2026-07-22 10:35:01 [cctv2] [INFO] Notification received (Topic: tns1:RuleEngine/CellMotionDetector/Motion)
2026-07-22 10:35:01 [cctv2] [INFO] Notification received (Topic: tns1:RuleEngine/CellMotionDetector/Motion)
2026-07-22 10:35:01 [cctv2] [INFO] Notification received (Topic: tns1:RuleEngine/CellMotionDetector/Motion)
2026-07-22 10:35:01 [cctv2] [INFO] Notification received (Topic: tns1:RuleEngine/CellMotionDetector/Motion)
2026-07-22 10:35:01 [cctv2] [INFO] Notification received (Topic: tns1:RuleEngine/CellMotionDetector/Motion)
2026-07-22 10:35:01 [cctv2] [INFO] Notification received (Topic: tns1:RuleEngine/CellMotionDetector/Motion)
2026-07-22 10:35:01 [cctv2] [INFO] Notification received (Topic: tns1:RuleEngine/CellMotionDetector/Motion)
2026-07-22 10:35:01 [cctv2] [INFO] Notification received (Topic: tns1:RuleEngine/CellMotionDetector/Motion)
2026-07-22 10:35:01 [cctv2] [INFO] Notification received (Topic: tns1:RuleEngine/CellMotionDetector/Motion)
2026-07-22 10:35:01 [cctv2] [INFO] Notification received (Topic: tns1:RuleEngine/CellMotionDetector/Motion)
2026-07-22 10:35:01 [cctv2] [INFO] Notification received (Topic: tns1:RuleEngine/CellMotionDetector/Motion)
2026-07-22 10:35:01 [cctv2] [INFO] Notification received (Topic: tns1:RuleEngine/CellMotionDetector/Motion)
2026-07-22 10:35:01 [cctv2] [INFO] Notification received (Topic: tns1:RuleEngine/CellMotionDetector/Motion)
2026-07-22 10:35:01 [cctv2] [INFO] Notification received (Topic: tns1:RuleEngine/CellMotionDetector/Motion)
2026-07-22 10:35:01 [cctv2] [INFO] Notification received (Topic: tns1:RuleEngine/CellMotionDetector/Motion)
2026-07-22 10:35:02 [cctv2] [INFO] Notification received (Topic: tns1:RuleEngine/CellMotionDetector/Motion)
2026-07-22 10:35:02 [cctv2] [INFO] Notification received (Topic: tns1:RuleEngine/CellMotionDetector/Motion)
2026-07-22 10:35:02 [cctv2] [INFO] Notification received (Topic: tns1:RuleEngine/CellMotionDetector/Motion)
2026-07-22 10:35:02 [cctv2] [INFO] Notification received (Topic: tns1:RuleEngine/CellMotionDetector/Motion)
2026-07-22 10:35:02 [cctv2] [INFO] Notification received (Topic: tns1:RuleEngine/CellMotionDetector/Motion)
2026-07-22 10:35:02 [cctv2] [INFO] Notification received (Topic: tns1:RuleEngine/CellMotionDetector/Motion)
2026-07-22 10:35:02 [cctv2] [INFO] Notification received (Topic: tns1:RuleEngine/CellMotionDetector/Motion)
2026-07-22 10:35:02 [cctv2] [INFO] Notification received (Topic: tns1:RuleEngine/CellMotionDetector/Motion)
2026-07-22 10:35:02 [cctv2] [INFO] Notification received (Topic: tns1:RuleEngine/CellMotionDetector/Motion)
2026-07-22 10:35:02 [cctv2] [INFO] Notification received (Topic: tns1:RuleEngine/CellMotionDetector/Motion)
2026-07-22 10:35:02 [cctv2] [INFO] Notification received (Topic: tns1:RuleEngine/CellMotionDetector/Motion)
2026-07-22 10:35:02 [cctv2] [INFO] Notification received (Topic: tns1:RuleEngine/CellMotionDetector/Motion)
2026-07-22 10:35:02 [cctv2] [INFO] Notification received (Topic: tns1:RuleEngine/CellMotionDetector/Motion)
2026-07-22 10:35:02 [cctv2] [INFO] Notification received (Topic: tns1:RuleEngine/CellMotionDetector/Motion)
2026-07-22 10:35:02 [cctv2] [INFO] Notification received (Topic: tns1:RuleEngine/CellMotionDetector/Motion)
2026-07-22 10:35:02 [cctv2] [INFO] Notification received (Topic: tns1:RuleEngine/CellMotionDetector/Motion)
2026-07-22 10:35:03 [cctv2] [INFO] Notification received (Topic: tns1:RuleEngine/CellMotionDetector/Motion)
2026-07-22 10:35:03 [cctv2] [INFO] Notification received (Topic: tns1:RuleEngine/CellMotionDetector/Motion)
2026-07-22 10:35:03 [cctv2] [INFO] Notification received (Topic: tns1:RuleEngine/CellMotionDetector/Motion)
2026-07-22 10:35:03 [cctv2] [INFO] Notification received (Topic: tns1:RuleEngine/CellMotionDetector/Motion)
2026-07-22 10:35:03 [cctv2] [INFO] Notification received (Topic: tns1:RuleEngine/CellMotionDetector/Motion)
2026-07-22 10:35:03 [cctv2] [INFO] Notification received (Topic: tns1:RuleEngine/CellMotionDetector/Motion)
2026-07-22 10:35:03 [cctv2] [INFO] Notification received (Topic: tns1:RuleEngine/CellMotionDetector/Motion)
2026-07-22 10:35:03 [cctv2] [INFO] Notification received (Topic: tns1:RuleEngine/CellMotionDetector/Motion)
2026-07-22 10:35:03 [cctv2] [INFO] Notification received (Topic: tns1:RuleEngine/CellMotionDetector/Motion)
2026-07-22 10:35:03 [cctv2] [INFO] Notification received (Topic: tns1:RuleEngine/CellMotionDetector/Motion)
2026-07-22 10:35:03 [cctv2] [INFO] Notification received (Topic: tns1:RuleEngine/CellMotionDetector/Motion)
2026-07-22 10:35:03 [cctv2] [INFO] Notification received (Topic: tns1:RuleEngine/CellMotionDetector/Motion)
2026-07-22 10:35:03 [cctv2] [INFO] Notification received (Topic: tns1:RuleEngine/CellMotionDetector/Motion)
2026-07-22 10:35:03 [cctv2] [INFO] Notification received (Topic: tns1:RuleEngine/CellMotionDetector/Motion)
2026-07-22 10:35:03 [cctv2] [INFO] Notification received (Topic: tns1:RuleEngine/CellMotionDetector/Motion)
2026-07-22 10:35:03 [cctv2] [INFO] Notification received (Topic: tns1:RuleEngine/CellMotionDetector/Motion)
2026-07-22 10:35:03 [cctv2] [INFO] Notification received (Topic: tns1:RuleEngine/CellMotionDetector/Motion)
2026-07-22 10:35:03 [cctv2] [INFO] Notification received (Topic: tns1:RuleEngine/CellMotionDetector/Motion)
2026-07-22 10:35:04 [cctv2] [INFO] Notification received (Topic: tns1:RuleEngine/CellMotionDetector/Motion)
2026-07-22 10:35:23 [cctv] [INFO] Notification received (Topic: tns1:RuleEngine/PeopleDetector/People)
2026-07-22 10:35:23 [cctv] [INFO] Notification received (Topic: tns1:RuleEngine/PeopleDetector/People)
2026-07-22 10:35:23 [cctv] [INFO] Notification received (Topic: tns1:RuleEngine/PeopleDetector/People)
2026-07-22 10:35:23 [cctv] [INFO] Notification received (Topic: tns1:RuleEngine/PeopleDetector/People)
2026-07-22 10:35:23 [cctv] [INFO] Notification received (Topic: tns1:RuleEngine/PeopleDetector/People)
2026-07-22 10:35:23 [cctv] [INFO] Notification received (Topic: tns1:RuleEngine/PeopleDetector/People)
2026-07-22 10:35:23 [cctv] [INFO] Notification received (Topic: tns1:RuleEngine/PeopleDetector/People)
2026-07-22 10:35:23 [cctv] [INFO] Notification received (Topic: tns1:RuleEngine/PeopleDetector/People)
2026-07-22 10:35:23 [cctv] [INFO] Notification received (Topic: tns1:RuleEngine/PeopleDetector/People)
2026-07-22 10:35:23 [cctv] [INFO] Notification received (Topic: tns1:RuleEngine/PeopleDetector/People)
2026-07-22 10:35:23 [cctv] [INFO] Notification received (Topic: tns1:RuleEngine/PeopleDetector/People)
2026-07-22 10:35:23 [cctv] [INFO] Notification received (Topic: tns1:RuleEngine/PeopleDetector/People)
2026-07-22 10:35:23 [cctv] [INFO] Notification received (Topic: tns1:RuleEngine/PeopleDetector/People)
2026-07-22 10:35:23 [cctv] [INFO] Notification received (Topic: tns1:RuleEngine/PeopleDetector/People)
2026-07-22 10:35:23 [cctv] [INFO] Notification received (Topic: tns1:RuleEngine/PeopleDetector/People)
2026-07-22 10:35:23 [cctv] [INFO] Notification received (Topic: tns1:RuleEngine/PeopleDetector/People)
2026-07-22 10:35:24 [cctv] [INFO] Notification received (Topic: tns1:RuleEngine/PeopleDetector/People)
2026-07-22 10:35:24 [cctv] [INFO] Notification received (Topic: tns1:RuleEngine/PeopleDetector/People)
2026-07-22 10:35:24 [cctv] [INFO] Notification received (Topic: tns1:RuleEngine/PeopleDetector/People)
2026-07-22 10:35:24 [cctv] [INFO] Notification received (Topic: tns1:RuleEngine/PeopleDetector/People)
2026-07-22 10:35:24 [cctv] [INFO] Notification received (Topic: tns1:RuleEngine/PeopleDetector/People)
2026-07-22 10:35:24 [cctv] [INFO] Notification received (Topic: tns1:RuleEngine/PeopleDetector/People)
2026-07-22 10:35:48 [cctv2] [INFO] Notification received (Topic: tns1:RuleEngine/CellMotionDetector/Motion)
2026-07-22 10:35:48 [cctv2] [INFO] Notification received (Topic: tns1:RuleEngine/CellMotionDetector/Motion)
2026-07-22 10:35:48 [cctv2] [INFO] Notification received (Topic: tns1:RuleEngine/CellMotionDetector/Motion)
2026-07-22 10:35:48 [cctv2] [INFO] Notification received (Topic: tns1:RuleEngine/CellMotionDetector/Motion)
2026-07-22 10:35:48 [cctv2] [INFO] Notification received (Topic: tns1:RuleEngine/CellMotionDetector/Motion)
2026-07-22 10:35:48 [cctv2] [INFO] Notification received (Topic: tns1:RuleEngine/CellMotionDetector/Motion)
2026-07-22 10:35:48 [cctv2] [INFO] Notification received (Topic: tns1:RuleEngine/CellMotionDetector/Motion)
2026-07-22 10:35:48 [cctv2] [INFO] Notification received (Topic: tns1:RuleEngine/CellMotionDetector/Motion)
2026-07-22 10:35:48 [cctv2] [INFO] Notification received (Topic: tns1:RuleEngine/CellMotionDetector/Motion)
2026-07-22 10:35:48 [cctv2] [INFO] Notification received (Topic: tns1:RuleEngine/CellMotionDetector/Motion)
2026-07-22 10:35:48 [cctv2] [INFO] Notification received (Topic: tns1:RuleEngine/CellMotionDetector/Motion)
2026-07-22 10:35:48 [cctv2] [INFO] Notification received (Topic: tns1:RuleEngine/CellMotionDetector/Motion)
2026-07-22 10:35:48 [cctv2] [INFO] Notification received (Topic: tns1:RuleEngine/CellMotionDetector/Motion)
2026-07-22 10:35:48 [cctv2] [INFO] Notification received (Topic: tns1:RuleEngine/CellMotionDetector/Motion)
2026-07-22 10:35:48 [cctv2] [INFO] Notification received (Topic: tns1:RuleEngine/CellMotionDetector/Motion)
2026-07-22 10:35:48 [cctv2] [INFO] Notification received (Topic: tns1:RuleEngine/CellMotionDetector/Motion)
2026-07-22 10:35:48 [cctv2] [INFO] Notification received (Topic: tns1:RuleEngine/CellMotionDetector/Motion)
2026-07-22 10:35:49 [cctv2] [INFO] Notification received (Topic: tns1:RuleEngine/CellMotionDetector/Motion)
2026-07-22 10:35:49 [cctv2] [INFO] Notification received (Topic: tns1:RuleEngine/CellMotionDetector/Motion)
2026-07-22 10:35:49 [cctv2] [INFO] Notification received (Topic: tns1:RuleEngine/CellMotionDetector/Motion)
2026-07-22 10:35:49 [cctv2] [INFO] Notification received (Topic: tns1:RuleEngine/CellMotionDetector/Motion)
2026-07-22 10:35:49 [cctv2] [INFO] Notification received (Topic: tns1:RuleEngine/CellMotionDetector/Motion)
2026-07-22 10:35:53 [cctv2] [INFO] Notification received (Topic: tns1:RuleEngine/CellMotionDetector/Motion)
2026-07-22 10:35:53 [cctv2] [INFO] Notification received (Topic: tns1:RuleEngine/CellMotionDetector/Motion)
2026-07-22 10:35:53 [cctv2] [INFO] Notification received (Topic: tns1:RuleEngine/CellMotionDetector/Motion)
2026-07-22 10:35:53 [cctv2] [INFO] Notification received (Topic: tns1:RuleEngine/CellMotionDetector/Motion)
2026-07-22 10:35:53 [cctv2] [INFO] Notification received (Topic: tns1:RuleEngine/CellMotionDetector/Motion)
2026-07-22 10:35:53 [cctv2] [INFO] Notification received (Topic: tns1:RuleEngine/CellMotionDetector/Motion)
2026-07-22 10:35:53 [cctv2] [INFO] Notification received (Topic: tns1:RuleEngine/CellMotionDetector/Motion)
2026-07-22 10:35:53 [cctv2] [INFO] Notification received (Topic: tns1:RuleEngine/CellMotionDetector/Motion)
2026-07-22 10:35:53 [cctv2] [INFO] Notification received (Topic: tns1:RuleEngine/CellMotionDetector/Motion)
2026-07-22 10:35:53 [cctv2] [INFO] Notification received (Topic: tns1:RuleEngine/CellMotionDetector/Motion)
2026-07-22 10:35:53 [cctv2] [INFO] Notification received (Topic: tns1:RuleEngine/CellMotionDetector/Motion)
2026-07-22 10:35:53 [cctv2] [INFO] Notification received (Topic: tns1:RuleEngine/CellMotionDetector/Motion)
2026-07-22 10:35:53 [cctv2] [INFO] Notification received (Topic: tns1:RuleEngine/CellMotionDetector/Motion)
2026-07-22 10:35:53 [cctv2] [INFO] Notification received (Topic: tns1:RuleEngine/CellMotionDetector/Motion)
2026-07-22 10:35:54 [cctv2] [INFO] Notification received (Topic: tns1:RuleEngine/CellMotionDetector/Motion)
2026-07-22 10:35:54 [cctv2] [INFO] Notification received (Topic: tns1:RuleEngine/CellMotionDetector/Motion)
2026-07-22 10:35:54 [cctv2] [INFO] Notification received (Topic: tns1:RuleEngine/CellMotionDetector/Motion)
2026-07-22 10:35:54 [cctv2] [INFO] Notification received (Topic: tns1:RuleEngine/CellMotionDetector/Motion)
2026-07-22 10:35:54 [cctv2] [INFO] Notification received (Topic: tns1:RuleEngine/CellMotionDetector/Motion)
2026-07-22 10:35:54 [cctv2] [INFO] Notification received (Topic: tns1:RuleEngine/CellMotionDetector/Motion)
2026-07-22 10:35:54 [cctv2] [INFO] Notification received (Topic: tns1:RuleEngine/CellMotionDetector/Motion)
2026-07-22 10:35:54 [cctv2] [INFO] Notification received (Topic: tns1:RuleEngine/CellMotionDetector/Motion)
2026-07-22 10:35:54 [cctv2] [INFO] Notification received (Topic: tns1:RuleEngine/CellMotionDetector/Motion)
2026-07-22 10:35:54 [cctv2] [INFO] Notification received (Topic: tns1:RuleEngine/CellMotionDetector/Motion)
2026-07-22 10:35:54 [cctv2] [INFO] Notification received (Topic: tns1:RuleEngine/CellMotionDetector/Motion)
2026-07-22 10:35:54 [cctv2] [INFO] Notification received (Topic: tns1:RuleEngine/CellMotionDetector/Motion)
2026-07-22 10:35:54 [cctv2] [INFO] Notification received (Topic: tns1:RuleEngine/CellMotionDetector/Motion)
2026-07-22 10:35:54 [cctv] [INFO] Notification received (Topic: tns1:RuleEngine/CellMotionDetector/Motion)
2026-07-22 10:35:54 [cctv] [INFO] Notification received (Topic: tns1:RuleEngine/CellMotionDetector/Motion)
2026-07-22 10:35:55 [cctv] [INFO] Notification received (Topic: tns1:RuleEngine/CellMotionDetector/Motion)
2026-07-22 10:35:55 [cctv] [INFO] Notification received (Topic: tns1:RuleEngine/CellMotionDetector/Motion)
2026-07-22 10:35:55 [cctv] [INFO] Notification received (Topic: tns1:RuleEngine/CellMotionDetector/Motion)
2026-07-22 10:35:55 [cctv] [INFO] Notification received (Topic: tns1:RuleEngine/CellMotionDetector/Motion)
2026-07-22 10:35:55 [cctv] [INFO] Notification received (Topic: tns1:RuleEngine/CellMotionDetector/Motion)
2026-07-22 10:35:55 [cctv] [INFO] Notification received (Topic: tns1:RuleEngine/CellMotionDetector/Motion)
2026-07-22 10:35:55 [cctv] [INFO] Notification received (Topic: tns1:RuleEngine/CellMotionDetector/Motion)
2026-07-22 10:35:55 [cctv] [INFO] Notification received (Topic: tns1:RuleEngine/CellMotionDetector/Motion)
2026-07-22 10:35:55 [cctv] [INFO] Notification received (Topic: tns1:RuleEngine/CellMotionDetector/Motion)
2026-07-22 10:35:55 [cctv] [INFO] Notification received (Topic: tns1:RuleEngine/CellMotionDetector/Motion)
2026-07-22 10:35:55 [cctv] [INFO] Notification received (Topic: tns1:RuleEngine/CellMotionDetector/Motion)
2026-07-22 10:35:55 [cctv] [INFO] Notification received (Topic: tns1:RuleEngine/CellMotionDetector/Motion)
2026-07-22 10:35:55 [cctv] [INFO] Notification received (Topic: tns1:RuleEngine/CellMotionDetector/Motion)
2026-07-22 10:35:55 [cctv] [INFO] Notification received (Topic: tns1:RuleEngine/CellMotionDetector/Motion)
2026-07-22 10:35:55 [cctv] [INFO] Notification received (Topic: tns1:RuleEngine/CellMotionDetector/Motion)
2026-07-22 10:35:55 [cctv] [INFO] Notification received (Topic: tns1:RuleEngine/CellMotionDetector/Motion)
2026-07-22 10:35:56 [cctv] [INFO] Notification received (Topic: tns1:RuleEngine/CellMotionDetector/Motion)
2026-07-22 10:35:56 [cctv] [INFO] Notification received (Topic: tns1:RuleEngine/CellMotionDetector/Motion)
2026-07-22 10:35:56 [cctv] [INFO] Notification received (Topic: tns1:RuleEngine/CellMotionDetector/Motion)
2026-07-22 10:35:56 [cctv] [INFO] Notification received (Topic: tns1:RuleEngine/CellMotionDetector/Motion)
2026-07-22 10:35:56 [cctv] [INFO] Notification received (Topic: tns1:RuleEngine/CellMotionDetector/Motion)
2026-07-22 10:35:56 [cctv] [INFO] Notification received (Topic: tns1:RuleEngine/CellMotionDetector/Motion)
2026-07-22 10:35:56 [cctv] [INFO] Notification received (Topic: tns1:RuleEngine/CellMotionDetector/Motion)
2026-07-22 10:35:59 [cctv] [INFO] Notification received (Topic: tns1:RuleEngine/CellMotionDetector/Motion)
2026-07-22 10:35:59 [cctv] [INFO] Notification received (Topic: tns1:RuleEngine/CellMotionDetector/Motion)
2026-07-22 10:35:59 [cctv] [INFO] Notification received (Topic: tns1:RuleEngine/CellMotionDetector/Motion)
2026-07-22 10:35:59 [cctv] [INFO] Notification received (Topic: tns1:RuleEngine/CellMotionDetector/Motion)
2026-07-22 10:35:59 [cctv] [INFO] Notification received (Topic: tns1:RuleEngine/CellMotionDetector/Motion)
2026-07-22 10:35:59 [cctv] [INFO] Notification received (Topic: tns1:RuleEngine/CellMotionDetector/Motion)
2026-07-22 10:35:59 [cctv] [INFO] Notification received (Topic: tns1:RuleEngine/CellMotionDetector/Motion)
2026-07-22 10:35:59 [cctv] [INFO] Notification received (Topic: tns1:RuleEngine/CellMotionDetector/Motion)
2026-07-22 10:35:59 [cctv] [INFO] Notification received (Topic: tns1:RuleEngine/CellMotionDetector/Motion)
2026-07-22 10:35:59 [cctv] [INFO] Notification received (Topic: tns1:RuleEngine/CellMotionDetector/Motion)
2026-07-22 10:35:59 [cctv] [INFO] Notification received (Topic: tns1:RuleEngine/CellMotionDetector/Motion)
2026-07-22 10:35:59 [cctv] [INFO] Notification received (Topic: tns1:RuleEngine/CellMotionDetector/Motion)
2026-07-22 10:35:59 [cctv] [INFO] Notification received (Topic: tns1:RuleEngine/CellMotionDetector/Motion)
2026-07-22 10:35:59 [cctv] [INFO] Notification received (Topic: tns1:RuleEngine/CellMotionDetector/Motion)
2026-07-22 10:35:59 [cctv] [INFO] Notification received (Topic: tns1:RuleEngine/CellMotionDetector/Motion)
2026-07-22 10:35:59 [cctv] [INFO] Notification received (Topic: tns1:RuleEngine/CellMotionDetector/Motion)
2026-07-22 10:35:59 [cctv] [INFO] Notification received (Topic: tns1:RuleEngine/CellMotionDetector/Motion)
2026-07-22 10:36:00 [cctv] [INFO] Notification received (Topic: tns1:RuleEngine/CellMotionDetector/Motion)
2026-07-22 10:36:00 [cctv] [INFO] Notification received (Topic: tns1:RuleEngine/CellMotionDetector/Motion)
2026-07-22 10:36:00 [cctv] [INFO] Notification received (Topic: tns1:RuleEngine/CellMotionDetector/Motion)
2026-07-22 10:36:00 [cctv] [INFO] Notification received (Topic: tns1:RuleEngine/CellMotionDetector/Motion)
2026-07-22 10:36:00 [cctv] [INFO] Notification received (Topic: tns1:RuleEngine/CellMotionDetector/Motion)
2026-07-22 10:36:00 [cctv] [INFO] Notification received (Topic: tns1:RuleEngine/CellMotionDetector/Motion)
2026-07-22 10:36:00 [cctv] [INFO] Notification received (Topic: tns1:RuleEngine/CellMotionDetector/Motion)
2026-07-22 10:36:00 [cctv] [INFO] Notification received (Topic: tns1:RuleEngine/CellMotionDetector/Motion)
2026-07-22 10:36:00 [cctv] [INFO] Notification received (Topic: tns1:RuleEngine/CellMotionDetector/Motion)
2026-07-22 10:36:00 [cctv] [INFO] Notification received (Topic: tns1:RuleEngine/CellMotionDetector/Motion)
2026-07-22 10:36:00 [cctv] [INFO] Notification received (Topic: tns1:RuleEngine/CellMotionDetector/Motion)
2026-07-22 10:36:00 [cctv] [INFO] Notification received (Topic: tns1:RuleEngine/CellMotionDetector/Motion)
2026-07-22 10:36:00 [cctv] [INFO] Notification received (Topic: tns1:RuleEngine/CellMotionDetector/Motion)
2026-07-22 10:36:00 [cctv] [INFO] Notification received (Topic: tns1:RuleEngine/CellMotionDetector/Motion)
2026-07-22 10:36:00 [cctv] [INFO] Notification received (Topic: tns1:RuleEngine/CellMotionDetector/Motion)
2026-07-22 10:36:01 [cctv] [INFO] Notification received (Topic: tns1:RuleEngine/CellMotionDetector/Motion)
2026-07-22 10:36:01 [cctv] [INFO] Notification received (Topic: tns1:RuleEngine/CellMotionDetector/Motion)
2026-07-22 10:36:01 [cctv] [INFO] Notification received (Topic: tns1:RuleEngine/CellMotionDetector/Motion)
2026-07-22 10:36:01 [cctv] [INFO] Notification received (Topic: tns1:RuleEngine/CellMotionDetector/Motion)
2026-07-22 10:36:01 [cctv] [INFO] Notification received (Topic: tns1:RuleEngine/CellMotionDetector/Motion)
2026-07-22 10:36:01 [cctv] [INFO] Notification received (Topic: tns1:RuleEngine/CellMotionDetector/Motion)
2026-07-22 10:36:03 [cctv2] [INFO] Notification received (Topic: tns1:RuleEngine/CellMotionDetector/Motion)
2026-07-22 10:36:03 [cctv2] [INFO] Notification received (Topic: tns1:RuleEngine/CellMotionDetector/Motion)
2026-07-22 10:36:03 [cctv2] [INFO] Notification received (Topic: tns1:RuleEngine/CellMotionDetector/Motion)
2026-07-22 10:36:03 [cctv2] [INFO] Notification received (Topic: tns1:RuleEngine/CellMotionDetector/Motion)
2026-07-22 10:36:03 [cctv2] [INFO] Notification received (Topic: tns1:RuleEngine/CellMotionDetector/Motion)
2026-07-22 10:36:03 [cctv2] [INFO] Notification received (Topic: tns1:RuleEngine/CellMotionDetector/Motion)
2026-07-22 10:36:03 [cctv2] [INFO] Notification received (Topic: tns1:RuleEngine/CellMotionDetector/Motion)
2026-07-22 10:36:03 [cctv2] [INFO] Notification received (Topic: tns1:RuleEngine/CellMotionDetector/Motion)
2026-07-22 10:36:03 [cctv2] [INFO] Notification received (Topic: tns1:RuleEngine/CellMotionDetector/Motion)
2026-07-22 10:36:03 [cctv2] [INFO] Notification received (Topic: tns1:RuleEngine/CellMotionDetector/Motion)
2026-07-22 10:36:03 [cctv2] [INFO] Notification received (Topic: tns1:RuleEngine/CellMotionDetector/Motion)
2026-07-22 10:36:03 [cctv2] [INFO] Notification received (Topic: tns1:RuleEngine/CellMotionDetector/Motion)
2026-07-22 10:36:03 [cctv2] [INFO] Notification received (Topic: tns1:RuleEngine/CellMotionDetector/Motion)
2026-07-22 10:36:03 [cctv2] [INFO] Notification received (Topic: tns1:RuleEngine/CellMotionDetector/Motion)
2026-07-22 10:36:03 [cctv2] [INFO] Notification received (Topic: tns1:RuleEngine/CellMotionDetector/Motion)
2026-07-22 10:36:04 [cctv2] [INFO] Notification received (Topic: tns1:RuleEngine/CellMotionDetector/Motion)
2026-07-22 10:36:04 [cctv2] [INFO] Notification received (Topic: tns1:RuleEngine/CellMotionDetector/Motion)
2026-07-22 10:36:04 [cctv2] [INFO] Notification received (Topic: tns1:RuleEngine/CellMotionDetector/Motion)
2026-07-22 10:36:04 [cctv2] [INFO] Notification received (Topic: tns1:RuleEngine/CellMotionDetector/Motion)
2026-07-22 10:36:04 [cctv2] [INFO] Notification received (Topic: tns1:RuleEngine/CellMotionDetector/Motion)
2026-07-22 10:36:04 [cctv2] [INFO] Notification received (Topic: tns1:RuleEngine/CellMotionDetector/Motion)
2026-07-22 10:36:04 [cctv2] [INFO] Notification received (Topic: tns1:RuleEngine/CellMotionDetector/Motion)
2026-07-22 10:36:04 [cctv2] [INFO] Notification received (Topic: tns1:RuleEngine/CellMotionDetector/Motion)
2026-07-22 10:36:04 [cctv2] [INFO] Notification received (Topic: tns1:RuleEngine/CellMotionDetector/Motion)
2026-07-22 10:36:04 [cctv2] [INFO] Notification received (Topic: tns1:RuleEngine/CellMotionDetector/Motion)
2026-07-22 10:36:04 [cctv2] [INFO] Notification received (Topic: tns1:RuleEngine/CellMotionDetector/Motion)
2026-07-22 10:36:04 [cctv2] [INFO] Notification received (Topic: tns1:RuleEngine/CellMotionDetector/Motion)
2026-07-22 10:36:04 [cctv2] [INFO] Notification received (Topic: tns1:RuleEngine/CellMotionDetector/Motion)
2026-07-22 10:36:04 [cctv2] [INFO] Notification received (Topic: tns1:RuleEngine/CellMotionDetector/Motion)
2026-07-22 10:36:04 [cctv2] [INFO] Notification received (Topic: tns1:RuleEngine/CellMotionDetector/Motion)
2026-07-22 10:36:04 [cctv2] [INFO] Notification received (Topic: tns1:RuleEngine/CellMotionDetector/Motion)
2026-07-22 10:36:04 [cctv2] [INFO] Notification received (Topic: tns1:RuleEngine/CellMotionDetector/Motion)
2026-07-22 10:36:05 [cctv2] [INFO] Notification received (Topic: tns1:RuleEngine/CellMotionDetector/Motion)
2026-07-22 10:36:05 [cctv2] [INFO] Notification received (Topic: tns1:RuleEngine/CellMotionDetector/Motion)
2026-07-22 10:36:05 [cctv2] [INFO] Notification received (Topic: tns1:RuleEngine/CellMotionDetector/Motion)
2026-07-22 10:36:05 [cctv2] [INFO] Notification received (Topic: tns1:RuleEngine/CellMotionDetector/Motion)
2026-07-22 10:36:05 [cctv2] [INFO] Notification received (Topic: tns1:RuleEngine/CellMotionDetector/Motion)
2026-07-22 10:36:05 [cctv2] [INFO] Notification received (Topic: tns1:RuleEngine/CellMotionDetector/Motion)
2026-07-22 10:36:05 [cctv2] [INFO] Notification received (Topic: tns1:RuleEngine/CellMotionDetector/Motion)
2026-07-22 10:36:05 [cctv2] [INFO] Notification received (Topic: tns1:RuleEngine/CellMotionDetector/Motion)
2026-07-22 10:36:05 [cctv2] [INFO] Notification received (Topic: tns1:RuleEngine/CellMotionDetector/Motion)
2026-07-22 10:36:05 [cctv2] [INFO] Notification received (Topic: tns1:RuleEngine/CellMotionDetector/Motion)
2026-07-22 10:36:05 [cctv2] [INFO] Notification received (Topic: tns1:RuleEngine/PeopleDetector/People)
2026-07-22 10:36:05 [cctv2] [INFO] Notification received (Topic: tns1:RuleEngine/PeopleDetector/People)
2026-07-22 10:36:05 [cctv2] [INFO] Notification received (Topic: tns1:RuleEngine/PeopleDetector/People)
2026-07-22 10:36:05 [cctv2] [INFO] Notification received (Topic: tns1:RuleEngine/PeopleDetector/People)
2026-07-22 10:36:05 [cctv2] [INFO] Notification received (Topic: tns1:RuleEngine/PeopleDetector/People)
2026-07-22 10:36:05 [cctv2] [INFO] Notification received (Topic: tns1:RuleEngine/PeopleDetector/People)
2026-07-22 10:36:05 [cctv2] [INFO] Notification received (Topic: tns1:RuleEngine/PeopleDetector/People)
2026-07-22 10:36:05 [cctv2] [INFO] Notification received (Topic: tns1:RuleEngine/PeopleDetector/People)
2026-07-22 10:36:05 [cctv2] [INFO] Notification received (Topic: tns1:RuleEngine/PeopleDetector/People)
2026-07-22 10:36:05 [cctv2] [INFO] Notification received (Topic: tns1:RuleEngine/PeopleDetector/People)
2026-07-22 10:36:05 [cctv2] [INFO] Notification received (Topic: tns1:RuleEngine/PeopleDetector/People)
2026-07-22 10:36:06 [cctv2] [INFO] Notification received (Topic: tns1:RuleEngine/PeopleDetector/People)
2026-07-22 10:36:06 [cctv2] [INFO] Notification received (Topic: tns1:RuleEngine/PeopleDetector/People)
2026-07-22 10:36:06 [cctv2] [INFO] Notification received (Topic: tns1:RuleEngine/CellMotionDetector/Motion)
2026-07-22 10:36:06 [cctv2] [INFO] Notification received (Topic: tns1:RuleEngine/CellMotionDetector/Motion)
2026-07-22 10:36:06 [cctv2] [INFO] Notification received (Topic: tns1:RuleEngine/CellMotionDetector/Motion)
2026-07-22 10:36:06 [cctv2] [INFO] Notification received (Topic: tns1:RuleEngine/CellMotionDetector/Motion)
2026-07-22 10:36:06 [cctv2] [INFO] Notification received (Topic: tns1:RuleEngine/CellMotionDetector/Motion)
2026-07-22 10:36:06 [cctv2] [INFO] Notification received (Topic: tns1:RuleEngine/CellMotionDetector/Motion)
2026-07-22 10:36:06 [cctv2] [INFO] Notification received (Topic: tns1:RuleEngine/CellMotionDetector/Motion)
2026-07-22 10:36:06 [cctv2] [INFO] Notification received (Topic: tns1:RuleEngine/CellMotionDetector/Motion)
2026-07-22 10:36:06 [cctv2] [INFO] Notification received (Topic: tns1:RuleEngine/CellMotionDetector/Motion)
2026-07-22 10:36:06 [cctv2] [INFO] Notification received (Topic: tns1:RuleEngine/CellMotionDetector/Motion)
2026-07-22 10:36:06 [cctv2] [INFO] Notification received (Topic: tns1:RuleEngine/CellMotionDetector/Motion)
2026-07-22 10:36:07 [cctv2] [INFO] Notification received (Topic: tns1:RuleEngine/CellMotionDetector/Motion)
2026-07-22 10:36:07 [cctv2] [INFO] Notification received (Topic: tns1:RuleEngine/CellMotionDetector/Motion)
2026-07-22 10:36:07 [cctv2] [INFO] Notification received (Topic: tns1:RuleEngine/CellMotionDetector/Motion)
2026-07-22 10:36:07 [cctv2] [INFO] Notification received (Topic: tns1:RuleEngine/CellMotionDetector/Motion)
2026-07-22 10:36:07 [cctv2] [INFO] Notification received (Topic: tns1:RuleEngine/CellMotionDetector/Motion)
2026-07-22 10:36:07 [cctv2] [INFO] Notification received (Topic: tns1:RuleEngine/CellMotionDetector/Motion)
2026-07-22 10:36:07 [cctv2] [INFO] Notification received (Topic: tns1:RuleEngine/CellMotionDetector/Motion)
2026-07-22 10:36:07 [cctv2] [INFO] Notification received (Topic: tns1:RuleEngine/CellMotionDetector/Motion)
2026-07-22 10:36:07 [cctv2] [INFO] Notification received (Topic: tns1:RuleEngine/CellMotionDetector/Motion)
2026-07-22 10:36:07 [cctv2] [INFO] Notification received (Topic: tns1:RuleEngine/CellMotionDetector/Motion)
2026-07-22 10:36:08 [cctv2] [INFO] Notification received (Topic: tns1:RuleEngine/CellMotionDetector/Motion)
2026-07-22 10:36:08 [cctv2] [INFO] Notification received (Topic: tns1:RuleEngine/CellMotionDetector/Motion)
2026-07-22 10:36:08 [cctv2] [INFO] Notification received (Topic: tns1:RuleEngine/CellMotionDetector/Motion)
2026-07-22 10:36:08 [cctv2] [INFO] Notification received (Topic: tns1:RuleEngine/CellMotionDetector/Motion)
2026-07-22 10:36:08 [cctv2] [INFO] Notification received (Topic: tns1:RuleEngine/CellMotionDetector/Motion)
2026-07-22 10:36:08 [cctv2] [INFO] Notification received (Topic: tns1:RuleEngine/CellMotionDetector/Motion)
2026-07-22 10:36:08 [cctv2] [INFO] Notification received (Topic: tns1:RuleEngine/CellMotionDetector/Motion)
2026-07-22 10:36:08 [cctv2] [INFO] Notification received (Topic: tns1:RuleEngine/CellMotionDetector/Motion)
2026-07-22 10:36:08 [cctv2] [INFO] Notification received (Topic: tns1:RuleEngine/CellMotionDetector/Motion)
2026-07-22 10:36:08 [cctv2] [INFO] Notification received (Topic: tns1:RuleEngine/CellMotionDetector/Motion)
2026-07-22 10:36:08 [cctv2] [INFO] Notification received (Topic: tns1:RuleEngine/CellMotionDetector/Motion)
2026-07-22 10:36:08 [cctv2] [INFO] Notification received (Topic: tns1:RuleEngine/CellMotionDetector/Motion)
2026-07-22 10:36:08 [cctv2] [INFO] Notification received (Topic: tns1:RuleEngine/CellMotionDetector/Motion)
2026-07-22 10:36:08 [cctv2] [INFO] Notification received (Topic: tns1:RuleEngine/CellMotionDetector/Motion)
2026-07-22 10:36:09 [cctv2] [INFO] Notification received (Topic: tns1:RuleEngine/CellMotionDetector/Motion)
2026-07-22 10:36:09 [cctv2] [INFO] Notification received (Topic: tns1:RuleEngine/CellMotionDetector/Motion)
2026-07-22 10:36:09 [cctv2] [INFO] Notification received (Topic: tns1:RuleEngine/CellMotionDetector/Motion)
2026-07-22 10:36:09 [cctv2] [INFO] Notification received (Topic: tns1:RuleEngine/CellMotionDetector/Motion)
2026-07-22 10:36:09 [cctv2] [INFO] Notification received (Topic: tns1:RuleEngine/CellMotionDetector/Motion)
2026-07-22 10:36:09 [cctv2] [INFO] Notification received (Topic: tns1:RuleEngine/CellMotionDetector/Motion)
2026-07-22 10:36:09 [cctv2] [INFO] Notification received (Topic: tns1:RuleEngine/CellMotionDetector/Motion)
2026-07-22 10:36:09 [cctv2] [INFO] Notification received (Topic: tns1:RuleEngine/CellMotionDetector/Motion)
2026-07-22 10:36:09 [cctv2] [INFO] Notification received (Topic: tns1:RuleEngine/CellMotionDetector/Motion)
2026-07-22 10:36:09 [cctv2] [INFO] Notification received (Topic: tns1:RuleEngine/CellMotionDetector/Motion)
2026-07-22 10:36:09 [cctv2] [INFO] Notification received (Topic: tns1:RuleEngine/CellMotionDetector/Motion)
2026-07-22 10:36:09 [cctv2] [INFO] Notification received (Topic: tns1:RuleEngine/CellMotionDetector/Motion)
2026-07-22 10:36:09 [cctv2] [INFO] Notification received (Topic: tns1:RuleEngine/CellMotionDetector/Motion)
2026-07-22 10:36:09 [cctv2] [INFO] Notification received (Topic: tns1:RuleEngine/CellMotionDetector/Motion)
2026-07-22 10:36:09 [cctv2] [INFO] Notification received (Topic: tns1:RuleEngine/CellMotionDetector/Motion)
2026-07-22 10:36:09 [cctv2] [INFO] Notification received (Topic: tns1:RuleEngine/CellMotionDetector/Motion)
2026-07-22 10:36:10 [cctv2] [INFO] Notification received (Topic: tns1:RuleEngine/CellMotionDetector/Motion)
2026-07-22 10:36:10 [cctv2] [INFO] Notification received (Topic: tns1:RuleEngine/CellMotionDetector/Motion)
2026-07-22 10:36:10 [cctv2] [INFO] Notification received (Topic: tns1:RuleEngine/CellMotionDetector/Motion)
2026-07-22 10:36:10 [cctv2] [INFO] Notification received (Topic: tns1:RuleEngine/CellMotionDetector/Motion)
2026-07-22 10:36:10 [cctv2] [INFO] Notification received (Topic: tns1:RuleEngine/CellMotionDetector/Motion)
2026-07-22 10:36:10 [cctv2] [INFO] Notification received (Topic: tns1:RuleEngine/CellMotionDetector/Motion)
2026-07-22 10:36:10 [cctv2] [INFO] Notification received (Topic: tns1:RuleEngine/CellMotionDetector/Motion)
2026-07-22 10:36:10 [cctv2] [INFO] Notification received (Topic: tns1:RuleEngine/CellMotionDetector/Motion)
2026-07-22 10:36:10 [cctv2] [INFO] Notification received (Topic: tns1:RuleEngine/CellMotionDetector/Motion)
2026-07-22 10:36:10 [cctv2] [INFO] Notification received (Topic: tns1:RuleEngine/CellMotionDetector/Motion)
2026-07-22 10:36:10 [cctv2] [INFO] Notification received (Topic: tns1:RuleEngine/CellMotionDetector/Motion)
2026-07-22 10:36:10 [cctv2] [INFO] Notification received (Topic: tns1:RuleEngine/CellMotionDetector/Motion)
2026-07-22 10:36:10 [cctv2] [INFO] Notification received (Topic: tns1:RuleEngine/CellMotionDetector/Motion)
2026-07-22 10:36:10 [cctv2] [INFO] Notification received (Topic: tns1:RuleEngine/CellMotionDetector/Motion)
2026-07-22 10:36:10 [cctv2] [INFO] Notification received (Topic: tns1:RuleEngine/CellMotionDetector/Motion)
2026-07-22 10:36:10 [cctv2] [INFO] Notification received (Topic: tns1:RuleEngine/CellMotionDetector/Motion)
2026-07-22 10:36:10 [cctv2] [INFO] Notification received (Topic: tns1:RuleEngine/CellMotionDetector/Motion)
2026-07-22 10:36:10 [cctv2] [INFO] Notification received (Topic: tns1:RuleEngine/CellMotionDetector/Motion)
2026-07-22 10:36:10 [cctv2] [INFO] Notification received (Topic: tns1:RuleEngine/CellMotionDetector/Motion)
2026-07-22 10:36:10 [cctv2] [INFO] Notification received (Topic: tns1:RuleEngine/CellMotionDetector/Motion)
2026-07-22 10:36:10 [cctv2] [INFO] Notification received (Topic: tns1:RuleEngine/CellMotionDetector/Motion)
2026-07-22 10:36:44 [cctv2] [INFO] Notification received (Topic: tns1:RuleEngine/CellMotionDetector/Motion)
2026-07-22 10:36:44 [cctv2] [INFO] Notification received (Topic: tns1:RuleEngine/CellMotionDetector/Motion)
2026-07-22 10:36:44 [cctv2] [INFO] Notification received (Topic: tns1:RuleEngine/CellMotionDetector/Motion)
2026-07-22 10:36:44 [cctv2] [INFO] Notification received (Topic: tns1:RuleEngine/CellMotionDetector/Motion)
2026-07-22 10:36:44 [cctv2] [INFO] Notification received (Topic: tns1:RuleEngine/CellMotionDetector/Motion)
2026-07-22 10:36:44 [cctv2] [INFO] Notification received (Topic: tns1:RuleEngine/CellMotionDetector/Motion)
2026-07-22 10:36:44 [cctv2] [INFO] Notification received (Topic: tns1:RuleEngine/CellMotionDetector/Motion)
2026-07-22 10:36:44 [cctv2] [INFO] Notification received (Topic: tns1:RuleEngine/CellMotionDetector/Motion)
2026-07-22 10:36:44 [cctv2] [INFO] Notification received (Topic: tns1:RuleEngine/CellMotionDetector/Motion)
2026-07-22 10:36:44 [cctv2] [INFO] Notification received (Topic: tns1:RuleEngine/CellMotionDetector/Motion)
2026-07-22 10:36:44 [cctv2] [INFO] Notification received (Topic: tns1:RuleEngine/CellMotionDetector/Motion)
2026-07-22 10:36:44 [cctv2] [INFO] Notification received (Topic: tns1:RuleEngine/CellMotionDetector/Motion)
2026-07-22 10:36:44 [cctv2] [INFO] Notification received (Topic: tns1:RuleEngine/CellMotionDetector/Motion)
2026-07-22 10:36:44 [cctv2] [INFO] Notification received (Topic: tns1:RuleEngine/CellMotionDetector/Motion)
2026-07-22 10:36:44 [cctv2] [INFO] Notification received (Topic: tns1:RuleEngine/CellMotionDetector/Motion)
2026-07-22 10:36:45 [cctv2] [INFO] Notification received (Topic: tns1:RuleEngine/CellMotionDetector/Motion)
2026-07-22 10:36:45 [cctv2] [INFO] Notification received (Topic: tns1:RuleEngine/CellMotionDetector/Motion)
2026-07-22 10:36:45 [cctv2] [INFO] Notification received (Topic: tns1:RuleEngine/CellMotionDetector/Motion)
2026-07-22 10:36:45 [cctv2] [INFO] Notification received (Topic: tns1:RuleEngine/CellMotionDetector/Motion)
2026-07-22 10:36:45 [cctv2] [INFO] Notification received (Topic: tns1:RuleEngine/CellMotionDetector/Motion)
2026-07-22 10:36:45 [cctv2] [INFO] Notification received (Topic: tns1:RuleEngine/CellMotionDetector/Motion)
2026-07-22 10:36:45 [cctv2] [INFO] Notification received (Topic: tns1:RuleEngine/CellMotionDetector/Motion)
2026-07-22 10:36:45 [cctv2] [INFO] Notification received (Topic: tns1:RuleEngine/CellMotionDetector/Motion)
2026-07-22 10:36:45 [cctv2] [INFO] Notification received (Topic: tns1:RuleEngine/CellMotionDetector/Motion)
2026-07-22 10:36:45 [cctv2] [INFO] Notification received (Topic: tns1:RuleEngine/CellMotionDetector/Motion)
2026-07-22 10:36:45 [cctv2] [INFO] Notification received (Topic: tns1:RuleEngine/CellMotionDetector/Motion)
2026-07-22 10:36:45 [cctv2] [INFO] Notification received (Topic: tns1:RuleEngine/CellMotionDetector/Motion)
2026-07-22 10:36:45 [cctv2] [INFO] Notification received (Topic: tns1:RuleEngine/CellMotionDetector/Motion)
2026-07-22 10:36:46 [cctv2] [INFO] Notification received (Topic: tns1:RuleEngine/CellMotionDetector/Motion)
2026-07-22 10:36:46 [cctv2] [INFO] Notification received (Topic: tns1:RuleEngine/CellMotionDetector/Motion)
2026-07-22 10:36:46 [cctv2] [INFO] Notification received (Topic: tns1:RuleEngine/CellMotionDetector/Motion)
2026-07-22 10:36:46 [cctv2] [INFO] Notification received (Topic: tns1:RuleEngine/CellMotionDetector/Motion)
2026-07-22 10:36:46 [cctv2] [INFO] Notification received (Topic: tns1:RuleEngine/CellMotionDetector/Motion)
2026-07-22 10:36:46 [cctv2] [INFO] Notification received (Topic: tns1:RuleEngine/CellMotionDetector/Motion)
2026-07-22 10:36:46 [cctv2] [INFO] Notification received (Topic: tns1:RuleEngine/CellMotionDetector/Motion)
2026-07-22 10:36:46 [cctv2] [INFO] Notification received (Topic: tns1:RuleEngine/CellMotionDetector/Motion)
2026-07-22 10:36:46 [cctv2] [INFO] Notification received (Topic: tns1:RuleEngine/CellMotionDetector/Motion)
2026-07-22 10:36:46 [cctv2] [INFO] Notification received (Topic: tns1:RuleEngine/CellMotionDetector/Motion)
2026-07-22 10:36:46 [cctv2] [INFO] Notification received (Topic: tns1:RuleEngine/CellMotionDetector/Motion)
2026-07-22 10:36:46 [cctv2] [INFO] Notification received (Topic: tns1:RuleEngine/CellMotionDetector/Motion)
2026-07-22 10:36:46 [cctv2] [INFO] Notification received (Topic: tns1:RuleEngine/CellMotionDetector/Motion)
2026-07-22 10:36:46 [cctv2] [INFO] Notification received (Topic: tns1:RuleEngine/CellMotionDetector/Motion)
2026-07-22 10:36:46 [cctv2] [INFO] Notification received (Topic: tns1:RuleEngine/CellMotionDetector/Motion)
2026-07-22 10:36:46 [cctv2] [INFO] Notification received (Topic: tns1:RuleEngine/CellMotionDetector/Motion)
2026-07-22 10:36:46 [cctv2] [INFO] Notification received (Topic: tns1:RuleEngine/CellMotionDetector/Motion)
2026-07-22 10:36:46 [cctv2] [INFO] Notification received (Topic: tns1:RuleEngine/CellMotionDetector/Motion)
2026-07-22 10:36:46 [cctv2] [INFO] Notification received (Topic: tns1:RuleEngine/CellMotionDetector/Motion)
2026-07-22 10:36:46 [cctv2] [INFO] Notification received (Topic: tns1:RuleEngine/CellMotionDetector/Motion)
2026-07-22 10:36:46 [cctv2] [INFO] Notification received (Topic: tns1:RuleEngine/CellMotionDetector/Motion)
2026-07-22 10:36:46 [cctv2] [INFO] Notification received (Topic: tns1:RuleEngine/CellMotionDetector/Motion)
2026-07-22 10:36:46 [cctv2] [INFO] Notification received (Topic: tns1:RuleEngine/CellMotionDetector/Motion)
2026-07-22 10:36:46 [cctv2] [INFO] Notification received (Topic: tns1:RuleEngine/CellMotionDetector/Motion)
2026-07-22 10:36:47 [cctv2] [INFO] Notification received (Topic: tns1:RuleEngine/CellMotionDetector/Motion)
2026-07-22 10:36:47 [cctv2] [INFO] Notification received (Topic: tns1:RuleEngine/CellMotionDetector/Motion)
2026-07-22 10:36:47 [cctv2] [INFO] Notification received (Topic: tns1:RuleEngine/CellMotionDetector/Motion)
2026-07-22 10:36:47 [cctv2] [INFO] Notification received (Topic: tns1:RuleEngine/CellMotionDetector/Motion)
2026-07-22 10:36:47 [cctv2] [INFO] Notification received (Topic: tns1:RuleEngine/CellMotionDetector/Motion)
2026-07-22 10:36:47 [cctv2] [INFO] Notification received (Topic: tns1:RuleEngine/CellMotionDetector/Motion)
2026-07-22 10:36:47 [cctv2] [INFO] Notification received (Topic: tns1:RuleEngine/CellMotionDetector/Motion)
2026-07-22 10:36:47 [cctv2] [INFO] Notification received (Topic: tns1:RuleEngine/CellMotionDetector/Motion)
2026-07-22 10:36:47 [cctv2] [INFO] Notification received (Topic: tns1:RuleEngine/CellMotionDetector/Motion)
2026-07-22 10:36:47 [cctv2] [INFO] Notification received (Topic: tns1:RuleEngine/CellMotionDetector/Motion)
2026-07-22 10:36:47 [cctv2] [INFO] Notification received (Topic: tns1:RuleEngine/CellMotionDetector/Motion)
2026-07-22 10:36:47 [cctv2] [INFO] Notification received (Topic: tns1:RuleEngine/CellMotionDetector/Motion)
2026-07-22 10:36:47 [cctv2] [INFO] Notification received (Topic: tns1:RuleEngine/CellMotionDetector/Motion)
2026-07-22 10:36:47 [cctv2] [INFO] Notification received (Topic: tns1:RuleEngine/CellMotionDetector/Motion)
2026-07-22 10:36:47 [cctv2] [INFO] Notification received (Topic: tns1:RuleEngine/CellMotionDetector/Motion)
2026-07-22 10:36:47 [cctv2] [INFO] Notification received (Topic: tns1:RuleEngine/CellMotionDetector/Motion)
2026-07-22 10:36:47 [cctv2] [INFO] Notification received (Topic: tns1:RuleEngine/CellMotionDetector/Motion)
2026-07-22 10:36:47 [cctv2] [INFO] Notification received (Topic: tns1:RuleEngine/CellMotionDetector/Motion)
2026-07-22 10:36:47 [cctv2] [INFO] Notification received (Topic: tns1:RuleEngine/CellMotionDetector/Motion)
2026-07-22 10:36:48 [cctv2] [INFO] Notification received (Topic: tns1:RuleEngine/CellMotionDetector/Motion)
2026-07-22 10:36:48 [cctv2] [INFO] Notification received (Topic: tns1:RuleEngine/CellMotionDetector/Motion)
2026-07-22 10:36:48 [cctv2] [INFO] Notification received (Topic: tns1:RuleEngine/CellMotionDetector/Motion)
2026-07-22 10:36:48 [cctv2] [INFO] Notification received (Topic: tns1:RuleEngine/CellMotionDetector/Motion)
2026-07-22 10:36:48 [cctv2] [INFO] Notification received (Topic: tns1:RuleEngine/CellMotionDetector/Motion)
2026-07-22 10:36:48 [cctv2] [INFO] Notification received (Topic: tns1:RuleEngine/CellMotionDetector/Motion)
2026-07-22 10:36:48 [cctv2] [INFO] Notification received (Topic: tns1:RuleEngine/CellMotionDetector/Motion)
2026-07-22 10:36:48 [cctv2] [INFO] Notification received (Topic: tns1:RuleEngine/CellMotionDetector/Motion)
2026-07-22 10:36:48 [cctv2] [INFO] Notification received (Topic: tns1:RuleEngine/CellMotionDetector/Motion)
2026-07-22 10:36:48 [cctv2] [INFO] Notification received (Topic: tns1:RuleEngine/CellMotionDetector/Motion)
2026-07-22 10:36:48 [cctv2] [INFO] Notification received (Topic: tns1:RuleEngine/CellMotionDetector/Motion)
2026-07-22 10:36:48 [cctv2] [INFO] Notification received (Topic: tns1:RuleEngine/CellMotionDetector/Motion)
2026-07-22 10:36:48 [cctv2] [INFO] Notification received (Topic: tns1:RuleEngine/CellMotionDetector/Motion)
2026-07-22 10:36:48 [cctv2] [INFO] Notification received (Topic: tns1:RuleEngine/CellMotionDetector/Motion)
2026-07-22 10:36:48 [cctv2] [INFO] Notification received (Topic: tns1:RuleEngine/CellMotionDetector/Motion)
2026-07-22 10:36:48 [cctv2] [INFO] Notification received (Topic: tns1:RuleEngine/CellMotionDetector/Motion)
2026-07-22 10:36:48 [cctv2] [INFO] Notification received (Topic: tns1:RuleEngine/CellMotionDetector/Motion)
2026-07-22 10:36:48 [cctv2] [INFO] Notification received (Topic: tns1:RuleEngine/CellMotionDetector/Motion)
2026-07-22 10:36:48 [cctv2] [INFO] Notification received (Topic: tns1:RuleEngine/CellMotionDetector/Motion)
2026-07-22 10:36:48 [cctv2] [INFO] Notification received (Topic: tns1:RuleEngine/CellMotionDetector/Motion)
2026-07-22 10:36:48 [cctv2] [INFO] Notification received (Topic: tns1:RuleEngine/CellMotionDetector/Motion)
2026-07-22 10:36:48 [cctv2] [INFO] Notification received (Topic: tns1:RuleEngine/CellMotionDetector/Motion)
2026-07-22 10:36:49 [cctv2] [INFO] Notification received (Topic: tns1:RuleEngine/CellMotionDetector/Motion)
2026-07-22 10:36:49 [cctv2] [INFO] Notification received (Topic: tns1:RuleEngine/CellMotionDetector/Motion)
2026-07-22 10:36:49 [cctv2] [INFO] Notification received (Topic: tns1:RuleEngine/CellMotionDetector/Motion)
2026-07-22 10:36:49 [cctv2] [INFO] Notification received (Topic: tns1:RuleEngine/CellMotionDetector/Motion)
2026-07-22 10:36:49 [cctv2] [INFO] Notification received (Topic: tns1:RuleEngine/CellMotionDetector/Motion)
2026-07-22 10:36:49 [cctv2] [INFO] Notification received (Topic: tns1:RuleEngine/CellMotionDetector/Motion)
2026-07-22 10:36:49 [cctv2] [INFO] Notification received (Topic: tns1:RuleEngine/CellMotionDetector/Motion)
2026-07-22 10:36:49 [cctv2] [INFO] Notification received (Topic: tns1:RuleEngine/CellMotionDetector/Motion)
2026-07-22 10:36:49 [cctv2] [INFO] Notification received (Topic: tns1:RuleEngine/CellMotionDetector/Motion)
2026-07-22 10:36:49 [cctv2] [INFO] Notification received (Topic: tns1:RuleEngine/CellMotionDetector/Motion)
2026-07-22 10:36:49 [cctv2] [INFO] Notification received (Topic: tns1:RuleEngine/CellMotionDetector/Motion)
2026-07-22 10:36:49 [cctv2] [INFO] Notification received (Topic: tns1:RuleEngine/CellMotionDetector/Motion)
2026-07-22 10:36:49 [cctv2] [INFO] Notification received (Topic: tns1:RuleEngine/CellMotionDetector/Motion)
2026-07-22 10:36:49 [cctv2] [INFO] Notification received (Topic: tns1:RuleEngine/CellMotionDetector/Motion)
2026-07-22 10:36:49 [cctv2] [INFO] Notification received (Topic: tns1:RuleEngine/CellMotionDetector/Motion)
2026-07-22 10:36:49 [cctv2] [INFO] Notification received (Topic: tns1:RuleEngine/CellMotionDetector/Motion)
2026-07-22 10:36:49 [cctv2] [INFO] Notification received (Topic: tns1:RuleEngine/CellMotionDetector/Motion)
2026-07-22 10:36:50 [cctv2] [INFO] Notification received (Topic: tns1:RuleEngine/CellMotionDetector/Motion)
2026-07-22 10:36:50 [cctv2] [INFO] Notification received (Topic: tns1:RuleEngine/CellMotionDetector/Motion)
2026-07-22 10:36:50 [cctv2] [INFO] Notification received (Topic: tns1:RuleEngine/CellMotionDetector/Motion)
2026-07-22 10:36:50 [cctv2] [INFO] Notification received (Topic: tns1:RuleEngine/CellMotionDetector/Motion)
2026-07-22 10:36:50 [cctv2] [INFO] Notification received (Topic: tns1:RuleEngine/CellMotionDetector/Motion)
2026-07-22 10:36:50 [cctv2] [INFO] Notification received (Topic: tns1:RuleEngine/CellMotionDetector/Motion)
2026-07-22 10:36:50 [cctv2] [INFO] Notification received (Topic: tns1:RuleEngine/CellMotionDetector/Motion)
2026-07-22 10:36:50 [cctv2] [INFO] Notification received (Topic: tns1:RuleEngine/CellMotionDetector/Motion)
2026-07-22 10:36:50 [cctv2] [INFO] Notification received (Topic: tns1:RuleEngine/CellMotionDetector/Motion)
2026-07-22 10:36:50 [cctv2] [INFO] Notification received (Topic: tns1:RuleEngine/CellMotionDetector/Motion)
2026-07-22 10:36:50 [cctv2] [INFO] Notification received (Topic: tns1:RuleEngine/CellMotionDetector/Motion)
2026-07-22 10:36:50 [cctv2] [INFO] Notification received (Topic: tns1:RuleEngine/CellMotionDetector/Motion)
2026-07-22 10:36:50 [cctv2] [INFO] Notification received (Topic: tns1:RuleEngine/CellMotionDetector/Motion)
2026-07-22 10:36:50 [cctv2] [INFO] Notification received (Topic: tns1:RuleEngine/CellMotionDetector/Motion)
2026-07-22 10:36:50 [cctv2] [INFO] Notification received (Topic: tns1:RuleEngine/CellMotionDetector/Motion)
2026-07-22 10:36:50 [cctv2] [INFO] Notification received (Topic: tns1:RuleEngine/CellMotionDetector/Motion)
2026-07-22 10:36:50 [cctv2] [INFO] Notification received (Topic: tns1:RuleEngine/CellMotionDetector/Motion)
2026-07-22 10:36:50 [cctv2] [INFO] Notification received (Topic: tns1:RuleEngine/CellMotionDetector/Motion)
2026-07-22 10:36:50 [cctv2] [INFO] Notification received (Topic: tns1:RuleEngine/CellMotionDetector/Motion)
2026-07-22 10:36:50 [cctv2] [INFO] Notification received (Topic: tns1:RuleEngine/CellMotionDetector/Motion)
2026-07-22 10:36:50 [cctv2] [INFO] Notification received (Topic: tns1:RuleEngine/CellMotionDetector/Motion)
2026-07-22 10:36:50 [cctv2] [INFO] Notification received (Topic: tns1:RuleEngine/CellMotionDetector/Motion)
2026-07-22 10:36:50 [cctv2] [INFO] Notification received (Topic: tns1:RuleEngine/CellMotionDetector/Motion)
2026-07-22 10:36:50 [cctv2] [INFO] Notification received (Topic: tns1:RuleEngine/CellMotionDetector/Motion)
2026-07-22 10:36:50 [cctv2] [INFO] Notification received (Topic: tns1:RuleEngine/CellMotionDetector/Motion)
2026-07-22 10:36:51 [cctv2] [INFO] Notification received (Topic: tns1:RuleEngine/CellMotionDetector/Motion)
2026-07-22 10:36:51 [cctv2] [INFO] Notification received (Topic: tns1:RuleEngine/CellMotionDetector/Motion)
2026-07-22 10:36:51 [cctv2] [INFO] Notification received (Topic: tns1:RuleEngine/CellMotionDetector/Motion)
2026-07-22 10:36:51 [cctv2] [INFO] Notification received (Topic: tns1:RuleEngine/CellMotionDetector/Motion)
2026-07-22 10:36:51 [cctv2] [INFO] Notification received (Topic: tns1:RuleEngine/CellMotionDetector/Motion)
2026-07-22 10:36:51 [cctv2] [INFO] Notification received (Topic: tns1:RuleEngine/CellMotionDetector/Motion)
2026-07-22 10:36:51 [cctv2] [INFO] Notification received (Topic: tns1:RuleEngine/CellMotionDetector/Motion)
2026-07-22 10:36:51 [cctv2] [INFO] Notification received (Topic: tns1:RuleEngine/CellMotionDetector/Motion)
2026-07-22 10:36:51 [cctv2] [INFO] Notification received (Topic: tns1:RuleEngine/CellMotionDetector/Motion)
2026-07-22 10:36:51 [cctv2] [INFO] Notification received (Topic: tns1:RuleEngine/CellMotionDetector/Motion)
2026-07-22 10:36:51 [cctv2] [INFO] Notification received (Topic: tns1:RuleEngine/CellMotionDetector/Motion)
2026-07-22 10:36:51 [cctv2] [INFO] Notification received (Topic: tns1:RuleEngine/CellMotionDetector/Motion)
2026-07-22 10:36:51 [cctv2] [INFO] Notification received (Topic: tns1:RuleEngine/CellMotionDetector/Motion)
2026-07-22 10:36:51 [cctv2] [INFO] Notification received (Topic: tns1:RuleEngine/CellMotionDetector/Motion)
2026-07-22 10:36:51 [cctv2] [INFO] Notification received (Topic: tns1:RuleEngine/CellMotionDetector/Motion)
2026-07-22 10:36:51 [cctv2] [INFO] Notification received (Topic: tns1:RuleEngine/CellMotionDetector/Motion)
2026-07-22 10:36:51 [cctv2] [INFO] Notification received (Topic: tns1:RuleEngine/CellMotionDetector/Motion)
2026-07-22 10:36:52 [cctv2] [INFO] Notification received (Topic: tns1:RuleEngine/CellMotionDetector/Motion)
2026-07-22 10:36:52 [cctv2] [INFO] Notification received (Topic: tns1:RuleEngine/CellMotionDetector/Motion)
2026-07-22 10:36:52 [cctv2] [INFO] Notification received (Topic: tns1:RuleEngine/CellMotionDetector/Motion)
2026-07-22 10:36:52 [cctv2] [INFO] Notification received (Topic: tns1:RuleEngine/CellMotionDetector/Motion)
2026-07-22 10:36:52 [cctv2] [INFO] Notification received (Topic: tns1:RuleEngine/CellMotionDetector/Motion)
2026-07-22 10:36:52 [cctv2] [INFO] Notification received (Topic: tns1:RuleEngine/CellMotionDetector/Motion)
2026-07-22 10:36:52 [cctv2] [INFO] Notification received (Topic: tns1:RuleEngine/CellMotionDetector/Motion)
2026-07-22 10:36:52 [cctv2] [INFO] Notification received (Topic: tns1:RuleEngine/CellMotionDetector/Motion)
2026-07-22 10:36:52 [cctv2] [INFO] Notification received (Topic: tns1:RuleEngine/CellMotionDetector/Motion)
2026-07-22 10:36:52 [cctv2] [INFO] Notification received (Topic: tns1:RuleEngine/CellMotionDetector/Motion)
2026-07-22 10:36:52 [cctv2] [INFO] Notification received (Topic: tns1:RuleEngine/CellMotionDetector/Motion)
2026-07-22 10:36:52 [cctv2] [INFO] Notification received (Topic: tns1:RuleEngine/CellMotionDetector/Motion)
2026-07-22 10:36:52 [cctv2] [INFO] Notification received (Topic: tns1:RuleEngine/CellMotionDetector/Motion)
2026-07-22 10:36:52 [cctv2] [INFO] Notification received (Topic: tns1:RuleEngine/CellMotionDetector/Motion)
2026-07-22 10:36:52 [cctv2] [INFO] Notification received (Topic: tns1:RuleEngine/CellMotionDetector/Motion)
2026-07-22 10:36:52 [cctv2] [INFO] Notification received (Topic: tns1:RuleEngine/CellMotionDetector/Motion)
2026-07-22 10:36:52 [cctv2] [INFO] Notification received (Topic: tns1:RuleEngine/CellMotionDetector/Motion)
2026-07-22 10:36:53 [cctv2] [INFO] Notification received (Topic: tns1:RuleEngine/CellMotionDetector/Motion)
2026-07-22 10:36:53 [cctv2] [INFO] Notification received (Topic: tns1:RuleEngine/CellMotionDetector/Motion)
2026-07-22 10:36:53 [cctv2] [INFO] Notification received (Topic: tns1:RuleEngine/CellMotionDetector/Motion)
2026-07-22 10:36:53 [cctv2] [INFO] Notification received (Topic: tns1:RuleEngine/CellMotionDetector/Motion)
2026-07-22 10:36:53 [cctv2] [INFO] Notification received (Topic: tns1:RuleEngine/CellMotionDetector/Motion)
2026-07-22 10:36:53 [cctv2] [INFO] Notification received (Topic: tns1:RuleEngine/CellMotionDetector/Motion)
2026-07-22 10:36:53 [cctv2] [INFO] Notification received (Topic: tns1:RuleEngine/CellMotionDetector/Motion)
2026-07-22 10:36:53 [cctv2] [INFO] Notification received (Topic: tns1:RuleEngine/CellMotionDetector/Motion)
2026-07-22 10:36:53 [cctv2] [INFO] Notification received (Topic: tns1:RuleEngine/CellMotionDetector/Motion)
2026-07-22 10:36:53 [cctv2] [INFO] Notification received (Topic: tns1:RuleEngine/CellMotionDetector/Motion)
2026-07-22 10:36:53 [cctv2] [INFO] Notification received (Topic: tns1:RuleEngine/CellMotionDetector/Motion)
2026-07-22 10:36:53 [cctv2] [INFO] Notification received (Topic: tns1:RuleEngine/CellMotionDetector/Motion)
2026-07-22 10:36:53 [cctv2] [INFO] Notification received (Topic: tns1:RuleEngine/CellMotionDetector/Motion)
2026-07-22 10:36:54 [cctv] [INFO] Notification received (Topic: tns1:RuleEngine/CellMotionDetector/Motion)
2026-07-22 10:36:54 [cctv] [INFO] Notification received (Topic: tns1:RuleEngine/CellMotionDetector/Motion)
2026-07-22 10:36:54 [cctv] [INFO] Notification received (Topic: tns1:RuleEngine/CellMotionDetector/Motion)
2026-07-22 10:36:54 [cctv] [INFO] Notification received (Topic: tns1:RuleEngine/CellMotionDetector/Motion)
2026-07-22 10:36:54 [cctv] [INFO] Notification received (Topic: tns1:RuleEngine/CellMotionDetector/Motion)
2026-07-22 10:36:54 [cctv] [INFO] Notification received (Topic: tns1:RuleEngine/CellMotionDetector/Motion)
2026-07-22 10:36:54 [cctv] [INFO] Notification received (Topic: tns1:RuleEngine/CellMotionDetector/Motion)
2026-07-22 10:36:55 [cctv] [INFO] Notification received (Topic: tns1:RuleEngine/CellMotionDetector/Motion)
2026-07-22 10:36:55 [cctv] [INFO] Notification received (Topic: tns1:RuleEngine/CellMotionDetector/Motion)
2026-07-22 10:36:55 [cctv] [INFO] Notification received (Topic: tns1:RuleEngine/CellMotionDetector/Motion)
2026-07-22 10:36:55 [cctv] [INFO] Notification received (Topic: tns1:RuleEngine/CellMotionDetector/Motion)
2026-07-22 10:36:55 [cctv] [INFO] Notification received (Topic: tns1:RuleEngine/CellMotionDetector/Motion)
2026-07-22 10:36:55 [cctv] [INFO] Notification received (Topic: tns1:RuleEngine/CellMotionDetector/Motion)
2026-07-22 10:36:55 [cctv] [INFO] Notification received (Topic: tns1:RuleEngine/CellMotionDetector/Motion)
2026-07-22 10:36:55 [cctv] [INFO] Notification received (Topic: tns1:RuleEngine/CellMotionDetector/Motion)
2026-07-22 10:36:55 [cctv] [INFO] Notification received (Topic: tns1:RuleEngine/CellMotionDetector/Motion)
2026-07-22 10:36:55 [cctv] [INFO] Notification received (Topic: tns1:RuleEngine/CellMotionDetector/Motion)
2026-07-22 10:36:55 [cctv] [INFO] Notification received (Topic: tns1:RuleEngine/CellMotionDetector/Motion)
2026-07-22 10:36:55 [cctv] [INFO] Notification received (Topic: tns1:RuleEngine/CellMotionDetector/Motion)
2026-07-22 10:36:55 [cctv] [INFO] Notification received (Topic: tns1:RuleEngine/CellMotionDetector/Motion)
2026-07-22 10:36:55 [cctv] [INFO] Notification received (Topic: tns1:RuleEngine/CellMotionDetector/Motion)
2026-07-22 10:36:55 [cctv] [INFO] Notification received (Topic: tns1:RuleEngine/CellMotionDetector/Motion)
2026-07-22 10:36:55 [cctv] [INFO] Notification received (Topic: tns1:RuleEngine/CellMotionDetector/Motion)
2026-07-22 10:36:55 [cctv] [INFO] Notification received (Topic: tns1:RuleEngine/CellMotionDetector/Motion)
2026-07-22 10:36:55 [cctv] [INFO] Notification received (Topic: tns1:RuleEngine/CellMotionDetector/Motion)
2026-07-22 10:36:55 [cctv] [INFO] Notification received (Topic: tns1:RuleEngine/CellMotionDetector/Motion)
2026-07-22 10:36:55 [cctv] [INFO] Notification received (Topic: tns1:RuleEngine/CellMotionDetector/Motion)
2026-07-22 10:36:55 [cctv] [INFO] Notification received (Topic: tns1:RuleEngine/CellMotionDetector/Motion)
2026-07-22 10:36:55 [cctv] [INFO] Notification received (Topic: tns1:RuleEngine/CellMotionDetector/Motion)
2026-07-22 10:36:55 [cctv] [INFO] Notification received (Topic: tns1:RuleEngine/CellMotionDetector/Motion)
2026-07-22 10:36:56 [cctv] [INFO] Notification received (Topic: tns1:RuleEngine/CellMotionDetector/Motion)
2026-07-22 10:36:56 [cctv] [INFO] Notification received (Topic: tns1:RuleEngine/CellMotionDetector/Motion)
2026-07-22 10:36:56 [cctv] [INFO] Notification received (Topic: tns1:RuleEngine/CellMotionDetector/Motion)
2026-07-22 10:36:56 [cctv] [INFO] Notification received (Topic: tns1:RuleEngine/CellMotionDetector/Motion)
2026-07-22 10:36:56 [cctv] [INFO] Notification received (Topic: tns1:RuleEngine/CellMotionDetector/Motion)
2026-07-22 10:36:56 [cctv] [INFO] Notification received (Topic: tns1:RuleEngine/CellMotionDetector/Motion)
2026-07-22 10:36:56 [cctv] [INFO] Notification received (Topic: tns1:RuleEngine/CellMotionDetector/Motion)
2026-07-22 10:36:56 [cctv] [INFO] Notification received (Topic: tns1:RuleEngine/CellMotionDetector/Motion)
2026-07-22 10:38:18 [cctv] [INFO] Initializing YOLO model for cctv...
2026-07-22 10:38:18 [cctv2] [INFO] Initializing YOLO model for cctv2...
2026-07-22 10:38:21 [cctv] [INFO] YOLO model loaded successfully for cctv
2026-07-22 10:38:21 [cctv2] [INFO] YOLO model loaded successfully for cctv2
2026-07-22 10:38:21 [cctv] [INFO] Running in EVENT-DRIVEN ONVIF mode...
2026-07-22 10:38:21 [cctv2] [INFO] Running in EVENT-DRIVEN ONVIF mode...
2026-07-22 10:38:21 [cctv] [INFO] Connecting to ONVIF on 10.10.0.5:2020...

2026-07-22 10:38:43 [cctv] [INFO] ONVIF PullPoint active on port 2020!
2026-07-22 10:38:43 [cctv2] [INFO] ONVIF PullPoint active on port 2021!
2026-07-22 10:39:16 [cctv2] [INFO] Notification received (Topic: tns1:RuleEngine/PeopleDetector/People)
2026-07-22 10:39:16 [cctv2] [INFO] Processing event topic 'tns1:RuleEngine/PeopleDetector/People'. Notification data: {
    'SubscriptionReference': {
        'Address': {
            '_value_1': None,
            '_attr_1': None
        },
        'ReferenceParameters': None,
        'Metadata': None,
        '_value_1': None,
        '_attr_1': None
    },
    'Topic': {
        '_value_1': 'tns1:RuleEngine/PeopleDetector/People',
        'Dialect': 'http://www.onvif.org/ver10/tev/topicExpression/ConcreteSet',
        '_attr_1': {
    }
    },
    'ProducerReference': None,
    'Message': {
        '_value_1': <Element {http://www.onvif.org/ver10/schema}Message at 0x18ff2390400>
    }
}
2026-07-22 10:39:16 [cctv2] [INFO] Notification received (Topic: tns1:RuleEngine/PeopleDetector/People)
2026-07-22 10:39:16 [cctv2] [INFO] Processing event topic 'tns1:RuleEngine/PeopleDetector/People'. Notification data: {
    'SubscriptionReference': {
        'Address': {
            '_value_1': None,
            '_attr_1': None
        },
        'ReferenceParameters': None,
        'Metadata': None,
        '_value_1': None,
        '_attr_1': None
    },
    'Topic': {
        '_value_1': 'tns1:RuleEngine/PeopleDetector/People',
        'Dialect': 'http://www.onvif.org/ver10/tev/topicExpression/ConcreteSet',
        '_attr_1': {
    }
    },
    'ProducerReference': None,
    'Message': {
        '_value_1': <Element {http://www.onvif.org/ver10/schema}Message at 0x18ff2391380>
    }
}
2026-07-22 10:39:16 [cctv2] [INFO] Notification received (Topic: tns1:RuleEngine/PeopleDetector/People)
2026-07-22 10:39:16 [cctv2] [INFO] Processing event topic 'tns1:RuleEngine/PeopleDetector/People'. Notification data: {
    'SubscriptionReference': {
        'Address': {
            '_value_1': None,
            '_attr_1': None
        },
        'ReferenceParameters': None,
        'Metadata': None,
        '_value_1': None,
        '_attr_1': None
    },
    'Topic': {
        '_value_1': 'tns1:RuleEngine/PeopleDetector/People',
        'Dialect': 'http://www.onvif.org/ver10/tev/topicExpression/ConcreteSet',
        '_attr_1': {
    }
    },
    'ProducerReference': None,
    'Message': {
        '_value_1': <Element {http://www.onvif.org/ver10/schema}Message at 0x18ff2391300>
    }
}
2026-07-22 10:39:16 [cctv2] [INFO] Notification received (Topic: tns1:RuleEngine/PeopleDetector/People)
2026-07-22 10:39:16 [cctv2] [INFO] Processing event topic 'tns1:RuleEngine/PeopleDetector/People'. Notification data: {
    'SubscriptionReference': {
        'Address': {
            '_value_1': None,
            '_attr_1': None
        },
        'ReferenceParameters': None,
        'Metadata': None,
        '_value_1': None,
        '_attr_1': None
    },
    'Topic': {
        '_value_1': 'tns1:RuleEngine/PeopleDetector/People',
        'Dialect': 'http://www.onvif.org/ver10/tev/topicExpression/ConcreteSet',
        '_attr_1': {
    }
    },
    'ProducerReference': None,
    'Message': {
        '_value_1': <Element {http://www.onvif.org/ver10/schema}Message at 0x18ff2391340>
    }
}
2026-07-22 10:39:16 [cctv2] [INFO] Notification received (Topic: tns1:RuleEngine/PeopleDetector/People)
2026-07-22 10:39:16 [cctv2] [INFO] Processing event topic 'tns1:RuleEngine/PeopleDetector/People'. Notification data: {
    'SubscriptionReference': {
        'Address': {
            '_value_1': None,
            '_attr_1': None
        },
        'ReferenceParameters': None,
        'Metadata': None,
        '_value_1': None,
        '_attr_1': None
    },
    'Topic': {
        '_value_1': 'tns1:RuleEngine/PeopleDetector/People',
        'Dialect': 'http://www.onvif.org/ver10/tev/topicExpression/ConcreteSet',
        '_attr_1': {
    }
    },
    'ProducerReference': None,
    'Message': {
        '_value_1': <Element {http://www.onvif.org/ver10/schema}Message at 0x18ff23917c0>
    }
}
2026-07-22 10:39:16 [cctv2] [INFO] Notification received (Topic: tns1:RuleEngine/PeopleDetector/People)
2026-07-22 10:39:16 [cctv2] [INFO] Processing event topic 'tns1:RuleEngine/PeopleDetector/People'. Notification data: {
    'SubscriptionReference': {
        'Address': {
            '_value_1': None,
            '_attr_1': None
        },
        'ReferenceParameters': None,
        'Metadata': None,
        '_value_1': None,
        '_attr_1': None
    },
    'Topic': {
        '_value_1': 'tns1:RuleEngine/PeopleDetector/People',
        'Dialect': 'http://www.onvif.org/ver10/tev/topicExpression/ConcreteSet',
        '_attr_1': {
    }
    },
    'ProducerReference': None,
    'Message': {
        '_value_1': <Element {http://www.onvif.org/ver10/schema}Message at 0x18ff2391400>
    }
}
2026-07-22 10:39:16 [cctv2] [INFO] Notification received (Topic: tns1:RuleEngine/PeopleDetector/People)
2026-07-22 10:39:16 [cctv2] [INFO] Processing event topic 'tns1:RuleEngine/PeopleDetector/People'. Notification data: {
    'SubscriptionReference': {
        'Address': {
            '_value_1': None,
            '_attr_1': None
        },
        'ReferenceParameters': None,
        'Metadata': None,
        '_value_1': None,
        '_attr_1': None
    },
    'Topic': {
        '_value_1': 'tns1:RuleEngine/PeopleDetector/People',
        'Dialect': 'http://www.onvif.org/ver10/tev/topicExpression/ConcreteSet',
        '_attr_1': {
    }
    },
    'ProducerReference': None,
    'Message': {
        '_value_1': <Element {http://www.onvif.org/ver10/schema}Message at 0x18ff2390900>
    }
}
2026-07-22 10:39:16 [cctv2] [INFO] Notification received (Topic: tns1:RuleEngine/PeopleDetector/People)
2026-07-22 10:39:16 [cctv2] [INFO] Processing event topic 'tns1:RuleEngine/PeopleDetector/People'. Notification data: {
    'SubscriptionReference': {
        'Address': {
            '_value_1': None,
            '_attr_1': None
        },
        'ReferenceParameters': None,
        'Metadata': None,
        '_value_1': None,
        '_attr_1': None
    },
    'Topic': {
        '_value_1': 'tns1:RuleEngine/PeopleDetector/People',
        'Dialect': 'http://www.onvif.org/ver10/tev/topicExpression/ConcreteSet',
        '_attr_1': {
    }
    },
    'ProducerReference': None,
    'Message': {
        '_value_1': <Element {http://www.onvif.org/ver10/schema}Message at 0x18ff2390b40>
    }
}
2026-07-22 10:39:16 [cctv2] [INFO] Notification received (Topic: tns1:RuleEngine/PeopleDetector/People)
2026-07-22 10:39:16 [cctv2] [INFO] Processing event topic 'tns1:RuleEngine/PeopleDetector/People'. Notification data: {
    'SubscriptionReference': {
        'Address': {
            '_value_1': None,
            '_attr_1': None
        },
        'ReferenceParameters': None,
        'Metadata': None,
        '_value_1': None,
        '_attr_1': None
    },
    'Topic': {
        '_value_1': 'tns1:RuleEngine/PeopleDetector/People',
        'Dialect': 'http://www.onvif.org/ver10/tev/topicExpression/ConcreteSet',
        '_attr_1': {
    }
    },
    'ProducerReference': None,
    'Message': {
        '_value_1': <Element {http://www.onvif.org/ver10/schema}Message at 0x18ff23914c0>
    }
}
2026-07-22 10:39:16 [cctv2] [INFO] Notification received (Topic: tns1:RuleEngine/PeopleDetector/People)
2026-07-22 10:39:16 [cctv2] [INFO] Processing event topic 'tns1:RuleEngine/PeopleDetector/People'. Notification data: {
    'SubscriptionReference': {
        'Address': {
            '_value_1': None,
            '_attr_1': None
        },
        'ReferenceParameters': None,
        'Metadata': None,
        '_value_1': None,
        '_attr_1': None
    },
    'Topic': {
        '_value_1': 'tns1:RuleEngine/PeopleDetector/People',
        'Dialect': 'http://www.onvif.org/ver10/tev/topicExpression/ConcreteSet',
        '_attr_1': {
    }
    },
    'ProducerReference': None,
    'Message': {
        '_value_1': <Element {http://www.onvif.org/ver10/schema}Message at 0x18ff2392340>
    }
}
2026-07-22 10:39:16 [cctv2] [INFO] Notification received (Topic: tns1:RuleEngine/PeopleDetector/People)
2026-07-22 10:39:16 [cctv2] [INFO] Processing event topic 'tns1:RuleEngine/PeopleDetector/People'. Notification data: {
    'SubscriptionReference': {
        'Address': {
            '_value_1': None,
            '_attr_1': None
        },
        'ReferenceParameters': None,
        'Metadata': None,
        '_value_1': None,
        '_attr_1': None
    },
    'Topic': {
        '_value_1': 'tns1:RuleEngine/PeopleDetector/People',
        'Dialect': 'http://www.onvif.org/ver10/tev/topicExpression/ConcreteSet',
        '_attr_1': {
    }
    },
    'ProducerReference': None,
    'Message': {
        '_value_1': <Element {http://www.onvif.org/ver10/schema}Message at 0x18ff23926c0>
    }
}
2026-07-22 10:39:16 [cctv2] [INFO] Notification received (Topic: tns1:RuleEngine/PeopleDetector/People)
2026-07-22 10:39:16 [cctv2] [INFO] Processing event topic 'tns1:RuleEngine/PeopleDetector/People'. Notification data: {
    'SubscriptionReference': {
        'Address': {
            '_value_1': None,
            '_attr_1': None
        },
        'ReferenceParameters': None,
        'Metadata': None,
        '_value_1': None,
        '_attr_1': None
    },
    'Topic': {
        '_value_1': 'tns1:RuleEngine/PeopleDetector/People',
        'Dialect': 'http://www.onvif.org/ver10/tev/topicExpression/ConcreteSet',
        '_attr_1': {
    }
    },
    'ProducerReference': None,
    'Message': {
        '_value_1': <Element {http://www.onvif.org/ver10/schema}Message at 0x18ff2391ec0>
    }
}
2026-07-22 10:39:16 [cctv2] [INFO] Notification received (Topic: tns1:RuleEngine/PeopleDetector/People)
2026-07-22 10:39:16 [cctv2] [INFO] Processing event topic 'tns1:RuleEngine/PeopleDetector/People'. Notification data: {
    'SubscriptionReference': {
        'Address': {
            '_value_1': None,
            '_attr_1': None
        },
        'ReferenceParameters': None,
        'Metadata': None,
        '_value_1': None,
        '_attr_1': None
    },
    'Topic': {
        '_value_1': 'tns1:RuleEngine/PeopleDetector/People',
        'Dialect': 'http://www.onvif.org/ver10/tev/topicExpression/ConcreteSet',
        '_attr_1': {
    }
    },
    'ProducerReference': None,
    'Message': {
        '_value_1': <Element {http://www.onvif.org/ver10/schema}Message at 0x18ff2390680>
    }
}
2026-07-22 10:39:16 [cctv2] [INFO] Notification received (Topic: tns1:RuleEngine/PeopleDetector/People)
2026-07-22 10:39:16 [cctv2] [INFO] Processing event topic 'tns1:RuleEngine/PeopleDetector/People'. Notification data: {
    'SubscriptionReference': {
        'Address': {
            '_value_1': None,
            '_attr_1': None
        },
        'ReferenceParameters': None,
        'Metadata': None,
        '_value_1': None,
        '_attr_1': None
    },
    'Topic': {
        '_value_1': 'tns1:RuleEngine/PeopleDetector/People',
        'Dialect': 'http://www.onvif.org/ver10/tev/topicExpression/ConcreteSet',
        '_attr_1': {
    }
    },
    'ProducerReference': None,
    'Message': {
        '_value_1': <Element {http://www.onvif.org/ver10/schema}Message at 0x18ff2392b00>
    }
}
2026-07-22 10:39:16 [cctv2] [INFO] Notification received (Topic: tns1:RuleEngine/PeopleDetector/People)
2026-07-22 10:39:16 [cctv2] [INFO] Processing event topic 'tns1:RuleEngine/PeopleDetector/People'. Notification data: {
    'SubscriptionReference': {
        'Address': {
            '_value_1': None,
            '_attr_1': None
        },
        'ReferenceParameters': None,
        'Metadata': None,
        '_value_1': None,
        '_attr_1': None
    },
    'Topic': {
        '_value_1': 'tns1:RuleEngine/PeopleDetector/People',
        'Dialect': 'http://www.onvif.org/ver10/tev/topicExpression/ConcreteSet',
        '_attr_1': {
    }
    },
    'ProducerReference': None,
    'Message': {
        '_value_1': <Element {http://www.onvif.org/ver10/schema}Message at 0x18ff2392800>
    }
}
2026-07-22 10:39:16 [cctv2] [INFO] Notification received (Topic: tns1:RuleEngine/PeopleDetector/People)
2026-07-22 10:39:16 [cctv2] [INFO] Processing event topic 'tns1:RuleEngine/PeopleDetector/People'. Notification data: {
    'SubscriptionReference': {
        'Address': {
            '_value_1': None,
            '_attr_1': None
        },
        'ReferenceParameters': None,
        'Metadata': None,
        '_value_1': None,
        '_attr_1': None
    },
    'Topic': {
        '_value_1': 'tns1:RuleEngine/PeopleDetector/People',
        'Dialect': 'http://www.onvif.org/ver10/tev/topicExpression/ConcreteSet',
        '_attr_1': {
    }
    },
    'ProducerReference': None,
    'Message': {
        '_value_1': <Element {http://www.onvif.org/ver10/schema}Message at 0x18ff2390880>
    }
}
2026-07-22 10:39:16 [cctv2] [INFO] Notification received (Topic: tns1:RuleEngine/PeopleDetector/People)
2026-07-22 10:39:16 [cctv2] [INFO] Processing event topic 'tns1:RuleEngine/PeopleDetector/People'. Notification data: {
    'SubscriptionReference': {
        'Address': {
            '_value_1': None,
            '_attr_1': None
        },
        'ReferenceParameters': None,
        'Metadata': None,
        '_value_1': None,
        '_attr_1': None
    },
    'Topic': {
        '_value_1': 'tns1:RuleEngine/PeopleDetector/People',
        'Dialect': 'http://www.onvif.org/ver10/tev/topicExpression/ConcreteSet',
        '_attr_1': {
    }
    },
    'ProducerReference': None,
    'Message': {
        '_value_1': <Element {http://www.onvif.org/ver10/schema}Message at 0x18ff2392fc0>
    }
}
2026-07-22 10:39:16 [cctv2] [INFO] Notification received (Topic: tns1:RuleEngine/PeopleDetector/People)
2026-07-22 10:39:16 [cctv2] [INFO] Processing event topic 'tns1:RuleEngine/PeopleDetector/People'. Notification data: {
    'SubscriptionReference': {
        'Address': {
            '_value_1': None,
            '_attr_1': None
        },
        'ReferenceParameters': None,
        'Metadata': None,
        '_value_1': None,
        '_attr_1': None
    },
    'Topic': {
        '_value_1': 'tns1:RuleEngine/PeopleDetector/People',
        'Dialect': 'http://www.onvif.org/ver10/tev/topicExpression/ConcreteSet',
        '_attr_1': {
    }
    },
    'ProducerReference': None,
    'Message': {
        '_value_1': <Element {http://www.onvif.org/ver10/schema}Message at 0x18ff2391c80>
    }
}
2026-07-22 10:39:16 [cctv2] [INFO] Notification received (Topic: tns1:RuleEngine/PeopleDetector/People)
2026-07-22 10:39:16 [cctv2] [INFO] Processing event topic 'tns1:RuleEngine/PeopleDetector/People'. Notification data: {
    'SubscriptionReference': {
        'Address': {
            '_value_1': None,
            '_attr_1': None
        },
        'ReferenceParameters': None,
        'Metadata': None,
        '_value_1': None,
        '_attr_1': None
    },
    'Topic': {
        '_value_1': 'tns1:RuleEngine/PeopleDetector/People',
        'Dialect': 'http://www.onvif.org/ver10/tev/topicExpression/ConcreteSet',
        '_attr_1': {
    }
    },
    'ProducerReference': None,
    'Message': {
        '_value_1': <Element {http://www.onvif.org/ver10/schema}Message at 0x18ff23928c0>
    }
}
2026-07-22 10:39:17 [cctv2] [INFO] Notification received (Topic: tns1:RuleEngine/PeopleDetector/People)
2026-07-22 10:39:17 [cctv2] [INFO] Processing event topic 'tns1:RuleEngine/PeopleDetector/People'. Notification data: {
    'SubscriptionReference': {
        'Address': {
            '_value_1': None,
            '_attr_1': None
        },
        'ReferenceParameters': None,
        'Metadata': None,
        '_value_1': None,
        '_attr_1': None
    },
    'Topic': {
        '_value_1': 'tns1:RuleEngine/PeopleDetector/People',
        'Dialect': 'http://www.onvif.org/ver10/tev/topicExpression/ConcreteSet',
        '_attr_1': {
    }
    },
    'ProducerReference': None,
    'Message': {
        '_value_1': <Element {http://www.onvif.org/ver10/schema}Message at 0x18ff2393380>
    }
}
2026-07-22 10:39:17 [cctv2] [INFO] Notification received (Topic: tns1:RuleEngine/PeopleDetector/People)
2026-07-22 10:39:17 [cctv2] [INFO] Processing event topic 'tns1:RuleEngine/PeopleDetector/People'. Notification data: {
    'SubscriptionReference': {
        'Address': {
            '_value_1': None,
            '_attr_1': None
        },
        'ReferenceParameters': None,
        'Metadata': None,
        '_value_1': None,
        '_attr_1': None
    },
    'Topic': {
        '_value_1': 'tns1:RuleEngine/PeopleDetector/People',
        'Dialect': 'http://www.onvif.org/ver10/tev/topicExpression/ConcreteSet',
        '_attr_1': {
    }
    },
    'ProducerReference': None,
    'Message': {
        '_value_1': <Element {http://www.onvif.org/ver10/schema}Message at 0x18ff2390f00>
    }
}
2026-07-22 10:39:17 [cctv2] [INFO] Notification received (Topic: tns1:RuleEngine/PeopleDetector/People)
2026-07-22 10:39:17 [cctv2] [INFO] Processing event topic 'tns1:RuleEngine/PeopleDetector/People'. Notification data: {
    'SubscriptionReference': {
        'Address': {
            '_value_1': None,
            '_attr_1': None
        },
        'ReferenceParameters': None,
        'Metadata': None,
        '_value_1': None,
        '_attr_1': None
    },
    'Topic': {
        '_value_1': 'tns1:RuleEngine/PeopleDetector/People',
        'Dialect': 'http://www.onvif.org/ver10/tev/topicExpression/ConcreteSet',
        '_attr_1': {
    }
    },
    'ProducerReference': None,
    'Message': {
        '_value_1': <Element {http://www.onvif.org/ver10/schema}Message at 0x18ff2393500>
    }
}
2026-07-22 10:39:17 [cctv2] [INFO] Notification received (Topic: tns1:RuleEngine/PeopleDetector/People)
2026-07-22 10:39:17 [cctv2] [INFO] Processing event topic 'tns1:RuleEngine/PeopleDetector/People'. Notification data: {
    'SubscriptionReference': {
        'Address': {
            '_value_1': None,
            '_attr_1': None
        },
        'ReferenceParameters': None,
        'Metadata': None,
        '_value_1': None,
        '_attr_1': None
    },
    'Topic': {
        '_value_1': 'tns1:RuleEngine/PeopleDetector/People',
        'Dialect': 'http://www.onvif.org/ver10/tev/topicExpression/ConcreteSet',
        '_attr_1': {
    }
    },
    'ProducerReference': None,
    'Message': {
        '_value_1': <Element {http://www.onvif.org/ver10/schema}Message at 0x18ff23936c0>
    }
}
2026-07-22 10:39:17 [cctv2] [INFO] Notification received (Topic: tns1:RuleEngine/PeopleDetector/People)
2026-07-22 10:39:17 [cctv2] [INFO] Processing event topic 'tns1:RuleEngine/PeopleDetector/People'. Notification data: {
    'SubscriptionReference': {
        'Address': {
            '_value_1': None,
            '_attr_1': None
        },
        'ReferenceParameters': None,
        'Metadata': None,
        '_value_1': None,
        '_attr_1': None
    },
    'Topic': {
        '_value_1': 'tns1:RuleEngine/PeopleDetector/People',
        'Dialect': 'http://www.onvif.org/ver10/tev/topicExpression/ConcreteSet',
        '_attr_1': {
    }
    },
    'ProducerReference': None,
    'Message': {
        '_value_1': <Element {http://www.onvif.org/ver10/schema}Message at 0x18ff2393380>
    }
}
2026-07-22 10:39:17 [cctv2] [INFO] Notification received (Topic: tns1:RuleEngine/PeopleDetector/People)
2026-07-22 10:39:17 [cctv2] [INFO] Processing event topic 'tns1:RuleEngine/PeopleDetector/People'. Notification data: {
    'SubscriptionReference': {
        'Address': {
            '_value_1': None,
            '_attr_1': None
        },
        'ReferenceParameters': None,
        'Metadata': None,
        '_value_1': None,
        '_attr_1': None
    },
    'Topic': {
        '_value_1': 'tns1:RuleEngine/PeopleDetector/People',
        'Dialect': 'http://www.onvif.org/ver10/tev/topicExpression/ConcreteSet',
        '_attr_1': {
    }
    },
    'ProducerReference': None,
    'Message': {
        '_value_1': <Element {http://www.onvif.org/ver10/schema}Message at 0x18ff2393bc0>
    }
}
2026-07-22 10:39:17 [cctv2] [INFO] Notification received (Topic: tns1:RuleEngine/PeopleDetector/People)
2026-07-22 10:39:17 [cctv2] [INFO] Processing event topic 'tns1:RuleEngine/PeopleDetector/People'. Notification data: {
    'SubscriptionReference': {
        'Address': {
            '_value_1': None,
            '_attr_1': None
        },
        'ReferenceParameters': None,
        'Metadata': None,
        '_value_1': None,
        '_attr_1': None
    },
    'Topic': {
        '_value_1': 'tns1:RuleEngine/PeopleDetector/People',
        'Dialect': 'http://www.onvif.org/ver10/tev/topicExpression/ConcreteSet',
        '_attr_1': {
    }
    },
    'ProducerReference': None,
    'Message': {
        '_value_1': <Element {http://www.onvif.org/ver10/schema}Message at 0x18ff2391b80>
    }
}
2026-07-22 10:39:17 [cctv2] [INFO] Notification received (Topic: tns1:RuleEngine/PeopleDetector/People)
2026-07-22 10:39:17 [cctv2] [INFO] Processing event topic 'tns1:RuleEngine/PeopleDetector/People'. Notification data: {
    'SubscriptionReference': {
        'Address': {
            '_value_1': None,
            '_attr_1': None
        },
        'ReferenceParameters': None,
        'Metadata': None,
        '_value_1': None,
        '_attr_1': None
    },
    'Topic': {
        '_value_1': 'tns1:RuleEngine/PeopleDetector/People',
        'Dialect': 'http://www.onvif.org/ver10/tev/topicExpression/ConcreteSet',
        '_attr_1': {
    }
    },
    'ProducerReference': None,
    'Message': {
        '_value_1': <Element {http://www.onvif.org/ver10/schema}Message at 0x18ff2393e40>
    }
}
2026-07-22 10:39:17 [cctv2] [INFO] Notification received (Topic: tns1:RuleEngine/PeopleDetector/People)
2026-07-22 10:39:17 [cctv2] [INFO] Processing event topic 'tns1:RuleEngine/PeopleDetector/People'. Notification data: {
    'SubscriptionReference': {
        'Address': {
            '_value_1': None,
            '_attr_1': None
        },
        'ReferenceParameters': None,
        'Metadata': None,
        '_value_1': None,
        '_attr_1': None
    },
    'Topic': {
        '_value_1': 'tns1:RuleEngine/PeopleDetector/People',
        'Dialect': 'http://www.onvif.org/ver10/tev/topicExpression/ConcreteSet',
        '_attr_1': {
    }
    },
    'ProducerReference': None,
    'Message': {
        '_value_1': <Element {http://www.onvif.org/ver10/schema}Message at 0x18ff2393f80>
    }
}
2026-07-22 10:39:17 [cctv2] [INFO] Notification received (Topic: tns1:RuleEngine/CellMotionDetector/Motion)
2026-07-22 10:39:17 [cctv2] [INFO] Processing event topic 'tns1:RuleEngine/CellMotionDetector/Motion'. Notification data: {
    'SubscriptionReference': {
        'Address': {
            '_value_1': None,
            '_attr_1': None
        },
        'ReferenceParameters': None,
        'Metadata': None,
        '_value_1': None,
        '_attr_1': None
    },
    'Topic': {
        '_value_1': 'tns1:RuleEngine/CellMotionDetector/Motion',
        'Dialect': 'http://www.onvif.org/ver10/tev/topicExpression/ConcreteSet',
        '_attr_1': {
    }
    },
    'ProducerReference': None,
    'Message': {
        '_value_1': <Element {http://www.onvif.org/ver10/schema}Message at 0x18ff2393fc0>
    }
}
2026-07-22 10:39:17 [cctv2] [INFO] Notification received (Topic: tns1:RuleEngine/PeopleDetector/People)
2026-07-22 10:39:17 [cctv2] [INFO] Processing event topic 'tns1:RuleEngine/PeopleDetector/People'. Notification data: {
    'SubscriptionReference': {
        'Address': {
            '_value_1': None,
            '_attr_1': None
        },
        'ReferenceParameters': None,
        'Metadata': None,
        '_value_1': None,
        '_attr_1': None
    },
    'Topic': {
        '_value_1': 'tns1:RuleEngine/PeopleDetector/People',
        'Dialect': 'http://www.onvif.org/ver10/tev/topicExpression/ConcreteSet',
        '_attr_1': {
    }
    },
    'ProducerReference': None,
    'Message': {
        '_value_1': <Element {http://www.onvif.org/ver10/schema}Message at 0x18ff2393440>
    }
}
2026-07-22 10:39:17 [cctv2] [INFO] Notification received (Topic: tns1:RuleEngine/PeopleDetector/People)
2026-07-22 10:39:17 [cctv2] [INFO] Processing event topic 'tns1:RuleEngine/PeopleDetector/People'. Notification data: {
    'SubscriptionReference': {
        'Address': {
            '_value_1': None,
            '_attr_1': None
        },
        'ReferenceParameters': None,
        'Metadata': None,
        '_value_1': None,
        '_attr_1': None
    },
    'Topic': {
        '_value_1': 'tns1:RuleEngine/PeopleDetector/People',
        'Dialect': 'http://www.onvif.org/ver10/tev/topicExpression/ConcreteSet',
        '_attr_1': {
    }
    },
    'ProducerReference': None,
    'Message': {
        '_value_1': <Element {http://www.onvif.org/ver10/schema}Message at 0x18ff2393e00>
    }
}
2026-07-22 10:39:17 [cctv2] [INFO] Notification received (Topic: tns1:RuleEngine/PeopleDetector/People)
2026-07-22 10:39:17 [cctv2] [INFO] Processing event topic 'tns1:RuleEngine/PeopleDetector/People'. Notification data: {
    'SubscriptionReference': {
        'Address': {
            '_value_1': None,
            '_attr_1': None
        },
        'ReferenceParameters': None,
        'Metadata': None,
        '_value_1': None,
        '_attr_1': None
    },
    'Topic': {
        '_value_1': 'tns1:RuleEngine/PeopleDetector/People',
        'Dialect': 'http://www.onvif.org/ver10/tev/topicExpression/ConcreteSet',
        '_attr_1': {
    }
    },
    'ProducerReference': None,
    'Message': {
        '_value_1': <Element {http://www.onvif.org/ver10/schema}Message at 0x18ff23a02c0>
    }
}
2026-07-22 10:39:17 [cctv2] [INFO] Notification received (Topic: tns1:RuleEngine/PeopleDetector/People)
2026-07-22 10:39:17 [cctv2] [INFO] Processing event topic 'tns1:RuleEngine/PeopleDetector/People'. Notification data: {
    'SubscriptionReference': {
        'Address': {
            '_value_1': None,
            '_attr_1': None
        },
        'ReferenceParameters': None,
        'Metadata': None,
        '_value_1': None,
        '_attr_1': None
    },
    'Topic': {
        '_value_1': 'tns1:RuleEngine/PeopleDetector/People',
        'Dialect': 'http://www.onvif.org/ver10/tev/topicExpression/ConcreteSet',
        '_attr_1': {
    }
    },
    'ProducerReference': None,
    'Message': {
        '_value_1': <Element {http://www.onvif.org/ver10/schema}Message at 0x18ff23a04c0>
    }
}
2026-07-22 10:39:17 [cctv2] [INFO] Notification received (Topic: tns1:RuleEngine/PeopleDetector/People)
2026-07-22 10:39:17 [cctv2] [INFO] Processing event topic 'tns1:RuleEngine/PeopleDetector/People'. Notification data: {
    'SubscriptionReference': {
        'Address': {
            '_value_1': None,
            '_attr_1': None
        },
        'ReferenceParameters': None,
        'Metadata': None,
        '_value_1': None,
        '_attr_1': None
    },
    'Topic': {
        '_value_1': 'tns1:RuleEngine/PeopleDetector/People',
        'Dialect': 'http://www.onvif.org/ver10/tev/topicExpression/ConcreteSet',
        '_attr_1': {
    }
    },
    'ProducerReference': None,
    'Message': {
        '_value_1': <Element {http://www.onvif.org/ver10/schema}Message at 0x18ff23a00c0>
    }
}
2026-07-22 10:39:18 [cctv2] [INFO] Notification received (Topic: tns1:RuleEngine/PeopleDetector/People)
2026-07-22 10:39:18 [cctv2] [INFO] Processing event topic 'tns1:RuleEngine/PeopleDetector/People'. Notification data: {
    'SubscriptionReference': {
        'Address': {
            '_value_1': None,
            '_attr_1': None
        },
        'ReferenceParameters': None,
        'Metadata': None,
        '_value_1': None,
        '_attr_1': None
    },
    'Topic': {
        '_value_1': 'tns1:RuleEngine/PeopleDetector/People',
        'Dialect': 'http://www.onvif.org/ver10/tev/topicExpression/ConcreteSet',
        '_attr_1': {
    }
    },
    'ProducerReference': None,
    'Message': {
        '_value_1': <Element {http://www.onvif.org/ver10/schema}Message at 0x18ff23a02c0>
    }
}
2026-07-22 10:39:18 [cctv2] [INFO] Notification received (Topic: tns1:RuleEngine/PeopleDetector/People)
2026-07-22 10:39:18 [cctv2] [INFO] Processing event topic 'tns1:RuleEngine/PeopleDetector/People'. Notification data: {
    'SubscriptionReference': {
        'Address': {
            '_value_1': None,
            '_attr_1': None
        },
        'ReferenceParameters': None,
        'Metadata': None,
        '_value_1': None,
        '_attr_1': None
    },
    'Topic': {
        '_value_1': 'tns1:RuleEngine/PeopleDetector/People',
        'Dialect': 'http://www.onvif.org/ver10/tev/topicExpression/ConcreteSet',
        '_attr_1': {
    }
    },
    'ProducerReference': None,
    'Message': {
        '_value_1': <Element {http://www.onvif.org/ver10/schema}Message at 0x18ff23a07c0>
    }
}
2026-07-22 10:39:18 [cctv2] [INFO] Notification received (Topic: tns1:RuleEngine/PeopleDetector/People)
2026-07-22 10:39:18 [cctv2] [INFO] Processing event topic 'tns1:RuleEngine/PeopleDetector/People'. Notification data: {
    'SubscriptionReference': {
        'Address': {
            '_value_1': None,
            '_attr_1': None
        },
        'ReferenceParameters': None,
        'Metadata': None,
        '_value_1': None,
        '_attr_1': None
    },
    'Topic': {
        '_value_1': 'tns1:RuleEngine/PeopleDetector/People',
        'Dialect': 'http://www.onvif.org/ver10/tev/topicExpression/ConcreteSet',
        '_attr_1': {
    }
    },
    'ProducerReference': None,
    'Message': {
        '_value_1': <Element {http://www.onvif.org/ver10/schema}Message at 0x18ff23a0540>
    }
}
2026-07-22 10:39:18 [cctv2] [INFO] Notification received (Topic: tns1:RuleEngine/PeopleDetector/People)
2026-07-22 10:39:18 [cctv2] [INFO] Processing event topic 'tns1:RuleEngine/PeopleDetector/People'. Notification data: {
    'SubscriptionReference': {
        'Address': {
            '_value_1': None,
            '_attr_1': None
        },
        'ReferenceParameters': None,
        'Metadata': None,
        '_value_1': None,
        '_attr_1': None
    },
    'Topic': {
        '_value_1': 'tns1:RuleEngine/PeopleDetector/People',
        'Dialect': 'http://www.onvif.org/ver10/tev/topicExpression/ConcreteSet',
        '_attr_1': {
    }
    },
    'ProducerReference': None,
    'Message': {
        '_value_1': <Element {http://www.onvif.org/ver10/schema}Message at 0x18ff23a0bc0>
    }
}
2026-07-22 10:39:18 [cctv2] [INFO] Notification received (Topic: tns1:RuleEngine/PeopleDetector/People)
2026-07-22 10:39:18 [cctv2] [INFO] Processing event topic 'tns1:RuleEngine/PeopleDetector/People'. Notification data: {
    'SubscriptionReference': {
        'Address': {
            '_value_1': None,
            '_attr_1': None
        },
        'ReferenceParameters': None,
        'Metadata': None,
        '_value_1': None,
        '_attr_1': None
    },
    'Topic': {
        '_value_1': 'tns1:RuleEngine/PeopleDetector/People',
        'Dialect': 'http://www.onvif.org/ver10/tev/topicExpression/ConcreteSet',
        '_attr_1': {
    }
    },
    'ProducerReference': None,
    'Message': {
        '_value_1': <Element {http://www.onvif.org/ver10/schema}Message at 0x18ff23a05c0>
    }
}
2026-07-22 10:39:18 [cctv2] [INFO] Notification received (Topic: tns1:RuleEngine/PeopleDetector/People)
2026-07-22 10:39:18 [cctv2] [INFO] Processing event topic 'tns1:RuleEngine/PeopleDetector/People'. Notification data: {
    'SubscriptionReference': {
        'Address': {
            '_value_1': None,
            '_attr_1': None
        },
        'ReferenceParameters': None,
        'Metadata': None,
        '_value_1': None,
        '_attr_1': None
    },
    'Topic': {
        '_value_1': 'tns1:RuleEngine/PeopleDetector/People',
        'Dialect': 'http://www.onvif.org/ver10/tev/topicExpression/ConcreteSet',
        '_attr_1': {
    }
    },
    'ProducerReference': None,
    'Message': {
        '_value_1': <Element {http://www.onvif.org/ver10/schema}Message at 0x18ff23a0e00>
    }
}
2026-07-22 10:39:18 [cctv2] [INFO] Notification received (Topic: tns1:RuleEngine/PeopleDetector/People)
2026-07-22 10:39:18 [cctv2] [INFO] Processing event topic 'tns1:RuleEngine/PeopleDetector/People'. Notification data: {
    'SubscriptionReference': {
        'Address': {
            '_value_1': None,
            '_attr_1': None
        },
        'ReferenceParameters': None,
        'Metadata': None,
        '_value_1': None,
        '_attr_1': None
    },
    'Topic': {
        '_value_1': 'tns1:RuleEngine/PeopleDetector/People',
        'Dialect': 'http://www.onvif.org/ver10/tev/topicExpression/ConcreteSet',
        '_attr_1': {
    }
    },
    'ProducerReference': None,
    'Message': {
        '_value_1': <Element {http://www.onvif.org/ver10/schema}Message at 0x18ff23a0c00>
    }
}
2026-07-22 10:39:18 [cctv2] [INFO] Notification received (Topic: tns1:RuleEngine/CellMotionDetector/Motion)
2026-07-22 10:39:18 [cctv2] [INFO] Processing event topic 'tns1:RuleEngine/CellMotionDetector/Motion'. Notification data: {
    'SubscriptionReference': {
        'Address': {
            '_value_1': None,
            '_attr_1': None
        },
        'ReferenceParameters': None,
        'Metadata': None,
        '_value_1': None,
        '_attr_1': None
    },
    'Topic': {
        '_value_1': 'tns1:RuleEngine/CellMotionDetector/Motion',
        'Dialect': 'http://www.onvif.org/ver10/tev/topicExpression/ConcreteSet',
        '_attr_1': {
    }
    },
    'ProducerReference': None,
    'Message': {
        '_value_1': <Element {http://www.onvif.org/ver10/schema}Message at 0x18ff23a0c40>
    }
}
2026-07-22 10:39:18 [cctv2] [INFO] Notification received (Topic: tns1:RuleEngine/CellMotionDetector/Motion)
2026-07-22 10:39:18 [cctv2] [INFO] Processing event topic 'tns1:RuleEngine/CellMotionDetector/Motion'. Notification data: {
    'SubscriptionReference': {
        'Address': {
            '_value_1': None,
            '_attr_1': None
        },
        'ReferenceParameters': None,
        'Metadata': None,
        '_value_1': None,
        '_attr_1': None
    },
    'Topic': {
        '_value_1': 'tns1:RuleEngine/CellMotionDetector/Motion',
        'Dialect': 'http://www.onvif.org/ver10/tev/topicExpression/ConcreteSet',
        '_attr_1': {
    }
    },
    'ProducerReference': None,
    'Message': {
        '_value_1': <Element {http://www.onvif.org/ver10/schema}Message at 0x18ff23a0d40>
    }
}
2026-07-22 10:39:32 [cctv] [INFO] Notification received (Topic: tns1:RuleEngine/CellMotionDetector/Motion)
2026-07-22 10:39:32 [cctv] [INFO] Processing event topic 'tns1:RuleEngine/CellMotionDetector/Motion'. Notification data: {
    'SubscriptionReference': {
        'Address': {
            '_value_1': None,
            '_attr_1': None
        },
        'ReferenceParameters': None,
        'Metadata': None,
        '_value_1': None,
        '_attr_1': None
    },
    'Topic': {
        '_value_1': 'tns1:RuleEngine/CellMotionDetector/Motion',
        'Dialect': 'http://www.onvif.org/ver10/tev/topicExpression/ConcreteSet',
        '_attr_1': {
    }
    },
    'ProducerReference': None,
    'Message': {
        '_value_1': <Element {http://www.onvif.org/ver10/schema}Message at 0x18ff23a1980>
    }
}
2026-07-22 10:39:32 [cctv] [INFO] Notification received (Topic: tns1:RuleEngine/CellMotionDetector/Motion)
2026-07-22 10:39:32 [cctv] [INFO] Processing event topic 'tns1:RuleEngine/CellMotionDetector/Motion'. Notification data: {
    'SubscriptionReference': {
        'Address': {
            '_value_1': None,
            '_attr_1': None
        },
        'ReferenceParameters': None,
        'Metadata': None,
        '_value_1': None,
        '_attr_1': None
    },
    'Topic': {
        '_value_1': 'tns1:RuleEngine/CellMotionDetector/Motion',
        'Dialect': 'http://www.onvif.org/ver10/tev/topicExpression/ConcreteSet',
        '_attr_1': {
    }
    },
    'ProducerReference': None,
    'Message': {
        '_value_1': <Element {http://www.onvif.org/ver10/schema}Message at 0x18ff23a24c0>
    }
}
2026-07-22 10:39:32 [cctv] [INFO] Notification received (Topic: tns1:RuleEngine/CellMotionDetector/Motion)
2026-07-22 10:39:32 [cctv] [INFO] Processing event topic 'tns1:RuleEngine/CellMotionDetector/Motion'. Notification data: {
    'SubscriptionReference': {
        'Address': {
            '_value_1': None,
            '_attr_1': None
        },
        'ReferenceParameters': None,
        'Metadata': None,
        '_value_1': None,
        '_attr_1': None
    },
    'Topic': {
        '_value_1': 'tns1:RuleEngine/CellMotionDetector/Motion',
        'Dialect': 'http://www.onvif.org/ver10/tev/topicExpression/ConcreteSet',
        '_attr_1': {
    }
    },
    'ProducerReference': None,
    'Message': {
        '_value_1': <Element {http://www.onvif.org/ver10/schema}Message at 0x18ff23a2600>
    }
}
2026-07-22 10:39:32 [cctv] [INFO] Notification received (Topic: tns1:RuleEngine/CellMotionDetector/Motion)
2026-07-22 10:39:32 [cctv] [INFO] Processing event topic 'tns1:RuleEngine/CellMotionDetector/Motion'. Notification data: {
    'SubscriptionReference': {
        'Address': {
            '_value_1': None,
            '_attr_1': None
        },
        'ReferenceParameters': None,
        'Metadata': None,
        '_value_1': None,
        '_attr_1': None
    },
    'Topic': {
        '_value_1': 'tns1:RuleEngine/CellMotionDetector/Motion',
        'Dialect': 'http://www.onvif.org/ver10/tev/topicExpression/ConcreteSet',
        '_attr_1': {
    }
    },
    'ProducerReference': None,
    'Message': {
        '_value_1': <Element {http://www.onvif.org/ver10/schema}Message at 0x18ff23a1ec0>
    }
}
2026-07-22 10:39:32 [cctv] [INFO] Notification received (Topic: tns1:RuleEngine/CellMotionDetector/Motion)
2026-07-22 10:39:32 [cctv] [INFO] Processing event topic 'tns1:RuleEngine/CellMotionDetector/Motion'. Notification data: {
    'SubscriptionReference': {
        'Address': {
            '_value_1': None,
            '_attr_1': None
        },
        'ReferenceParameters': None,
        'Metadata': None,
        '_value_1': None,
        '_attr_1': None
    },
    'Topic': {
        '_value_1': 'tns1:RuleEngine/CellMotionDetector/Motion',
        'Dialect': 'http://www.onvif.org/ver10/tev/topicExpression/ConcreteSet',
        '_attr_1': {
    }
    },
    'ProducerReference': None,
    'Message': {
        '_value_1': <Element {http://www.onvif.org/ver10/schema}Message at 0x18ff23a0cc0>
    }
}
2026-07-22 10:39:32 [cctv] [INFO] Notification received (Topic: tns1:RuleEngine/CellMotionDetector/Motion)
2026-07-22 10:39:32 [cctv] [INFO] Processing event topic 'tns1:RuleEngine/CellMotionDetector/Motion'. Notification data: {
    'SubscriptionReference': {
        'Address': {
            '_value_1': None,
            '_attr_1': None
        },
        'ReferenceParameters': None,
        'Metadata': None,
        '_value_1': None,
        '_attr_1': None
    },
    'Topic': {
        '_value_1': 'tns1:RuleEngine/CellMotionDetector/Motion',
        'Dialect': 'http://www.onvif.org/ver10/tev/topicExpression/ConcreteSet',
        '_attr_1': {
    }
    },
    'ProducerReference': None,
    'Message': {
        '_value_1': <Element {http://www.onvif.org/ver10/schema}Message at 0x18ff23a0a80>
    }
}
2026-07-22 10:39:32 [cctv] [INFO] Notification received (Topic: tns1:RuleEngine/CellMotionDetector/Motion)
2026-07-22 10:39:32 [cctv] [INFO] Processing event topic 'tns1:RuleEngine/CellMotionDetector/Motion'. Notification data: {
    'SubscriptionReference': {
        'Address': {
            '_value_1': None,
            '_attr_1': None
        },
        'ReferenceParameters': None,
        'Metadata': None,
        '_value_1': None,
        '_attr_1': None
    },
    'Topic': {
        '_value_1': 'tns1:RuleEngine/CellMotionDetector/Motion',
        'Dialect': 'http://www.onvif.org/ver10/tev/topicExpression/ConcreteSet',
        '_attr_1': {
    }
    },
    'ProducerReference': None,
    'Message': {
        '_value_1': <Element {http://www.onvif.org/ver10/schema}Message at 0x18ff23a1f40>
    }
}
2026-07-22 10:39:32 [cctv] [INFO] Notification received (Topic: tns1:RuleEngine/CellMotionDetector/Motion)
2026-07-22 10:39:32 [cctv] [INFO] Processing event topic 'tns1:RuleEngine/CellMotionDetector/Motion'. Notification data: {
    'SubscriptionReference': {
        'Address': {
            '_value_1': None,
            '_attr_1': None
        },
        'ReferenceParameters': None,
        'Metadata': None,
        '_value_1': None,
        '_attr_1': None
    },
    'Topic': {
        '_value_1': 'tns1:RuleEngine/CellMotionDetector/Motion',
        'Dialect': 'http://www.onvif.org/ver10/tev/topicExpression/ConcreteSet',
        '_attr_1': {
    }
    },
    'ProducerReference': None,
    'Message': {
        '_value_1': <Element {http://www.onvif.org/ver10/schema}Message at 0x18ff23a0e00>
    }
}
2026-07-22 10:39:32 [cctv] [INFO] Notification received (Topic: tns1:RuleEngine/CellMotionDetector/Motion)
2026-07-22 10:39:32 [cctv] [INFO] Processing event topic 'tns1:RuleEngine/CellMotionDetector/Motion'. Notification data: {
    'SubscriptionReference': {
        'Address': {
            '_value_1': None,
            '_attr_1': None
        },
        'ReferenceParameters': None,
        'Metadata': None,
        '_value_1': None,
        '_attr_1': None
    },
    'Topic': {
        '_value_1': 'tns1:RuleEngine/CellMotionDetector/Motion',
        'Dialect': 'http://www.onvif.org/ver10/tev/topicExpression/ConcreteSet',
        '_attr_1': {
    }
    },
    'ProducerReference': None,
    'Message': {
        '_value_1': <Element {http://www.onvif.org/ver10/schema}Message at 0x18ff23a09c0>
    }
}
2026-07-22 10:39:32 [cctv] [INFO] Notification received (Topic: tns1:RuleEngine/CellMotionDetector/Motion)
2026-07-22 10:39:32 [cctv] [INFO] Processing event topic 'tns1:RuleEngine/CellMotionDetector/Motion'. Notification data: {
    'SubscriptionReference': {
        'Address': {
            '_value_1': None,
            '_attr_1': None
        },
        'ReferenceParameters': None,
        'Metadata': None,
        '_value_1': None,
        '_attr_1': None
    },
    'Topic': {
        '_value_1': 'tns1:RuleEngine/CellMotionDetector/Motion',
        'Dialect': 'http://www.onvif.org/ver10/tev/topicExpression/ConcreteSet',
        '_attr_1': {
    }
    },
    'ProducerReference': None,
    'Message': {
        '_value_1': <Element {http://www.onvif.org/ver10/schema}Message at 0x18ff23a0a40>
    }
}
2026-07-22 10:39:32 [cctv] [INFO] Notification received (Topic: tns1:RuleEngine/CellMotionDetector/Motion)
2026-07-22 10:39:32 [cctv] [INFO] Processing event topic 'tns1:RuleEngine/CellMotionDetector/Motion'. Notification data: {
    'SubscriptionReference': {
        'Address': {
            '_value_1': None,
            '_attr_1': None
        },
        'ReferenceParameters': None,
        'Metadata': None,
        '_value_1': None,
        '_attr_1': None
    },
    'Topic': {
        '_value_1': 'tns1:RuleEngine/CellMotionDetector/Motion',
        'Dialect': 'http://www.onvif.org/ver10/tev/topicExpression/ConcreteSet',
        '_attr_1': {
    }
    },
    'ProducerReference': None,
    'Message': {
        '_value_1': <Element {http://www.onvif.org/ver10/schema}Message at 0x18ff23a2fc0>
    }
}
2026-07-22 10:39:32 [cctv] [INFO] Notification received (Topic: tns1:RuleEngine/CellMotionDetector/Motion)
2026-07-22 10:39:32 [cctv] [INFO] Processing event topic 'tns1:RuleEngine/CellMotionDetector/Motion'. Notification data: {
    'SubscriptionReference': {
        'Address': {
            '_value_1': None,
            '_attr_1': None
        },
        'ReferenceParameters': None,
        'Metadata': None,
        '_value_1': None,
        '_attr_1': None
    },
    'Topic': {
        '_value_1': 'tns1:RuleEngine/CellMotionDetector/Motion',
        'Dialect': 'http://www.onvif.org/ver10/tev/topicExpression/ConcreteSet',
        '_attr_1': {
    }
    },
    'ProducerReference': None,
    'Message': {
        '_value_1': <Element {http://www.onvif.org/ver10/schema}Message at 0x18ff23a2880>
    }
}
2026-07-22 10:39:32 [cctv] [INFO] Notification received (Topic: tns1:RuleEngine/CellMotionDetector/Motion)
2026-07-22 10:39:32 [cctv] [INFO] Processing event topic 'tns1:RuleEngine/CellMotionDetector/Motion'. Notification data: {
    'SubscriptionReference': {
        'Address': {
            '_value_1': None,
            '_attr_1': None
        },
        'ReferenceParameters': None,
        'Metadata': None,
        '_value_1': None,
        '_attr_1': None
    },
    'Topic': {
        '_value_1': 'tns1:RuleEngine/CellMotionDetector/Motion',
        'Dialect': 'http://www.onvif.org/ver10/tev/topicExpression/ConcreteSet',
        '_attr_1': {
    }
    },
    'ProducerReference': None,
    'Message': {
        '_value_1': <Element {http://www.onvif.org/ver10/schema}Message at 0x18ff23a2d00>
    }
}
2026-07-22 10:39:32 [cctv] [INFO] Notification received (Topic: tns1:RuleEngine/CellMotionDetector/Motion)
2026-07-22 10:39:32 [cctv] [INFO] Processing event topic 'tns1:RuleEngine/CellMotionDetector/Motion'. Notification data: {
    'SubscriptionReference': {
        'Address': {
            '_value_1': None,
            '_attr_1': None
        },
        'ReferenceParameters': None,
        'Metadata': None,
        '_value_1': None,
        '_attr_1': None
    },
    'Topic': {
        '_value_1': 'tns1:RuleEngine/CellMotionDetector/Motion',
        'Dialect': 'http://www.onvif.org/ver10/tev/topicExpression/ConcreteSet',
        '_attr_1': {
    }
    },
    'ProducerReference': None,
    'Message': {
        '_value_1': <Element {http://www.onvif.org/ver10/schema}Message at 0x18ff23a1d80>
    }
}
2026-07-22 10:39:32 [cctv] [INFO] Notification received (Topic: tns1:RuleEngine/CellMotionDetector/Motion)
2026-07-22 10:39:32 [cctv] [INFO] Processing event topic 'tns1:RuleEngine/CellMotionDetector/Motion'. Notification data: {
    'SubscriptionReference': {
        'Address': {
            '_value_1': None,
            '_attr_1': None
        },
        'ReferenceParameters': None,
        'Metadata': None,
        '_value_1': None,
        '_attr_1': None
    },
    'Topic': {
        '_value_1': 'tns1:RuleEngine/CellMotionDetector/Motion',
        'Dialect': 'http://www.onvif.org/ver10/tev/topicExpression/ConcreteSet',
        '_attr_1': {
    }
    },
    'ProducerReference': None,
    'Message': {
        '_value_1': <Element {http://www.onvif.org/ver10/schema}Message at 0x18ff23a1f00>
    }
}
2026-07-22 10:39:32 [cctv] [INFO] Notification received (Topic: tns1:RuleEngine/CellMotionDetector/Motion)
2026-07-22 10:39:32 [cctv] [INFO] Processing event topic 'tns1:RuleEngine/CellMotionDetector/Motion'. Notification data: {
    'SubscriptionReference': {
        'Address': {
            '_value_1': None,
            '_attr_1': None
        },
        'ReferenceParameters': None,
        'Metadata': None,
        '_value_1': None,
        '_attr_1': None
    },
    'Topic': {
        '_value_1': 'tns1:RuleEngine/CellMotionDetector/Motion',
        'Dialect': 'http://www.onvif.org/ver10/tev/topicExpression/ConcreteSet',
        '_attr_1': {
    }
    },
    'ProducerReference': None,
    'Message': {
        '_value_1': <Element {http://www.onvif.org/ver10/schema}Message at 0x18ff23a2f40>
    }
}
2026-07-22 10:39:32 [cctv] [INFO] Notification received (Topic: tns1:RuleEngine/CellMotionDetector/Motion)
2026-07-22 10:39:32 [cctv] [INFO] Processing event topic 'tns1:RuleEngine/CellMotionDetector/Motion'. Notification data: {
    'SubscriptionReference': {
        'Address': {
            '_value_1': None,
            '_attr_1': None
        },
        'ReferenceParameters': None,
        'Metadata': None,
        '_value_1': None,
        '_attr_1': None
    },
    'Topic': {
        '_value_1': 'tns1:RuleEngine/CellMotionDetector/Motion',
        'Dialect': 'http://www.onvif.org/ver10/tev/topicExpression/ConcreteSet',
        '_attr_1': {
    }
    },
    'ProducerReference': None,
    'Message': {
        '_value_1': <Element {http://www.onvif.org/ver10/schema}Message at 0x18ff23a30c0>
    }
}
2026-07-22 10:39:32 [cctv] [INFO] Notification received (Topic: tns1:RuleEngine/CellMotionDetector/Motion)
2026-07-22 10:39:32 [cctv] [INFO] Processing event topic 'tns1:RuleEngine/CellMotionDetector/Motion'. Notification data: {
    'SubscriptionReference': {
        'Address': {
            '_value_1': None,
            '_attr_1': None
        },
        'ReferenceParameters': None,
        'Metadata': None,
        '_value_1': None,
        '_attr_1': None
    },
    'Topic': {
        '_value_1': 'tns1:RuleEngine/CellMotionDetector/Motion',
        'Dialect': 'http://www.onvif.org/ver10/tev/topicExpression/ConcreteSet',
        '_attr_1': {
    }
    },
    'ProducerReference': None,
    'Message': {
        '_value_1': <Element {http://www.onvif.org/ver10/schema}Message at 0x18ff23a2b40>
    }
}
2026-07-22 10:39:32 [cctv] [INFO] Notification received (Topic: tns1:RuleEngine/CellMotionDetector/Motion)
2026-07-22 10:39:32 [cctv] [INFO] Processing event topic 'tns1:RuleEngine/CellMotionDetector/Motion'. Notification data: {
    'SubscriptionReference': {
        'Address': {
            '_value_1': None,
            '_attr_1': None
        },
        'ReferenceParameters': None,
        'Metadata': None,
        '_value_1': None,
        '_attr_1': None
    },
    'Topic': {
        '_value_1': 'tns1:RuleEngine/CellMotionDetector/Motion',
        'Dialect': 'http://www.onvif.org/ver10/tev/topicExpression/ConcreteSet',
        '_attr_1': {
    }
    },
    'ProducerReference': None,
    'Message': {
        '_value_1': <Element {http://www.onvif.org/ver10/schema}Message at 0x18ff23a1b40>
    }
}
2026-07-22 10:39:32 [cctv] [INFO] Notification received (Topic: tns1:RuleEngine/CellMotionDetector/Motion)
2026-07-22 10:39:32 [cctv] [INFO] Processing event topic 'tns1:RuleEngine/CellMotionDetector/Motion'. Notification data: {
    'SubscriptionReference': {
        'Address': {
            '_value_1': None,
            '_attr_1': None
        },
        'ReferenceParameters': None,
        'Metadata': None,
        '_value_1': None,
        '_attr_1': None
    },
    'Topic': {
        '_value_1': 'tns1:RuleEngine/CellMotionDetector/Motion',
        'Dialect': 'http://www.onvif.org/ver10/tev/topicExpression/ConcreteSet',
        '_attr_1': {
    }
    },
    'ProducerReference': None,
    'Message': {
        '_value_1': <Element {http://www.onvif.org/ver10/schema}Message at 0x18ff23a3240>
    }
}
2026-07-22 10:39:33 [cctv] [INFO] Notification received (Topic: tns1:RuleEngine/CellMotionDetector/Motion)
2026-07-22 10:39:33 [cctv] [INFO] Processing event topic 'tns1:RuleEngine/CellMotionDetector/Motion'. Notification data: {
    'SubscriptionReference': {
        'Address': {
            '_value_1': None,
            '_attr_1': None
        },
        'ReferenceParameters': None,
        'Metadata': None,
        '_value_1': None,
        '_attr_1': None
    },
    'Topic': {
        '_value_1': 'tns1:RuleEngine/CellMotionDetector/Motion',
        'Dialect': 'http://www.onvif.org/ver10/tev/topicExpression/ConcreteSet',
        '_attr_1': {
    }
    },
    'ProducerReference': None,
    'Message': {
        '_value_1': <Element {http://www.onvif.org/ver10/schema}Message at 0x18ff23a2b80>
    }
}
2026-07-22 10:39:33 [cctv] [INFO] Notification received (Topic: tns1:RuleEngine/CellMotionDetector/Motion)
2026-07-22 10:39:33 [cctv] [INFO] Processing event topic 'tns1:RuleEngine/CellMotionDetector/Motion'. Notification data: {
    'SubscriptionReference': {
        'Address': {
            '_value_1': None,
            '_attr_1': None
        },
        'ReferenceParameters': None,
        'Metadata': None,
        '_value_1': None,
        '_attr_1': None
    },
    'Topic': {
        '_value_1': 'tns1:RuleEngine/CellMotionDetector/Motion',
        'Dialect': 'http://www.onvif.org/ver10/tev/topicExpression/ConcreteSet',
        '_attr_1': {
    }
    },
    'ProducerReference': None,
    'Message': {
        '_value_1': <Element {http://www.onvif.org/ver10/schema}Message at 0x18ff23a3080>
    }
}
2026-07-22 10:39:33 [cctv] [INFO] Notification received (Topic: tns1:RuleEngine/CellMotionDetector/Motion)
2026-07-22 10:39:33 [cctv] [INFO] Processing event topic 'tns1:RuleEngine/CellMotionDetector/Motion'. Notification data: {
    'SubscriptionReference': {
        'Address': {
            '_value_1': None,
            '_attr_1': None
        },
        'ReferenceParameters': None,
        'Metadata': None,
        '_value_1': None,
        '_attr_1': None
    },
    'Topic': {
        '_value_1': 'tns1:RuleEngine/CellMotionDetector/Motion',
        'Dialect': 'http://www.onvif.org/ver10/tev/topicExpression/ConcreteSet',
        '_attr_1': {
    }
    },
    'ProducerReference': None,
    'Message': {
        '_value_1': <Element {http://www.onvif.org/ver10/schema}Message at 0x18ff23a3040>
    }
}
2026-07-22 10:39:33 [cctv] [INFO] Notification received (Topic: tns1:RuleEngine/CellMotionDetector/Motion)
2026-07-22 10:39:33 [cctv] [INFO] Processing event topic 'tns1:RuleEngine/CellMotionDetector/Motion'. Notification data: {
    'SubscriptionReference': {
        'Address': {
            '_value_1': None,
            '_attr_1': None
        },
        'ReferenceParameters': None,
        'Metadata': None,
        '_value_1': None,
        '_attr_1': None
    },
    'Topic': {
        '_value_1': 'tns1:RuleEngine/CellMotionDetector/Motion',
        'Dialect': 'http://www.onvif.org/ver10/tev/topicExpression/ConcreteSet',
        '_attr_1': {
    }
    },
    'ProducerReference': None,
    'Message': {
        '_value_1': <Element {http://www.onvif.org/ver10/schema}Message at 0x18ff23a0b80>
    }
}
2026-07-22 10:39:33 [cctv] [INFO] Notification received (Topic: tns1:RuleEngine/CellMotionDetector/Motion)
2026-07-22 10:39:33 [cctv] [INFO] Processing event topic 'tns1:RuleEngine/CellMotionDetector/Motion'. Notification data: {
    'SubscriptionReference': {
        'Address': {
            '_value_1': None,
            '_attr_1': None
        },
        'ReferenceParameters': None,
        'Metadata': None,
        '_value_1': None,
        '_attr_1': None
    },
    'Topic': {
        '_value_1': 'tns1:RuleEngine/CellMotionDetector/Motion',
        'Dialect': 'http://www.onvif.org/ver10/tev/topicExpression/ConcreteSet',
        '_attr_1': {
    }
    },
    'ProducerReference': None,
    'Message': {
        '_value_1': <Element {http://www.onvif.org/ver10/schema}Message at 0x18ff23a3740>
    }
}
2026-07-22 10:39:33 [cctv] [INFO] Notification received (Topic: tns1:RuleEngine/CellMotionDetector/Motion)
2026-07-22 10:39:33 [cctv] [INFO] Processing event topic 'tns1:RuleEngine/CellMotionDetector/Motion'. Notification data: {
    'SubscriptionReference': {
        'Address': {
            '_value_1': None,
            '_attr_1': None
        },
        'ReferenceParameters': None,
        'Metadata': None,
        '_value_1': None,
        '_attr_1': None
    },
    'Topic': {
        '_value_1': 'tns1:RuleEngine/CellMotionDetector/Motion',
        'Dialect': 'http://www.onvif.org/ver10/tev/topicExpression/ConcreteSet',
        '_attr_1': {
    }
    },
    'ProducerReference': None,
    'Message': {
        '_value_1': <Element {http://www.onvif.org/ver10/schema}Message at 0x18ff23a35c0>
    }
}
2026-07-22 10:41:02 [cctv2] [INFO] Initializing YOLO model for cctv2...
2026-07-22 10:41:02 [cctv] [INFO] Initializing YOLO model for cctv...
2026-07-22 10:41:06 [cctv2] [INFO] YOLO model loaded successfully for cctv2
2026-07-22 10:41:06 [cctv] [INFO] YOLO model loaded successfully for cctv
2026-07-22 10:41:06 [cctv2] [INFO] Running in EVENT-DRIVEN ONVIF mode...
2026-07-22 10:41:06 [cctv] [INFO] Running in EVENT-DRIVEN ONVIF mode...
2026-07-22 10:41:06 [cctv] [INFO] Connecting to ONVIF on 10.10.0.5:2020...
2026-07-22 10:41:06 [cctv2] [INFO] Connecting to ONVIF on 10.10.0.5:2021...
2026-07-22 10:41:27 [cctv2] [INFO] ONVIF PullPoint active on port 2021!
2026-07-22 10:41:27 [cctv] [INFO] ONVIF PullPoint active on port 2020!
2026-07-22 10:41:42 [cctv2] [INFO] Notification received (Topic: tns1:RuleEngine/PeopleDetector/People)
2026-07-22 10:41:42 [cctv2] [INFO] Processing event topic 'tns1:RuleEngine/PeopleDetector/People'. Notification data: {
    'SubscriptionReference': {
        'Address': {
            '_value_1': None,
            '_attr_1': None
        },
        'ReferenceParameters': None,
        'Metadata': None,
        '_value_1': None,
        '_attr_1': None
    },
    'Topic': {
        '_value_1': 'tns1:RuleEngine/PeopleDetector/People',
        'Dialect': 'http://www.onvif.org/ver10/tev/topicExpression/ConcreteSet',
        '_attr_1': {
    }
    },
    'ProducerReference': None,
    'Message': {
        '_value_1': <Element {http://www.onvif.org/ver10/schema}Message at 0x212e04a0180>
    }
}
2026-07-22 10:41:42 [cctv2] [INFO] Parsed XML SimpleItem - Name: 'VideoSourceConfigurationToken', Value: 'vsconf'
2026-07-22 10:41:42 [cctv2] [INFO] Parsed XML SimpleItem - Name: 'VideoAnalyticsConfigurationToken', Value: 'VideoAnalyticsToken'
2026-07-22 10:41:42 [cctv2] [INFO] Parsed XML SimpleItem - Name: 'Rule', Value: 'MyPeopleDetectorRule'
2026-07-22 10:41:42 [cctv2] [INFO] Parsed XML SimpleItem - Name: 'IsPeople', Value: 'true'
2026-07-22 10:41:42 [cctv2] [INFO] ONVIF Motion detected! Analyzing via YOLO...
2026-07-22 10:41:42 [cctv2] [INFO] Starting YOLO trigger check (checking frames over 2.5s)...
2026-07-22 10:41:48 [cctv2] [INFO] YOLO confirmed PERSON at check 1/5 (conf >= 0.35)
2026-07-22 10:41:48 [cctv2] [INFO] Screenshot saved: cctv2_auto_20260722_104148.jpg
2026-07-22 10:41:48 [cctv2] [INFO] Notification received (Topic: tns1:RuleEngine/PeopleDetector/People)
2026-07-22 10:41:48 [cctv2] [INFO] Processing event topic 'tns1:RuleEngine/PeopleDetector/People'. Notification data: {
    'SubscriptionReference': {
        'Address': {
            '_value_1': None,
            '_attr_1': None
        },
        'ReferenceParameters': None,
        'Metadata': None,
        '_value_1': None,
        '_attr_1': None
    },
    'Topic': {
        '_value_1': 'tns1:RuleEngine/PeopleDetector/People',
        'Dialect': 'http://www.onvif.org/ver10/tev/topicExpression/ConcreteSet',
        '_attr_1': {
    }
    },
    'ProducerReference': None,
    'Message': {
        '_value_1': <Element {http://www.onvif.org/ver10/schema}Message at 0x212edfad340>
    }
}
2026-07-22 10:41:48 [cctv2] [INFO] Parsed XML SimpleItem - Name: 'VideoSourceConfigurationToken', Value: 'vsconf'
2026-07-22 10:41:48 [cctv2] [INFO] Parsed XML SimpleItem - Name: 'VideoAnalyticsConfigurationToken', Value: 'VideoAnalyticsToken'
2026-07-22 10:41:48 [cctv2] [INFO] Parsed XML SimpleItem - Name: 'Rule', Value: 'MyPeopleDetectorRule'
2026-07-22 10:41:48 [cctv2] [INFO] Parsed XML SimpleItem - Name: 'IsPeople', Value: 'false'
2026-07-22 10:41:55 [cctv2] [INFO] Notification received (Topic: tns1:RuleEngine/PeopleDetector/People)
2026-07-22 10:41:55 [cctv2] [INFO] Processing event topic 'tns1:RuleEngine/PeopleDetector/People'. Notification data: {
    'SubscriptionReference': {
        'Address': {
            '_value_1': None,
            '_attr_1': None
        },
        'ReferenceParameters': None,
        'Metadata': None,
        '_value_1': None,
        '_attr_1': None
    },
    'Topic': {
        '_value_1': 'tns1:RuleEngine/PeopleDetector/People',
        'Dialect': 'http://www.onvif.org/ver10/tev/topicExpression/ConcreteSet',
        '_attr_1': {
    }
    },
    'ProducerReference': None,
    'Message': {
        '_value_1': <Element {http://www.onvif.org/ver10/schema}Message at 0x212edfae080>
    }
}
2026-07-22 10:41:55 [cctv2] [INFO] Parsed XML SimpleItem - Name: 'VideoSourceConfigurationToken', Value: 'vsconf'
2026-07-22 10:41:55 [cctv2] [INFO] Parsed XML SimpleItem - Name: 'VideoAnalyticsConfigurationToken', Value: 'VideoAnalyticsToken'
2026-07-22 10:41:55 [cctv2] [INFO] Parsed XML SimpleItem - Name: 'Rule', Value: 'MyPeopleDetectorRule'
2026-07-22 10:41:55 [cctv2] [INFO] Parsed XML SimpleItem - Name: 'IsPeople', Value: 'true'
2026-07-22 10:41:55 [cctv2] [INFO] ONVIF Motion detected! Analyzing via YOLO...
2026-07-22 10:41:55 [cctv2] [INFO] Starting YOLO trigger check (checking frames over 2.5s)...
2026-07-22 10:42:01 [cctv2] [INFO] YOLO check complete: No person detected in any checked frame.
2026-07-22 10:42:01 [cctv2] [INFO] Notification received (Topic: tns1:RuleEngine/PeopleDetector/People)
2026-07-22 10:42:01 [cctv2] [INFO] Processing event topic 'tns1:RuleEngine/PeopleDetector/People'. Notification data: {
    'SubscriptionReference': {
        'Address': {
            '_value_1': None,
            '_attr_1': None
        },
        'ReferenceParameters': None,
        'Metadata': None,
        '_value_1': None,
        '_attr_1': None
    },
    'Topic': {
        '_value_1': 'tns1:RuleEngine/PeopleDetector/People',
        'Dialect': 'http://www.onvif.org/ver10/tev/topicExpression/ConcreteSet',
        '_attr_1': {
    }
    },
    'ProducerReference': None,
    'Message': {
        '_value_1': <Element {http://www.onvif.org/ver10/schema}Message at 0x212edfae9c0>
    }
}
2026-07-22 10:42:01 [cctv2] [INFO] Parsed XML SimpleItem - Name: 'VideoSourceConfigurationToken', Value: 'vsconf'
2026-07-22 10:42:01 [cctv2] [INFO] Parsed XML SimpleItem - Name: 'VideoAnalyticsConfigurationToken', Value: 'VideoAnalyticsToken'
2026-07-22 10:42:01 [cctv2] [INFO] Parsed XML SimpleItem - Name: 'Rule', Value: 'MyPeopleDetectorRule'
2026-07-22 10:42:01 [cctv2] [INFO] Parsed XML SimpleItem - Name: 'IsPeople', Value: 'false'
2026-07-22 10:44:47 [cctv2] [INFO] Notification received (Topic: tns1:RuleEngine/PeopleDetector/People)
2026-07-22 10:44:47 [cctv2] [INFO] Processing event topic 'tns1:RuleEngine/PeopleDetector/People'. Notification data: {
    'SubscriptionReference': {
        'Address': {
            '_value_1': None,
            '_attr_1': None
        },
        'ReferenceParameters': None,
        'Metadata': None,
        '_value_1': None,
        '_attr_1': None
    },
    'Topic': {
        '_value_1': 'tns1:RuleEngine/PeopleDetector/People',
        'Dialect': 'http://www.onvif.org/ver10/tev/topicExpression/ConcreteSet',
        '_attr_1': {
    }
    },
    'ProducerReference': None,
    'Message': {
        '_value_1': <Element {http://www.onvif.org/ver10/schema}Message at 0x212edfaf940>
    }
}
2026-07-22 10:44:47 [cctv2] [INFO] Parsed XML SimpleItem - Name: 'VideoSourceConfigurationToken', Value: 'vsconf'
2026-07-22 10:44:47 [cctv2] [INFO] Parsed XML SimpleItem - Name: 'VideoAnalyticsConfigurationToken', Value: 'VideoAnalyticsToken'
2026-07-22 10:44:47 [cctv2] [INFO] Parsed XML SimpleItem - Name: 'Rule', Value: 'MyPeopleDetectorRule'
2026-07-22 10:44:47 [cctv2] [INFO] Parsed XML SimpleItem - Name: 'IsPeople', Value: 'true'
2026-07-22 10:44:47 [cctv2] [INFO] ONVIF Motion detected! Analyzing via YOLO...
2026-07-22 10:44:47 [cctv2] [INFO] Starting YOLO trigger check (checking frames over 2.5s)...
2026-07-22 10:44:49 [cctv2] [INFO] YOLO confirmed PERSON at check 1/5 (conf >= 0.35)
2026-07-22 10:44:49 [cctv2] [INFO] Screenshot saved: cctv2_auto_20260722_104449.jpg
2026-07-22 10:44:49 [cctv2] [INFO] Notification received (Topic: tns1:RuleEngine/PeopleDetector/People)
2026-07-22 10:44:49 [cctv2] [INFO] Processing event topic 'tns1:RuleEngine/PeopleDetector/People'. Notification data: {
    'SubscriptionReference': {
        'Address': {
            '_value_1': None,
            '_attr_1': None
        },
        'ReferenceParameters': None,
        'Metadata': None,
        '_value_1': None,
        '_attr_1': None
    },
    'Topic': {
        '_value_1': 'tns1:RuleEngine/PeopleDetector/People',
        'Dialect': 'http://www.onvif.org/ver10/tev/topicExpression/ConcreteSet',
        '_attr_1': {
    }
    },
    'ProducerReference': None,
    'Message': {
        '_value_1': <Element {http://www.onvif.org/ver10/schema}Message at 0x212edfb4380>
    }
}
2026-07-22 10:44:49 [cctv2] [INFO] Parsed XML SimpleItem - Name: 'VideoSourceConfigurationToken', Value: 'vsconf'
2026-07-22 10:44:49 [cctv2] [INFO] Parsed XML SimpleItem - Name: 'VideoAnalyticsConfigurationToken', Value: 'VideoAnalyticsToken'
2026-07-22 10:44:49 [cctv2] [INFO] Parsed XML SimpleItem - Name: 'Rule', Value: 'MyPeopleDetectorRule'
2026-07-22 10:44:49 [cctv2] [INFO] Parsed XML SimpleItem - Name: 'IsPeople', Value: 'false'
2026-07-22 10:44:49 [cctv2] [INFO] Notification received (Topic: tns1:RuleEngine/CellMotionDetector/Motion)
2026-07-22 10:44:49 [cctv2] [INFO] Processing event topic 'tns1:RuleEngine/CellMotionDetector/Motion'. Notification data: {
    'SubscriptionReference': {
        'Address': {
            '_value_1': None,
            '_attr_1': None
        },
        'ReferenceParameters': None,
        'Metadata': None,
        '_value_1': None,
        '_attr_1': None
    },
    'Topic': {
        '_value_1': 'tns1:RuleEngine/CellMotionDetector/Motion',
        'Dialect': 'http://www.onvif.org/ver10/tev/topicExpression/ConcreteSet',
        '_attr_1': {
    }
    },
    'ProducerReference': None,
    'Message': {
        '_value_1': <Element {http://www.onvif.org/ver10/schema}Message at 0x212edfb4100>
    }
}
2026-07-22 10:44:49 [cctv2] [INFO] Parsed XML SimpleItem - Name: 'VideoSourceConfigurationToken', Value: 'vsconf'
2026-07-22 10:44:49 [cctv2] [INFO] Parsed XML SimpleItem - Name: 'VideoAnalyticsConfigurationToken', Value: 'VideoAnalyticsToken'
2026-07-22 10:44:49 [cctv2] [INFO] Parsed XML SimpleItem - Name: 'Rule', Value: 'MyMotionDetectorRule'
2026-07-22 10:44:49 [cctv2] [INFO] Parsed XML SimpleItem - Name: 'IsMotion', Value: 'true'
2026-07-22 10:44:49 [cctv2] [INFO] ONVIF Motion detected! Analyzing via YOLO...
2026-07-22 10:44:49 [cctv2] [INFO] Starting YOLO trigger check (checking frames over 2.5s)...
2026-07-22 10:44:52 [cctv2] [INFO] YOLO confirmed PERSON at check 1/5 (conf >= 0.35)
2026-07-22 10:44:52 [cctv2] [INFO] Person detected but cooldown active. Skipping screenshot.
2026-07-22 10:44:52 [cctv2] [INFO] Notification received (Topic: tns1:RuleEngine/PeopleDetector/People)
2026-07-22 10:44:52 [cctv2] [INFO] Processing event topic 'tns1:RuleEngine/PeopleDetector/People'. Notification data: {
    'SubscriptionReference': {
        'Address': {
            '_value_1': None,
            '_attr_1': None
        },
        'ReferenceParameters': None,
        'Metadata': None,
        '_value_1': None,
        '_attr_1': None
    },
    'Topic': {
        '_value_1': 'tns1:RuleEngine/PeopleDetector/People',
        'Dialect': 'http://www.onvif.org/ver10/tev/topicExpression/ConcreteSet',
        '_attr_1': {
    }
    },
    'ProducerReference': None,
    'Message': {
        '_value_1': <Element {http://www.onvif.org/ver10/schema}Message at 0x212edfb4bc0>
    }
}
2026-07-22 10:44:52 [cctv2] [INFO] Parsed XML SimpleItem - Name: 'VideoSourceConfigurationToken', Value: 'vsconf'
2026-07-22 10:44:52 [cctv2] [INFO] Parsed XML SimpleItem - Name: 'VideoAnalyticsConfigurationToken', Value: 'VideoAnalyticsToken'
2026-07-22 10:44:52 [cctv2] [INFO] Parsed XML SimpleItem - Name: 'Rule', Value: 'MyPeopleDetectorRule'
2026-07-22 10:44:52 [cctv2] [INFO] Parsed XML SimpleItem - Name: 'IsPeople', Value: 'true'
2026-07-22 10:44:52 [cctv2] [INFO] ONVIF Motion detected! Analyzing via YOLO...
2026-07-22 10:44:52 [cctv2] [INFO] Starting YOLO trigger check (checking frames over 2.5s)...
2026-07-22 10:44:54 [cctv2] [INFO] YOLO confirmed PERSON at check 1/5 (conf >= 0.35)
2026-07-22 10:44:54 [cctv2] [INFO] Person detected but cooldown active. Skipping screenshot.
2026-07-22 10:44:54 [cctv2] [INFO] Notification received (Topic: tns1:RuleEngine/PeopleDetector/People)
2026-07-22 10:44:54 [cctv2] [INFO] Processing event topic 'tns1:RuleEngine/PeopleDetector/People'. Notification data: {
    'SubscriptionReference': {
        'Address': {
            '_value_1': None,
            '_attr_1': None
        },
        'ReferenceParameters': None,
        'Metadata': None,
        '_value_1': None,
        '_attr_1': None
    },
    'Topic': {
        '_value_1': 'tns1:RuleEngine/PeopleDetector/People',
        'Dialect': 'http://www.onvif.org/ver10/tev/topicExpression/ConcreteSet',
        '_attr_1': {
    }
    },
    'ProducerReference': None,
    'Message': {
        '_value_1': <Element {http://www.onvif.org/ver10/schema}Message at 0x212edfb4340>
    }
}
2026-07-22 10:44:54 [cctv2] [INFO] Parsed XML SimpleItem - Name: 'VideoSourceConfigurationToken', Value: 'vsconf'
2026-07-22 10:44:54 [cctv2] [INFO] Parsed XML SimpleItem - Name: 'VideoAnalyticsConfigurationToken', Value: 'VideoAnalyticsToken'
2026-07-22 10:44:54 [cctv2] [INFO] Parsed XML SimpleItem - Name: 'Rule', Value: 'MyPeopleDetectorRule'
2026-07-22 10:44:54 [cctv2] [INFO] Parsed XML SimpleItem - Name: 'IsPeople', Value: 'true'
2026-07-22 10:44:54 [cctv2] [INFO] ONVIF Motion detected! Analyzing via YOLO...
2026-07-22 10:44:54 [cctv2] [INFO] Starting YOLO trigger check (checking frames over 2.5s)...
2026-07-22 10:44:56 [cctv2] [INFO] YOLO confirmed PERSON at check 1/5 (conf >= 0.35)
2026-07-22 10:44:56 [cctv2] [INFO] Person detected but cooldown active. Skipping screenshot.
2026-07-22 10:44:57 [cctv2] [INFO] Notification received (Topic: tns1:RuleEngine/PeopleDetector/People)
2026-07-22 10:44:57 [cctv2] [INFO] Processing event topic 'tns1:RuleEngine/PeopleDetector/People'. Notification data: {
    'SubscriptionReference': {
        'Address': {
            '_value_1': None,
            '_attr_1': None
        },
        'ReferenceParameters': None,
        'Metadata': None,
        '_value_1': None,
        '_attr_1': None
    },
    'Topic': {
        '_value_1': 'tns1:RuleEngine/PeopleDetector/People',
        'Dialect': 'http://www.onvif.org/ver10/tev/topicExpression/ConcreteSet',
        '_attr_1': {
    }
    },
    'ProducerReference': None,
    'Message': {
        '_value_1': <Element {http://www.onvif.org/ver10/schema}Message at 0x212edfb5740>
    }
}
2026-07-22 10:44:57 [cctv2] [INFO] Parsed XML SimpleItem - Name: 'VideoSourceConfigurationToken', Value: 'vsconf'
2026-07-22 10:44:57 [cctv2] [INFO] Parsed XML SimpleItem - Name: 'VideoAnalyticsConfigurationToken', Value: 'VideoAnalyticsToken'
2026-07-22 10:44:57 [cctv2] [INFO] Parsed XML SimpleItem - Name: 'Rule', Value: 'MyPeopleDetectorRule'
2026-07-22 10:44:57 [cctv2] [INFO] Parsed XML SimpleItem - Name: 'IsPeople', Value: 'false'
2026-07-22 10:44:57 [cctv2] [INFO] Notification received (Topic: tns1:RuleEngine/PeopleDetector/People)
2026-07-22 10:44:57 [cctv2] [INFO] Processing event topic 'tns1:RuleEngine/PeopleDetector/People'. Notification data: {
    'SubscriptionReference': {
        'Address': {
            '_value_1': None,
            '_attr_1': None
        },
        'ReferenceParameters': None,
        'Metadata': None,
        '_value_1': None,
        '_attr_1': None
    },
    'Topic': {
        '_value_1': 'tns1:RuleEngine/PeopleDetector/People',
        'Dialect': 'http://www.onvif.org/ver10/tev/topicExpression/ConcreteSet',
        '_attr_1': {
    }
    },
    'ProducerReference': None,
    'Message': {
        '_value_1': <Element {http://www.onvif.org/ver10/schema}Message at 0x212edfb4440>
    }
}
2026-07-22 10:44:57 [cctv2] [INFO] Parsed XML SimpleItem - Name: 'VideoSourceConfigurationToken', Value: 'vsconf'
2026-07-22 10:44:57 [cctv2] [INFO] Parsed XML SimpleItem - Name: 'VideoAnalyticsConfigurationToken', Value: 'VideoAnalyticsToken'
2026-07-22 10:44:57 [cctv2] [INFO] Parsed XML SimpleItem - Name: 'Rule', Value: 'MyPeopleDetectorRule'
2026-07-22 10:44:57 [cctv2] [INFO] Parsed XML SimpleItem - Name: 'IsPeople', Value: 'true'
2026-07-22 10:44:57 [cctv2] [INFO] ONVIF Motion detected! Analyzing via YOLO...
2026-07-22 10:44:57 [cctv2] [INFO] Starting YOLO trigger check (checking frames over 2.5s)...
2026-07-22 10:44:59 [cctv2] [INFO] YOLO confirmed PERSON at check 1/5 (conf >= 0.35)
2026-07-22 10:44:59 [cctv2] [INFO] Person detected but cooldown active. Skipping screenshot.
2026-07-22 10:44:59 [cctv2] [INFO] Notification received (Topic: tns1:RuleEngine/PeopleDetector/People)
2026-07-22 10:44:59 [cctv2] [INFO] Processing event topic 'tns1:RuleEngine/PeopleDetector/People'. Notification data: {
    'SubscriptionReference': {
        'Address': {
            '_value_1': None,
            '_attr_1': None
        },
        'ReferenceParameters': None,
        'Metadata': None,
        '_value_1': None,
        '_attr_1': None
    },
    'Topic': {
        '_value_1': 'tns1:RuleEngine/PeopleDetector/People',
        'Dialect': 'http://www.onvif.org/ver10/tev/topicExpression/ConcreteSet',
        '_attr_1': {
    }
    },
    'ProducerReference': None,
    'Message': {
        '_value_1': <Element {http://www.onvif.org/ver10/schema}Message at 0x212edfb4700>
    }
}
2026-07-22 10:44:59 [cctv2] [INFO] Parsed XML SimpleItem - Name: 'VideoSourceConfigurationToken', Value: 'vsconf'
2026-07-22 10:44:59 [cctv2] [INFO] Parsed XML SimpleItem - Name: 'VideoAnalyticsConfigurationToken', Value: 'VideoAnalyticsToken'
2026-07-22 10:44:59 [cctv2] [INFO] Parsed XML SimpleItem - Name: 'Rule', Value: 'MyPeopleDetectorRule'
2026-07-22 10:44:59 [cctv2] [INFO] Parsed XML SimpleItem - Name: 'IsPeople', Value: 'true'
2026-07-22 10:44:59 [cctv2] [INFO] ONVIF Motion detected! Analyzing via YOLO...
2026-07-22 10:44:59 [cctv2] [INFO] Starting YOLO trigger check (checking frames over 2.5s)...
2026-07-22 10:45:02 [cctv2] [INFO] YOLO confirmed PERSON at check 1/5 (conf >= 0.35)
2026-07-22 10:45:02 [cctv2] [INFO] Person detected but cooldown active. Skipping screenshot.
2026-07-22 10:45:02 [cctv2] [INFO] Notification received (Topic: tns1:RuleEngine/PeopleDetector/People)
2026-07-22 10:45:02 [cctv2] [INFO] Processing event topic 'tns1:RuleEngine/PeopleDetector/People'. Notification data: {
    'SubscriptionReference': {
        'Address': {
            '_value_1': None,
            '_attr_1': None
        },
        'ReferenceParameters': None,
        'Metadata': None,
        '_value_1': None,
        '_attr_1': None
    },
    'Topic': {
        '_value_1': 'tns1:RuleEngine/PeopleDetector/People',
        'Dialect': 'http://www.onvif.org/ver10/tev/topicExpression/ConcreteSet',
        '_attr_1': {
    }
    },
    'ProducerReference': None,
    'Message': {
        '_value_1': <Element {http://www.onvif.org/ver10/schema}Message at 0x212edfb4480>
    }
}
2026-07-22 10:45:02 [cctv2] [INFO] Parsed XML SimpleItem - Name: 'VideoSourceConfigurationToken', Value: 'vsconf'
2026-07-22 10:45:02 [cctv2] [INFO] Parsed XML SimpleItem - Name: 'VideoAnalyticsConfigurationToken', Value: 'VideoAnalyticsToken'
2026-07-22 10:45:02 [cctv2] [INFO] Parsed XML SimpleItem - Name: 'Rule', Value: 'MyPeopleDetectorRule'
2026-07-22 10:45:02 [cctv2] [INFO] Parsed XML SimpleItem - Name: 'IsPeople', Value: 'false'
2026-07-22 10:45:02 [cctv2] [INFO] Notification received (Topic: tns1:RuleEngine/CellMotionDetector/Motion)
2026-07-22 10:45:02 [cctv2] [INFO] Processing event topic 'tns1:RuleEngine/CellMotionDetector/Motion'. Notification data: {
    'SubscriptionReference': {
        'Address': {
            '_value_1': None,
            '_attr_1': None
        },
        'ReferenceParameters': None,
        'Metadata': None,
        '_value_1': None,
        '_attr_1': None
    },
    'Topic': {
        '_value_1': 'tns1:RuleEngine/CellMotionDetector/Motion',
        'Dialect': 'http://www.onvif.org/ver10/tev/topicExpression/ConcreteSet',
        '_attr_1': {
    }
    },
    'ProducerReference': None,
    'Message': {
        '_value_1': <Element {http://www.onvif.org/ver10/schema}Message at 0x212edfb4d00>
    }
}
2026-07-22 10:45:02 [cctv2] [INFO] Parsed XML SimpleItem - Name: 'VideoSourceConfigurationToken', Value: 'vsconf'
2026-07-22 10:45:02 [cctv2] [INFO] Parsed XML SimpleItem - Name: 'VideoAnalyticsConfigurationToken', Value: 'VideoAnalyticsToken'
2026-07-22 10:45:02 [cctv2] [INFO] Parsed XML SimpleItem - Name: 'Rule', Value: 'MyMotionDetectorRule'
2026-07-22 10:45:02 [cctv2] [INFO] Parsed XML SimpleItem - Name: 'IsMotion', Value: 'true'
2026-07-22 10:45:02 [cctv2] [INFO] ONVIF Motion detected! Analyzing via YOLO...
2026-07-22 10:45:02 [cctv2] [INFO] Starting YOLO trigger check (checking frames over 2.5s)...
2026-07-22 10:45:04 [cctv2] [INFO] YOLO confirmed PERSON at check 1/5 (conf >= 0.35)
2026-07-22 10:45:04 [cctv2] [INFO] Person detected but cooldown active. Skipping screenshot.
2026-07-22 10:45:04 [cctv2] [INFO] Notification received (Topic: tns1:RuleEngine/CellMotionDetector/Motion)
2026-07-22 10:45:04 [cctv2] [INFO] Processing event topic 'tns1:RuleEngine/CellMotionDetector/Motion'. Notification data: {
    'SubscriptionReference': {
        'Address': {
            '_value_1': None,
            '_attr_1': None
        },
        'ReferenceParameters': None,
        'Metadata': None,
        '_value_1': None,
        '_attr_1': None
    },
    'Topic': {
        '_value_1': 'tns1:RuleEngine/CellMotionDetector/Motion',
        'Dialect': 'http://www.onvif.org/ver10/tev/topicExpression/ConcreteSet',
        '_attr_1': {
    }
    },
    'ProducerReference': None,
    'Message': {
        '_value_1': <Element {http://www.onvif.org/ver10/schema}Message at 0x212edfb5e40>
    }
}
2026-07-22 10:45:04 [cctv2] [INFO] Parsed XML SimpleItem - Name: 'VideoSourceConfigurationToken', Value: 'vsconf'
2026-07-22 10:45:04 [cctv2] [INFO] Parsed XML SimpleItem - Name: 'VideoAnalyticsConfigurationToken', Value: 'VideoAnalyticsToken'
2026-07-22 10:45:04 [cctv2] [INFO] Parsed XML SimpleItem - Name: 'Rule', Value: 'MyMotionDetectorRule'
2026-07-22 10:45:04 [cctv2] [INFO] Parsed XML SimpleItem - Name: 'IsMotion', Value: 'true'
2026-07-22 10:45:04 [cctv2] [INFO] ONVIF Motion detected! Analyzing via YOLO...
2026-07-22 10:45:04 [cctv2] [INFO] Starting YOLO trigger check (checking frames over 2.5s)...
2026-07-22 10:45:07 [cctv2] [INFO] YOLO confirmed PERSON at check 1/5 (conf >= 0.35)
2026-07-22 10:45:07 [cctv2] [INFO] Person detected but cooldown active. Skipping screenshot.
2026-07-22 10:45:07 [cctv2] [INFO] Notification received (Topic: tns1:RuleEngine/CellMotionDetector/Motion)
2026-07-22 10:45:07 [cctv2] [INFO] Processing event topic 'tns1:RuleEngine/CellMotionDetector/Motion'. Notification data: {
    'SubscriptionReference': {
        'Address': {
            '_value_1': None,
            '_attr_1': None
        },
        'ReferenceParameters': None,
        'Metadata': None,
        '_value_1': None,
        '_attr_1': None
    },
    'Topic': {
        '_value_1': 'tns1:RuleEngine/CellMotionDetector/Motion',
        'Dialect': 'http://www.onvif.org/ver10/tev/topicExpression/ConcreteSet',
        '_attr_1': {
    }
    },
    'ProducerReference': None,
    'Message': {
        '_value_1': <Element {http://www.onvif.org/ver10/schema}Message at 0x212edfb6940>
    }
}
2026-07-22 10:45:07 [cctv2] [INFO] Parsed XML SimpleItem - Name: 'VideoSourceConfigurationToken', Value: 'vsconf'
2026-07-22 10:45:07 [cctv2] [INFO] Parsed XML SimpleItem - Name: 'VideoAnalyticsConfigurationToken', Value: 'VideoAnalyticsToken'
2026-07-22 10:45:07 [cctv2] [INFO] Parsed XML SimpleItem - Name: 'Rule', Value: 'MyMotionDetectorRule'
2026-07-22 10:45:07 [cctv2] [INFO] Parsed XML SimpleItem - Name: 'IsMotion', Value: 'false'
2026-07-22 10:45:55 [cctv2] [INFO] Notification received (Topic: tns1:RuleEngine/PeopleDetector/People)
2026-07-22 10:45:55 [cctv2] [INFO] Processing event topic 'tns1:RuleEngine/PeopleDetector/People'. Notification data: {
    'SubscriptionReference': {
        'Address': {
            '_value_1': None,
            '_attr_1': None
        },
        'ReferenceParameters': None,
        'Metadata': None,
        '_value_1': None,
        '_attr_1': None
    },
    'Topic': {
        '_value_1': 'tns1:RuleEngine/PeopleDetector/People',
        'Dialect': 'http://www.onvif.org/ver10/tev/topicExpression/ConcreteSet',
        '_attr_1': {
    }
    },
    'ProducerReference': None,
    'Message': {
        '_value_1': <Element {http://www.onvif.org/ver10/schema}Message at 0x212edfb5940>
    }
}
2026-07-22 10:45:55 [cctv2] [INFO] Parsed XML SimpleItem - Name: 'VideoSourceConfigurationToken', Value: 'vsconf'
2026-07-22 10:45:55 [cctv2] [INFO] Parsed XML SimpleItem - Name: 'VideoAnalyticsConfigurationToken', Value: 'VideoAnalyticsToken'
2026-07-22 10:45:55 [cctv2] [INFO] Parsed XML SimpleItem - Name: 'Rule', Value: 'MyPeopleDetectorRule'
2026-07-22 10:45:55 [cctv2] [INFO] Parsed XML SimpleItem - Name: 'IsPeople', Value: 'true'
2026-07-22 10:45:55 [cctv2] [INFO] ONVIF Motion detected! Analyzing via YOLO...
2026-07-22 10:45:55 [cctv2] [INFO] Starting YOLO trigger check (checking frames over 2.5s)...
2026-07-22 10:45:57 [cctv2] [INFO] YOLO confirmed PERSON at check 1/5 (conf >= 0.35)
2026-07-22 10:45:57 [cctv2] [INFO] Screenshot saved: cctv2_auto_20260722_104557.jpg
2026-07-22 10:45:57 [cctv2] [INFO] Notification received (Topic: tns1:RuleEngine/PeopleDetector/People)
2026-07-22 10:45:57 [cctv2] [INFO] Processing event topic 'tns1:RuleEngine/PeopleDetector/People'. Notification data: {
    'SubscriptionReference': {
        'Address': {
            '_value_1': None,
            '_attr_1': None
        },
        'ReferenceParameters': None,
        'Metadata': None,
        '_value_1': None,
        '_attr_1': None
    },
    'Topic': {
        '_value_1': 'tns1:RuleEngine/PeopleDetector/People',
        'Dialect': 'http://www.onvif.org/ver10/tev/topicExpression/ConcreteSet',
        '_attr_1': {
    }
    },
    'ProducerReference': None,
    'Message': {
        '_value_1': <Element {http://www.onvif.org/ver10/schema}Message at 0x212edfb49c0>
    }
}
2026-07-22 10:45:57 [cctv2] [INFO] Parsed XML SimpleItem - Name: 'VideoSourceConfigurationToken', Value: 'vsconf'
2026-07-22 10:45:57 [cctv2] [INFO] Parsed XML SimpleItem - Name: 'VideoAnalyticsConfigurationToken', Value: 'VideoAnalyticsToken'
2026-07-22 10:45:57 [cctv2] [INFO] Parsed XML SimpleItem - Name: 'Rule', Value: 'MyPeopleDetectorRule'
2026-07-22 10:45:57 [cctv2] [INFO] Parsed XML SimpleItem - Name: 'IsPeople', Value: 'false'
2026-07-22 10:46:03 [cctv2] [INFO] Notification received (Topic: tns1:RuleEngine/CellMotionDetector/Motion)
2026-07-22 10:46:03 [cctv2] [INFO] Processing event topic 'tns1:RuleEngine/CellMotionDetector/Motion'. Notification data: {
    'SubscriptionReference': {
        'Address': {
            '_value_1': None,
            '_attr_1': None
        },
        'ReferenceParameters': None,
        'Metadata': None,
        '_value_1': None,
        '_attr_1': None
    },
    'Topic': {
        '_value_1': 'tns1:RuleEngine/CellMotionDetector/Motion',
        'Dialect': 'http://www.onvif.org/ver10/tev/topicExpression/ConcreteSet',
        '_attr_1': {
    }
    },
    'ProducerReference': None,
    'Message': {
        '_value_1': <Element {http://www.onvif.org/ver10/schema}Message at 0x212edfb6700>
    }
}
2026-07-22 10:46:03 [cctv2] [INFO] Parsed XML SimpleItem - Name: 'VideoSourceConfigurationToken', Value: 'vsconf'
2026-07-22 10:46:03 [cctv2] [INFO] Parsed XML SimpleItem - Name: 'VideoAnalyticsConfigurationToken', Value: 'VideoAnalyticsToken'
2026-07-22 10:46:03 [cctv2] [INFO] Parsed XML SimpleItem - Name: 'Rule', Value: 'MyMotionDetectorRule'
2026-07-22 10:46:03 [cctv2] [INFO] Parsed XML SimpleItem - Name: 'IsMotion', Value: 'true'
2026-07-22 10:46:03 [cctv2] [INFO] ONVIF Motion detected! Analyzing via YOLO...
2026-07-22 10:46:03 [cctv2] [INFO] Starting YOLO trigger check (checking frames over 2.5s)...
2026-07-22 10:46:09 [cctv2] [INFO] YOLO check complete: No person detected in any checked frame.
2026-07-22 10:46:09 [cctv2] [INFO] Notification received (Topic: tns1:RuleEngine/CellMotionDetector/Motion)
2026-07-22 10:46:09 [cctv2] [INFO] Processing event topic 'tns1:RuleEngine/CellMotionDetector/Motion'. Notification data: {
    'SubscriptionReference': {
        'Address': {
            '_value_1': None,
            '_attr_1': None
        },
        'ReferenceParameters': None,
        'Metadata': None,
        '_value_1': None,
        '_attr_1': None
    },
    'Topic': {
        '_value_1': 'tns1:RuleEngine/CellMotionDetector/Motion',
        'Dialect': 'http://www.onvif.org/ver10/tev/topicExpression/ConcreteSet',
        '_attr_1': {
    }
    },
    'ProducerReference': None,
    'Message': {
        '_value_1': <Element {http://www.onvif.org/ver10/schema}Message at 0x212edfb7500>
    }
}
2026-07-22 10:46:09 [cctv2] [INFO] Parsed XML SimpleItem - Name: 'VideoSourceConfigurationToken', Value: 'vsconf'
2026-07-22 10:46:09 [cctv2] [INFO] Parsed XML SimpleItem - Name: 'VideoAnalyticsConfigurationToken', Value: 'VideoAnalyticsToken'
2026-07-22 10:46:09 [cctv2] [INFO] Parsed XML SimpleItem - Name: 'Rule', Value: 'MyMotionDetectorRule'
2026-07-22 10:46:09 [cctv2] [INFO] Parsed XML SimpleItem - Name: 'IsMotion', Value: 'false'
2026-07-22 10:46:11 [cctv] [INFO] Notification received (Topic: tns1:RuleEngine/CellMotionDetector/Motion)
2026-07-22 10:46:11 [cctv] [INFO] Processing event topic 'tns1:RuleEngine/CellMotionDetector/Motion'. Notification data: {
    'SubscriptionReference': {
        'Address': {
            '_value_1': None,
            '_attr_1': None
        },
        'ReferenceParameters': None,
        'Metadata': None,
        '_value_1': None,
        '_attr_1': None
    },
    'Topic': {
        '_value_1': 'tns1:RuleEngine/CellMotionDetector/Motion',
        'Dialect': 'http://www.onvif.org/ver10/tev/topicExpression/ConcreteSet',
        '_attr_1': {
    }
    },
    'ProducerReference': None,
    'Message': {
        '_value_1': <Element {http://www.onvif.org/ver10/schema}Message at 0x212edfb7c00>
    }
}
2026-07-22 10:46:11 [cctv] [INFO] Parsed XML SimpleItem - Name: 'VideoSourceConfigurationToken', Value: 'vsconf'
2026-07-22 10:46:11 [cctv] [INFO] Parsed XML SimpleItem - Name: 'VideoAnalyticsConfigurationToken', Value: 'VideoAnalyticsToken'
2026-07-22 10:46:11 [cctv] [INFO] Parsed XML SimpleItem - Name: 'Rule', Value: 'MyMotionDetectorRule'
2026-07-22 10:46:11 [cctv] [INFO] Parsed XML SimpleItem - Name: 'IsMotion', Value: 'true'
2026-07-22 10:46:11 [cctv] [INFO] ONVIF Motion detected! Analyzing via YOLO...
2026-07-22 10:46:11 [cctv] [INFO] Starting YOLO trigger check (checking frames over 2.5s)...
2026-07-22 10:46:13 [cctv] [INFO] YOLO confirmed PERSON at check 1/5 (conf >= 0.35)
2026-07-22 10:46:13 [cctv] [INFO] Screenshot saved: cctv_auto_20260722_104613.jpg
2026-07-22 10:46:13 [cctv] [INFO] Notification received (Topic: tns1:RuleEngine/CellMotionDetector/Motion)
2026-07-22 10:46:13 [cctv] [INFO] Processing event topic 'tns1:RuleEngine/CellMotionDetector/Motion'. Notification data: {
    'SubscriptionReference': {
        'Address': {
            '_value_1': None,
            '_attr_1': None
        },
        'ReferenceParameters': None,
        'Metadata': None,
        '_value_1': None,
        '_attr_1': None
    },
    'Topic': {
        '_value_1': 'tns1:RuleEngine/CellMotionDetector/Motion',
        'Dialect': 'http://www.onvif.org/ver10/tev/topicExpression/ConcreteSet',
        '_attr_1': {
    }
    },
    'ProducerReference': None,
    'Message': {
        '_value_1': <Element {http://www.onvif.org/ver10/schema}Message at 0x212edfafe80>
    }
}
2026-07-22 10:46:13 [cctv] [INFO] Parsed XML SimpleItem - Name: 'VideoSourceConfigurationToken', Value: 'vsconf'
2026-07-22 10:46:13 [cctv] [INFO] Parsed XML SimpleItem - Name: 'VideoAnalyticsConfigurationToken', Value: 'VideoAnalyticsToken'
2026-07-22 10:46:13 [cctv] [INFO] Parsed XML SimpleItem - Name: 'Rule', Value: 'MyMotionDetectorRule'
2026-07-22 10:46:13 [cctv] [INFO] Parsed XML SimpleItem - Name: 'IsMotion', Value: 'false'
